surface_form,entry_type,pinyin,tone,definition,radical,stroke_count,hsk_level,frequency_rank,note
а,word,a,,but,,,,1,Source: RU5000 (v0.1) - RU5000.csv
абсолютно,word,absolyutno,,absolutely,,,,2,Source: RU5000 (v0.1) - RU5000.csv
абсолютный,word,absolyutnyy,,absolute,,,,3,Source: RU5000 (v0.1) - RU5000.csv
август,word,august,,august,,,,4,Source: RU5000 (v0.1) - RU5000.csv
автомобиль,word,avtomobil,,automobile,,,,5,Source: RU5000 (v0.1) - RU5000.csv
автор,word,avtor,,author,,,,6,Source: RU5000 (v0.1) - RU5000.csv
авторитет,word,avtoritet,,authority,,,,7,Source: RU5000 (v0.1) - RU5000.csv
ага,word,aga,,yeah,,,,8,Source: RU5000 (v0.1) - RU5000.csv
адвокат,word,advokat,,advocate,,,,9,Source: RU5000 (v0.1) - RU5000.csv
аж,word,azh,,already,,,,10,Source: RU5000 (v0.1) - RU5000.csv
ай,word,ay,,oh,,,,11,Source: RU5000 (v0.1) - RU5000.csv
аккумулятор,word,akkumulyator,,battery,,,,12,Source: RU5000 (v0.1) - RU5000.csv
аккуратно,word,akkuratno,,carefully,,,,13,Source: RU5000 (v0.1) - RU5000.csv
аккуратный,word,akkuratnyy,,careful,,,,14,Source: RU5000 (v0.1) - RU5000.csv
актер,word,akter,,actor,,,,15,Source: RU5000 (v0.1) - RU5000.csv
активно,word,aktivno,,actively,,,,16,Source: RU5000 (v0.1) - RU5000.csv
активный,word,aktivnyy,,active,,,,17,Source: RU5000 (v0.1) - RU5000.csv
акцент,word,aktsent,,accent,,,,18,Source: RU5000 (v0.1) - RU5000.csv
аллея,word,alleya,,alley,,,,19,Source: RU5000 (v0.1) - RU5000.csv
алый,word,alyj,,scarlet,,,,20,Source: RU5000 (v0.1) - RU5000.csv
американец,word,amerikanets,,american,,,,21,Source: RU5000 (v0.1) - RU5000.csv
американский,word,amerikanskiy,,American,,,,22,Source: RU5000 (v0.1) - RU5000.csv
ангел,word,angel,,angel,,,,23,Source: RU5000 (v0.1) - RU5000.csv
английский,word,angliyskiy,,English,,,,24,Source: RU5000 (v0.1) - RU5000.csv
англичанин,word,anglichanin,,englishman,,,,25,Source: RU5000 (v0.1) - RU5000.csv
Англия,word,angliya,,england,,,,26,Source: RU5000 (v0.1) - RU5000.csv
анекдот,word,anekdot,,joke,,,,27,Source: RU5000 (v0.1) - RU5000.csv
аппетит,word,appetit,,appetite,,,,28,Source: RU5000 (v0.1) - RU5000.csv
апрель,word,aprel',,april,,,,29,Source: RU5000 (v0.1) - RU5000.csv
арестовать,word,arestovat',,to arrest,,,,30,Source: RU5000 (v0.1) - RU5000.csv
армейский,word,armejskij,,army,,,,31,Source: RU5000 (v0.1) - RU5000.csv
асфальт,word,asfal't,,asphalt,,,,32,Source: RU5000 (v0.1) - RU5000.csv
атомный,word,atomnyy,,atomic,,,,33,Source: RU5000 (v0.1) - RU5000.csv
ах,word,akh,,oh,,,,34,Source: RU5000 (v0.1) - RU5000.csv
ахнуть,word,akhnut',,to gasp,,,,35,Source: RU5000 (v0.1) - RU5000.csv
баба,word,baba,,woman,,,,36,Source: RU5000 (v0.1) - RU5000.csv
бабочка,word,babochka,,butterfly,,,,37,Source: RU5000 (v0.1) - RU5000.csv
бабушка,word,babushka,,grandmother,,,,38,Source: RU5000 (v0.1) - RU5000.csv
багровый,word,bagrovyj,,crimson,,,,39,Source: RU5000 (v0.1) - RU5000.csv
бандит,word,bandit,,bandit,,,,40,Source: RU5000 (v0.1) - RU5000.csv
банк,word,bank,,bank,,,,41,Source: RU5000 (v0.1) - RU5000.csv
барак,word,barak,,barracks,,,,42,Source: RU5000 (v0.1) - RU5000.csv
барьер,word,bar'er,,barrier,,,,43,Source: RU5000 (v0.1) - RU5000.csv
бассейн,word,bassejn,,pool,,,,44,Source: RU5000 (v0.1) - RU5000.csv
батарея,word,batareya,,battery,,,,45,Source: RU5000 (v0.1) - RU5000.csv
батюшка,word,batyushka,,father,,,,46,Source: RU5000 (v0.1) - RU5000.csv
башка,word,bashka,,head,,,,47,Source: RU5000 (v0.1) - RU5000.csv
бегать,word,begat',,to run,,,,48,Source: RU5000 (v0.1) - RU5000.csv
бедный,word,bédnyj,,poor,,,,49,Source: RU5000 (v0.1) - RU5000.csv
бедро,word,bedro,,hip,,,,50,Source: RU5000 (v0.1) - RU5000.csv
бежать,word,bezhat',,to run,,,,51,Source: RU5000 (v0.1) - RU5000.csv
без,word,bez,,without,,,,52,Source: RU5000 (v0.1) - RU5000.csv
безнадёжныйбезнадежный,word,beznadjóžnyj,,hopelesshopeless,,,,53,Source: RU5000 (v0.1) - RU5000.csv
безумный,word,bezumnyy,,insane,,,,54,Source: RU5000 (v0.1) - RU5000.csv
безусловно,word,bezuslovno,,undoubtedly,,,,55,Source: RU5000 (v0.1) - RU5000.csv
белый,word,belyj,,white,,,,56,Source: RU5000 (v0.1) - RU5000.csv
белье,word,bel'e,,underwear,,,,57,Source: RU5000 (v0.1) - RU5000.csv
берег,word,bereg,,shore,,,,58,Source: RU5000 (v0.1) - RU5000.csv
беречь,word,berech',,to take care,,,,59,Source: RU5000 (v0.1) - RU5000.csv
берёзабереза,word,beryoza,,birchbirch,,,,60,Source: RU5000 (v0.1) - RU5000.csv
беседовать,word,besedovat',,to chat,,,,61,Source: RU5000 (v0.1) - RU5000.csv
бесконечно,word,beskonechno,,endlessly,,,,62,Source: RU5000 (v0.1) - RU5000.csv
бесконечный,word,beskonechnyy,,endless,,,,63,Source: RU5000 (v0.1) - RU5000.csv
бесплатно,word,besplatno,,for free,,,,64,Source: RU5000 (v0.1) - RU5000.csv
бесплатный,word,besplatnyy,,free,,,,65,Source: RU5000 (v0.1) - RU5000.csv
беспокоить,word,bespokoit',,to bother,,,,66,Source: RU5000 (v0.1) - RU5000.csv
беспокоиться,word,bespokoit'sja,,to worry,,,,67,Source: RU5000 (v0.1) - RU5000.csv
беспокойство,word,bashka,,anxiety,,,,68,Source: RU5000 (v0.1) - RU5000.csv
беспомощный,word,bespómoščnyj,,helpless,,,,69,Source: RU5000 (v0.1) - RU5000.csv
бессмертный,word,bessmertnyy,,immortal,,,,70,Source: RU5000 (v0.1) - RU5000.csv
бессмысленный,word,bessmyslennyj,,nonsensical,,,,71,Source: RU5000 (v0.1) - RU5000.csv
бесшумно,word,besshumno,,silently,,,,72,Source: RU5000 (v0.1) - RU5000.csv
бетонный,word,betonnyy,,concrete,,,,73,Source: RU5000 (v0.1) - RU5000.csv
бешеный,word,béšenyj,,mad,,,,74,Source: RU5000 (v0.1) - RU5000.csv
библиотека,word,biblioteka,,library,,,,75,Source: RU5000 (v0.1) - RU5000.csv
бизнес,word,biznes,,business,,,,76,Source: RU5000 (v0.1) - RU5000.csv
бинокль,word,binokl,,binoculars,,,,77,Source: RU5000 (v0.1) - RU5000.csv
биография,word,biografiya,,biography,,,,78,Source: RU5000 (v0.1) - RU5000.csv
биологический,word,biologicheskiy,,biological,,,,79,Source: RU5000 (v0.1) - RU5000.csv
битва,word,bitva,,battle,,,,80,Source: RU5000 (v0.1) - RU5000.csv
бить,word,bit',,to beat,,,,81,Source: RU5000 (v0.1) - RU5000.csv
биться,word,bit'sja,,to fight,,,,82,Source: RU5000 (v0.1) - RU5000.csv
благодарить,word,blagodarit',,to thank,,,,83,Source: RU5000 (v0.1) - RU5000.csv
благодарность,word,blagodarnost',,gratitude,,,,84,Source: RU5000 (v0.1) - RU5000.csv
благодарный,word,blagodarnyy,,grateful,,,,85,Source: RU5000 (v0.1) - RU5000.csv
благодаря,word,blagodarya,,thanks to,,,,86,Source: RU5000 (v0.1) - RU5000.csv
благополучно,word,blagopoluchno,,safely,,,,87,Source: RU5000 (v0.1) - RU5000.csv
благородный,word,blagorodnyy,,noble,,,,88,Source: RU5000 (v0.1) - RU5000.csv
бледный,word,blednyy,,pale,,,,89,Source: RU5000 (v0.1) - RU5000.csv
блестеть,word,blestet',,to shine,,,,90,Source: RU5000 (v0.1) - RU5000.csv
блестящий,word,blestyashchiy,,brilliant,,,,91,Source: RU5000 (v0.1) - RU5000.csv
ближайший,word,bližajšij,,nearest,,,,92,Source: RU5000 (v0.1) - RU5000.csv
близкий,word,blizkiy,,close,,,,93,Source: RU5000 (v0.1) - RU5000.csv
близко,word,blizko,,close,,,,94,Source: RU5000 (v0.1) - RU5000.csv
блокнот,word,bloknot,,notebook,,,,95,Source: RU5000 (v0.1) - RU5000.csv
блюдо,word,blyudo,,dish,,,,96,Source: RU5000 (v0.1) - RU5000.csv
бог,word,bog,,god,,,,97,Source: RU5000 (v0.1) - RU5000.csv
богатство,word,bogatstvo,,wealth,,,,98,Source: RU5000 (v0.1) - RU5000.csv
богатый,word,bogatyj,,rich,,,,99,Source: RU5000 (v0.1) - RU5000.csv
боевик,word,boevik,,action movie,,,,100,Source: RU5000 (v0.1) - RU5000.csv
боевой,word,boevoy,,combat,,,,101,Source: RU5000 (v0.1) - RU5000.csv
боец,word,boyets,,fighter,,,,102,Source: RU5000 (v0.1) - RU5000.csv
божий,word,Bozhiy,,God's,,,,103,Source: RU5000 (v0.1) - RU5000.csv
боковой,word,bokovoy,,side,,,,104,Source: RU5000 (v0.1) - RU5000.csv
более,word,boleye,,more,,,,105,Source: RU5000 (v0.1) - RU5000.csv
болезненный,word,boléznennyj,,painful,,,,106,Source: RU5000 (v0.1) - RU5000.csv
болеть,word,bolet',,to get sick,,,,107,Source: RU5000 (v0.1) - RU5000.csv
болтать,word,baltat',,to chat,,,,108,Source: RU5000 (v0.1) - RU5000.csv
болтаться,word,boltat'sja,,to hang out,,,,109,Source: RU5000 (v0.1) - RU5000.csv
боль,word,bol',,pain,,,,110,Source: RU5000 (v0.1) - RU5000.csv
больно,word,bolno,,hurt,,,,111,Source: RU5000 (v0.1) - RU5000.csv
больной,word,bol'noy,,sick,,,,112,Source: RU5000 (v0.1) - RU5000.csv
больший,word,bol'shiy,,more,,,,113,Source: RU5000 (v0.1) - RU5000.csv
большой,word,bolshoy,,big,,,,114,Source: RU5000 (v0.1) - RU5000.csv
бормотать,word,barmotat',,to mumble,,,,115,Source: RU5000 (v0.1) - RU5000.csv
борода,word,boroda,,beard,,,,116,Source: RU5000 (v0.1) - RU5000.csv
бороться,word,borot'sya,,to fight,,,,117,Source: RU5000 (v0.1) - RU5000.csv
борт,word,bort,,board,,,,118,Source: RU5000 (v0.1) - RU5000.csv
босой,word,bosoy,,barefoot,,,,119,Source: RU5000 (v0.1) - RU5000.csv
бояться,word,boyat'sya,,to afraid,,,,120,Source: RU5000 (v0.1) - RU5000.csv
брак,word,brak,,marriage,,,,121,Source: RU5000 (v0.1) - RU5000.csv
брат,word,brat,,brother,,,,122,Source: RU5000 (v0.1) - RU5000.csv
брать,word,brat',,to take,,,,123,Source: RU5000 (v0.1) - RU5000.csv
браться,word,brat'sya,,to take on,,,,124,Source: RU5000 (v0.1) - RU5000.csv
брезгливый,word,brezglivyy,,squeamish,,,,125,Source: RU5000 (v0.1) - RU5000.csv
бригадир,word,brigadir,,foreman,,,,126,Source: RU5000 (v0.1) - RU5000.csv
британский,word,britanskiy,,British,,,,127,Source: RU5000 (v0.1) - RU5000.csv
бродить,word,brodit',,to wander,,,,128,Source: RU5000 (v0.1) - RU5000.csv
бросать,word,brosat',,to throw,,,,129,Source: RU5000 (v0.1) - RU5000.csv
бросаться,word,brosat'sya,,to rush,,,,130,Source: RU5000 (v0.1) - RU5000.csv
бросить,word,brosit',,to throw,,,,131,Source: RU5000 (v0.1) - RU5000.csv
броситься,word,brosit'sya,,to rush,,,,132,Source: RU5000 (v0.1) - RU5000.csv
брюки,word,bryuki,,trousers,,,,133,Source: RU5000 (v0.1) - RU5000.csv
брюхо,word,brjuxo,,belly,,,,134,Source: RU5000 (v0.1) - RU5000.csv
будить,word,budit',,to wake up,,,,135,Source: RU5000 (v0.1) - RU5000.csv
будто,word,budto,,as if,,,,136,Source: RU5000 (v0.1) - RU5000.csv
будущий,word,búduščij,,future,,,,137,Source: RU5000 (v0.1) - RU5000.csv
буквально,word,bukvalno,,literally,,,,138,Source: RU5000 (v0.1) - RU5000.csv
бульвар,word,bul'var,,boulevard,,,,139,Source: RU5000 (v0.1) - RU5000.csv
бумага,word,bumaga,,paper,,,,140,Source: RU5000 (v0.1) - RU5000.csv
бумажный,word,bumazhnyy,,paper,,,,141,Source: RU5000 (v0.1) - RU5000.csv
буркнуть,word,burknut',,to mutter,,,,142,Source: RU5000 (v0.1) - RU5000.csv
бурный,word,burnyy,,stormy,,,,143,Source: RU5000 (v0.1) - RU5000.csv
бурый,word,buryy,,brown,,,,144,Source: RU5000 (v0.1) - RU5000.csv
буря,word,burya,,storm,,,,145,Source: RU5000 (v0.1) - RU5000.csv
бы,word,by,,would,,,,146,Source: RU5000 (v0.1) - RU5000.csv
бывать,word,byvat',,to be,,,,147,Source: RU5000 (v0.1) - RU5000.csv
бывший,word,byvshij,,former,,,,148,Source: RU5000 (v0.1) - RU5000.csv
быстро,word,bystro,,fast,,,,149,Source: RU5000 (v0.1) - RU5000.csv
быстрый,word,Bystryj,,fast,,,,150,Source: RU5000 (v0.1) - RU5000.csv
бытие,word,bytie,,being,,,,151,Source: RU5000 (v0.1) - RU5000.csv
быть,word,byt',,to be,,,,152,Source: RU5000 (v0.1) - RU5000.csv
бюджет,word,byudzhet,,budget,,,,153,Source: RU5000 (v0.1) - RU5000.csv
в,word,v,,in,,,,154,Source: RU5000 (v0.1) - RU5000.csv
важно,word,vazhno,,important,,,,155,Source: RU5000 (v0.1) - RU5000.csv
важный,word,vazhnyj,,important,,,,156,Source: RU5000 (v0.1) - RU5000.csv
валенок,word,valenok,,felt boot,,,,157,Source: RU5000 (v0.1) - RU5000.csv
валить,word,valit',,to bring down,,,,158,Source: RU5000 (v0.1) - RU5000.csv
валюта,word,valyuta,,currency,,,,159,Source: RU5000 (v0.1) - RU5000.csv
валяться,word,valyat'sya,,to lie around,,,,160,Source: RU5000 (v0.1) - RU5000.csv
ванна,word,vanna,,bath,,,,161,Source: RU5000 (v0.1) - RU5000.csv
варить,word,varit',,to cook,,,,162,Source: RU5000 (v0.1) - RU5000.csv
ваш,word,vash,,your,,,,163,Source: RU5000 (v0.1) - RU5000.csv
вверх,word,vverkh,,up,,,,164,Source: RU5000 (v0.1) - RU5000.csv
ввести,word,vvesti,,to enter,,,,165,Source: RU5000 (v0.1) - RU5000.csv
вглядываться,word,vglyadyvat'sya,,to peer into,,,,166,Source: RU5000 (v0.1) - RU5000.csv
вдали,word,vdali,,in the distance,,,,167,Source: RU5000 (v0.1) - RU5000.csv
вдвоем,word,vdvoyem,,together,,,,168,Source: RU5000 (v0.1) - RU5000.csv
вдоль,word,vdol',,along,,,,169,Source: RU5000 (v0.1) - RU5000.csv
вдруг,word,vdruk,,suddenly,,,,170,Source: RU5000 (v0.1) - RU5000.csv
ведать,word,vedat',,to know,,,,171,Source: RU5000 (v0.1) - RU5000.csv
ведро,word,vedro,,bucket,,,,172,Source: RU5000 (v0.1) - RU5000.csv
ведь,word,ved',,after all,,,,173,Source: RU5000 (v0.1) - RU5000.csv
ведьма,word,ved'ma,,witch,,,,174,Source: RU5000 (v0.1) - RU5000.csv
вежливо,word,vezhlivo,,politely,,,,175,Source: RU5000 (v0.1) - RU5000.csv
везде,word,vezde,,everywhere,,,,176,Source: RU5000 (v0.1) - RU5000.csv
везти,word,veztí,,to carry,,,,177,Source: RU5000 (v0.1) - RU5000.csv
век,word,vek,,century,,,,178,Source: RU5000 (v0.1) - RU5000.csv
велеть,word,velet',,to command,,,,179,Source: RU5000 (v0.1) - RU5000.csv
великий,word,velikiy,,great,,,,180,Source: RU5000 (v0.1) - RU5000.csv
великолепный,word,velikolepnyy,,fabulous,,,,181,Source: RU5000 (v0.1) - RU5000.csv
вена,word,vspyshka,,vein,,,,182,Source: RU5000 (v0.1) - RU5000.csv
веревка,word,verevka,,rope,,,,183,Source: RU5000 (v0.1) - RU5000.csv
верить,word,verit',,to believe,,,,184,Source: RU5000 (v0.1) - RU5000.csv
верно,word,verno,,right,,,,185,Source: RU5000 (v0.1) - RU5000.csv
вернуть,word,vernútʹ,,to return,,,,186,Source: RU5000 (v0.1) - RU5000.csv
вернуться,word,vernútʹsja,,to return,,,,187,Source: RU5000 (v0.1) - RU5000.csv
верный,word,vérnyj,,loyal,,,,188,Source: RU5000 (v0.1) - RU5000.csv
вероятно,word,veroyatno,,likely,,,,189,Source: RU5000 (v0.1) - RU5000.csv
вероятность,word,veroyatnost',,probability,,,,190,Source: RU5000 (v0.1) - RU5000.csv
вертеться,word,vertet'sya,,to spin,,,,191,Source: RU5000 (v0.1) - RU5000.csv
верх,word,verkh,,top,,,,192,Source: RU5000 (v0.1) - RU5000.csv
верхний,word,verkhniy,,upper,,,,193,Source: RU5000 (v0.1) - RU5000.csv
верховный,word,verkhovnyy,,supreme,,,,194,Source: RU5000 (v0.1) - RU5000.csv
вершина,word,vershina,,vertex,,,,195,Source: RU5000 (v0.1) - RU5000.csv
весело,word,veselo,,funny,,,,196,Source: RU5000 (v0.1) - RU5000.csv
веселый,word,vesjólyj,,funny,,,,197,Source: RU5000 (v0.1) - RU5000.csv
весенний,word,vesenniy,,spring,,,,198,Source: RU5000 (v0.1) - RU5000.csv
весна,word,vesna,,spring,,,,199,Source: RU5000 (v0.1) - RU5000.csv
вести,word,vesti,,to news,,,,200,Source: RU5000 (v0.1) - RU5000.csv
вестись,word,vestis',,to be conducted,,,,201,Source: RU5000 (v0.1) - RU5000.csv
весь,word,ves',,all,,,,202,Source: RU5000 (v0.1) - RU5000.csv
весьма,word,ves'ma,,very,,,,203,Source: RU5000 (v0.1) - RU5000.csv
ветер,word,veter,,wind,,,,204,Source: RU5000 (v0.1) - RU5000.csv
вечер,word,vecher,,evening,,,,205,Source: RU5000 (v0.1) - RU5000.csv
вечерний,word,vecherniy,,evening,,,,206,Source: RU5000 (v0.1) - RU5000.csv
вечно,word,vechno,,forever,,,,207,Source: RU5000 (v0.1) - RU5000.csv
вечный,word,vechnyy,,eternal,,,,208,Source: RU5000 (v0.1) - RU5000.csv
вещий,word,véščij,,prophetic,,,,209,Source: RU5000 (v0.1) - RU5000.csv
вещь,word,vesch,,thing,,,,210,Source: RU5000 (v0.1) - RU5000.csv
взгляд,word,vzglyad,,sight,,,,211,Source: RU5000 (v0.1) - RU5000.csv
взглянуть,word,vzglyanut',,to take a look,,,,212,Source: RU5000 (v0.1) - RU5000.csv
вздохнуть,word,vzdokhnut',,to take a breath,,,,213,Source: RU5000 (v0.1) - RU5000.csv
вздрагивать,word,vzdragivat',,to shudder,,,,214,Source: RU5000 (v0.1) - RU5000.csv
вздрогнуть,word,vzdrognut',,to shudder,,,,215,Source: RU5000 (v0.1) - RU5000.csv
вздыхать,word,vzdykhat,,to sigh,,,,216,Source: RU5000 (v0.1) - RU5000.csv
взлететь,word,vzletet',,to take off,,,,217,Source: RU5000 (v0.1) - RU5000.csv
взрослый,word,vzroslyj,,adult,,,,218,Source: RU5000 (v0.1) - RU5000.csv
взятка,word,vzyatka,,bribe,,,,219,Source: RU5000 (v0.1) - RU5000.csv
взять,word,vzyat',,to take,,,,220,Source: RU5000 (v0.1) - RU5000.csv
взяться,word,vzyat'sya,,to take on,,,,221,Source: RU5000 (v0.1) - RU5000.csv
видать,word,vidat',,to see,,,,222,Source: RU5000 (v0.1) - RU5000.csv
видеть,word,videt',,to see,,,,223,Source: RU5000 (v0.1) - RU5000.csv
видеться,word,videt'sja,,to see,,,,224,Source: RU5000 (v0.1) - RU5000.csv
видимо,word,vidimo,,apparently,,,,225,Source: RU5000 (v0.1) - RU5000.csv
видимый,word,vidimyy,,visible,,,,226,Source: RU5000 (v0.1) - RU5000.csv
виднеться,word,vidnetsya,,to be visible,,,,227,Source: RU5000 (v0.1) - RU5000.csv
видно,word,vidno,,visible,,,,228,Source: RU5000 (v0.1) - RU5000.csv
видный,word,vidnyy,,prominent,,,,229,Source: RU5000 (v0.1) - RU5000.csv
виза,word,visa,,visa,,,,230,Source: RU5000 (v0.1) - RU5000.csv
визг,word,vizg,,squeal,,,,231,Source: RU5000 (v0.1) - RU5000.csv
вина,word,vina,,guilt,,,,232,Source: RU5000 (v0.1) - RU5000.csv
виновато,word,vinovato,,guilty,,,,233,Source: RU5000 (v0.1) - RU5000.csv
виноватый,word,vinovatyj,,guilty,,,,234,Source: RU5000 (v0.1) - RU5000.csv
висеть,word,viset,,to hang,,,,235,Source: RU5000 (v0.1) - RU5000.csv
виски,word,viski,,whiskey,,,,236,Source: RU5000 (v0.1) - RU5000.csv
висок,word,visok,,temple,,,,237,Source: RU5000 (v0.1) - RU5000.csv
вить,word,vit',,to twist,,,,238,Source: RU5000 (v0.1) - RU5000.csv
включать,word,vklyuchat',,to include,,,,239,Source: RU5000 (v0.1) - RU5000.csv
включая,word,vklyuchaya,,including,,,,240,Source: RU5000 (v0.1) - RU5000.csv
включить,word,vklyuchit',,to turn on,,,,241,Source: RU5000 (v0.1) - RU5000.csv
вкусный,word,vkusnyy,,delicious,,,,242,Source: RU5000 (v0.1) - RU5000.csv
владеть,word,vladet',,to own,,,,243,Source: RU5000 (v0.1) - RU5000.csv
влажный,word,vlázhnyj,,wet,,,,244,Source: RU5000 (v0.1) - RU5000.csv
власть,word,vlast',,power,,,,245,Source: RU5000 (v0.1) - RU5000.csv
влево,word,vlevo,,to the left,,,,246,Source: RU5000 (v0.1) - RU5000.csv
влезть,word,vlezt',,to get into,,,,247,Source: RU5000 (v0.1) - RU5000.csv
вложить,word,vlozhit',,to invest,,,,248,Source: RU5000 (v0.1) - RU5000.csv
влюбиться,word,vlyubit'sya,,to fall in love,,,,249,Source: RU5000 (v0.1) - RU5000.csv
влюблённыйвлюбленный,word,vljubljónnyj,,in lovein love,,,,250,Source: RU5000 (v0.1) - RU5000.csv
вместе,word,vmeste,,together,,,,251,Source: RU5000 (v0.1) - RU5000.csv
вместо,word,vmesto,,instead of,,,,252,Source: RU5000 (v0.1) - RU5000.csv
вмешаться,word,vmeshatsya,,to intervene,,,,253,Source: RU5000 (v0.1) - RU5000.csv
вначале,word,vnachale,,at the beginning,,,,254,Source: RU5000 (v0.1) - RU5000.csv
вне,word,vne,,outside,,,,255,Source: RU5000 (v0.1) - RU5000.csv
внезапно,word,vnezapno,,suddenly,,,,256,Source: RU5000 (v0.1) - RU5000.csv
внезапный,word,vnezapnyj,,sudden,,,,257,Source: RU5000 (v0.1) - RU5000.csv
внести,word,vnesti,,to contribute,,,,258,Source: RU5000 (v0.1) - RU5000.csv
внешне,word,vneshne,,externally,,,,259,Source: RU5000 (v0.1) - RU5000.csv
внешний,word,vneshniy,,external,,,,260,Source: RU5000 (v0.1) - RU5000.csv
вниз,word,vniz,,down,,,,261,Source: RU5000 (v0.1) - RU5000.csv
внизу,word,vnizu,,down,,,,262,Source: RU5000 (v0.1) - RU5000.csv
внимание,word,vnimanie,,attention,,,,263,Source: RU5000 (v0.1) - RU5000.csv
внимательно,word,vnimatel'no,,attentively,,,,264,Source: RU5000 (v0.1) - RU5000.csv
внимательный,word,vnimatel'nyy,,attentive,,,,265,Source: RU5000 (v0.1) - RU5000.csv
вновь,word,vnov',,again,,,,266,Source: RU5000 (v0.1) - RU5000.csv
внук,word,vnuk,,grandson,,,,267,Source: RU5000 (v0.1) - RU5000.csv
внутренний,word,vnutrenniy,,interior,,,,268,Source: RU5000 (v0.1) - RU5000.csv
внутри,word,vnutrí,,inside,,,,269,Source: RU5000 (v0.1) - RU5000.csv
внутрь,word,vnutr,,inside,,,,270,Source: RU5000 (v0.1) - RU5000.csv
во,word,vo,,in,,,,271,Source: RU5000 (v0.1) - RU5000.csv
вовремя,word,vovremya,,during,,,,272,Source: RU5000 (v0.1) - RU5000.csv
вовсе,word,vovse,,at all,,,,273,Source: RU5000 (v0.1) - RU5000.csv
водитель,word,voditel',,driver,,,,274,Source: RU5000 (v0.1) - RU5000.csv
водить,word,vodit',,to drive,,,,275,Source: RU5000 (v0.1) - RU5000.csv
водиться,word,voditsya,,to be found,,,,276,Source: RU5000 (v0.1) - RU5000.csv
воевать,word,voevat',,to fight,,,,277,Source: RU5000 (v0.1) - RU5000.csv
военно-,word,voenno-,,military-,,,,278,Source: RU5000 (v0.1) - RU5000.csv
военный,word,voennyj,,military,,,,279,Source: RU5000 (v0.1) - RU5000.csv
возбудить,word,vozbudit,,to excite,,,,280,Source: RU5000 (v0.1) - RU5000.csv
возвращаться,word,vozvrashchat'sya,,to come back,,,,281,Source: RU5000 (v0.1) - RU5000.csv
возвращение,word,vozvraschenie,,return,,,,282,Source: RU5000 (v0.1) - RU5000.csv
воздух,word,vozdukh,,air,,,,283,Source: RU5000 (v0.1) - RU5000.csv
воздушный,word,vozdushnyy,,air,,,,284,Source: RU5000 (v0.1) - RU5000.csv
возить,word,vozit',,to carry,,,,285,Source: RU5000 (v0.1) - RU5000.csv
возиться,word,vozitsya,,to mess around,,,,286,Source: RU5000 (v0.1) - RU5000.csv
возле,word,vozle,,near,,,,287,Source: RU5000 (v0.1) - RU5000.csv
возможно,word,vozmozhno,,maybe,,,,288,Source: RU5000 (v0.1) - RU5000.csv
возможность,word,vozmozhnost',,opportunity,,,,289,Source: RU5000 (v0.1) - RU5000.csv
возможный,word,vozmozhnyy,,possible,,,,290,Source: RU5000 (v0.1) - RU5000.csv
возмутиться,word,vozmutit'sya,,to be indignant,,,,291,Source: RU5000 (v0.1) - RU5000.csv
возникать,word,voznikat',,to arise,,,,292,Source: RU5000 (v0.1) - RU5000.csv
возникновение,word,vosprijátije,,emergence,,,,293,Source: RU5000 (v0.1) - RU5000.csv
возникнуть,word,vozniknut',,to arise,,,,294,Source: RU5000 (v0.1) - RU5000.csv
возражать,word,vozrazhat',,to mind,,,,295,Source: RU5000 (v0.1) - RU5000.csv
возразить,word,vozrazit',,to object,,,,296,Source: RU5000 (v0.1) - RU5000.csv
возраст,word,vozrast,,age,,,,297,Source: RU5000 (v0.1) - RU5000.csv
война,word,voyna,,war,,,,298,Source: RU5000 (v0.1) - RU5000.csv
войти,word,voyti,,to log in,,,,299,Source: RU5000 (v0.1) - RU5000.csv
вокзал,word,vozvraschenie,,railway station,,,,300,Source: RU5000 (v0.1) - RU5000.csv
вокруг,word,vokrug,,around,,,,301,Source: RU5000 (v0.1) - RU5000.csv
волна,word,volna,,wave,,,,302,Source: RU5000 (v0.1) - RU5000.csv
волнение,word,volnenie,,excitement,,,,303,Source: RU5000 (v0.1) - RU5000.csv
волновать,word,volnovatʹ,,to worry,,,,304,Source: RU5000 (v0.1) - RU5000.csv
волноваться,word,volnovat'sja,,to worry,,,,305,Source: RU5000 (v0.1) - RU5000.csv
волос,word,volos,,hair,,,,306,Source: RU5000 (v0.1) - RU5000.csv
волшебный,word,volshebnyy,,magic,,,,307,Source: RU5000 (v0.1) - RU5000.csv
вольный,word,vólʹnyj,,free,,,,308,Source: RU5000 (v0.1) - RU5000.csv
воля,word,volja,,will,,,,309,Source: RU5000 (v0.1) - RU5000.csv
вон,word,von,,out,,,,310,Source: RU5000 (v0.1) - RU5000.csv
вонючий,word,vonyuchiy,,smelly,,,,311,Source: RU5000 (v0.1) - RU5000.csv
воображать,word,voobrazhat',,to imagine,,,,312,Source: RU5000 (v0.1) - RU5000.csv
воображение,word,voobrazhenie,,imagination,,,,313,Source: RU5000 (v0.1) - RU5000.csv
вообще,word,voobshche,,at all,,,,314,Source: RU5000 (v0.1) - RU5000.csv
вооружённый,word,vooruzhyonnyj,,armed,,,,315,Source: RU5000 (v0.1) - RU5000.csv
вопль,word,voplʹ,,scream,,,,316,Source: RU5000 (v0.1) - RU5000.csv
вопреки,word,vopreki,,in spite of,,,,317,Source: RU5000 (v0.1) - RU5000.csv
вопрос,word,vopros,,question,,,,318,Source: RU5000 (v0.1) - RU5000.csv
ворваться,word,vorvat'sya,,to burst in,,,,319,Source: RU5000 (v0.1) - RU5000.csv
воробей,word,vorobey,,sparrow,,,,320,Source: RU5000 (v0.1) - RU5000.csv
воровать,word,vorovat',,to steal,,,,321,Source: RU5000 (v0.1) - RU5000.csv
ворчать,word,vorchat',,to grumble,,,,322,Source: RU5000 (v0.1) - RU5000.csv
восемнадцать,word,vosemnádtsat',,eighteen,,,,323,Source: RU5000 (v0.1) - RU5000.csv
восемь,word,vósem',,eight,,,,324,Source: RU5000 (v0.1) - RU5000.csv
восемьдесят,word,vósemʹdesjat,,eighty,,,,325,Source: RU5000 (v0.1) - RU5000.csv
воскликнуть,word,voskliknut',,to exclaim,,,,326,Source: RU5000 (v0.1) - RU5000.csv
воспитывать,word,vospítyvatʹ,,to bring up,,,,327,Source: RU5000 (v0.1) - RU5000.csv
воспользоваться,word,vospol'zovat'sya,,to take advantage of,,,,328,Source: RU5000 (v0.1) - RU5000.csv
воспринимать,word,vosprinimat',,to perceive,,,,329,Source: RU5000 (v0.1) - RU5000.csv
восстановить,word,vosstanovítʹ,,to restore,,,,330,Source: RU5000 (v0.1) - RU5000.csv
восстановление,word,vosstanovleniye,,recovery,,,,331,Source: RU5000 (v0.1) - RU5000.csv
восторг,word,vostorg,,delight,,,,332,Source: RU5000 (v0.1) - RU5000.csv
восточный,word,vostochnyy,,Oriental,,,,333,Source: RU5000 (v0.1) - RU5000.csv
восьмой,word,vosʹmój,,eighth,,,,334,Source: RU5000 (v0.1) - RU5000.csv
вот,word,vot,,here,,,,335,Source: RU5000 (v0.1) - RU5000.csv
впервые,word,vpervye,,for the first time,,,,336,Source: RU5000 (v0.1) - RU5000.csv
вперед,word,vperyod,,forward,,,,337,Source: RU5000 (v0.1) - RU5000.csv
впереди,word,vperedi,,ahead,,,,338,Source: RU5000 (v0.1) - RU5000.csv
вплотную,word,vplotnuyu,,close,,,,339,Source: RU5000 (v0.1) - RU5000.csv
вплоть,word,vplot',,right up to,,,,340,Source: RU5000 (v0.1) - RU5000.csv
вполголоса,word,vpolgolosa,,in a low voice,,,,341,Source: RU5000 (v0.1) - RU5000.csv
вполне,word,vpolne,,quite,,,,342,Source: RU5000 (v0.1) - RU5000.csv
впоследствии,word,vposledstvii,,subsequently,,,,343,Source: RU5000 (v0.1) - RU5000.csv
вправду,word,vpravdu,,really,,,,344,Source: RU5000 (v0.1) - RU5000.csv
вправо,word,vpravo,,to the right,,,,345,Source: RU5000 (v0.1) - RU5000.csv
впрочем,word,vprochem,,however,,,,346,Source: RU5000 (v0.1) - RU5000.csv
впрямь,word,vpryam',,really,,,,347,Source: RU5000 (v0.1) - RU5000.csv
враг,word,vrag,,enemy,,,,348,Source: RU5000 (v0.1) - RU5000.csv
врать,word,vrat',,to lie,,,,349,Source: RU5000 (v0.1) - RU5000.csv
врач,word,vrach,,doctor,,,,350,Source: RU5000 (v0.1) - RU5000.csv
вредный,word,vrednyy,,harmful,,,,351,Source: RU5000 (v0.1) - RU5000.csv
временный,word,vremennyy,,temporary,,,,352,Source: RU5000 (v0.1) - RU5000.csv
время,word,vremya,,time,,,,353,Source: RU5000 (v0.1) - RU5000.csv
вроде,word,vrode,,like,,,,354,Source: RU5000 (v0.1) - RU5000.csv
вряд,word,vryad,,unlikely,,,,355,Source: RU5000 (v0.1) - RU5000.csv
всадник,word,vsadnik,,rider,,,,356,Source: RU5000 (v0.1) - RU5000.csv
всегда,word,vsegda,,always,,,,357,Source: RU5000 (v0.1) - RU5000.csv
всеобщий,word,vseobshchiy,,general,,,,358,Source: RU5000 (v0.1) - RU5000.csv
всерьез,word,vseryoz,,seriously,,,,359,Source: RU5000 (v0.1) - RU5000.csv
вскакивать,word,vskakivat',,to jump,,,,360,Source: RU5000 (v0.1) - RU5000.csv
вскинуть,word,vskinut',,to throw up,,,,361,Source: RU5000 (v0.1) - RU5000.csv
вскоре,word,vskore,,soon,,,,362,Source: RU5000 (v0.1) - RU5000.csv
вскочить,word,vskochit',,to jump,,,,363,Source: RU5000 (v0.1) - RU5000.csv
вскрикнуть,word,vskriknut',,to scream,,,,364,Source: RU5000 (v0.1) - RU5000.csv
вскричать,word,vskričat',,to scream,,,,365,Source: RU5000 (v0.1) - RU5000.csv
вслед,word,vsled,,following,,,,366,Source: RU5000 (v0.1) - RU5000.csv
вследствие,word,vsledstvie,,as a result,,,,367,Source: RU5000 (v0.1) - RU5000.csv
вслух,word,vslukh,,aloud,,,,368,Source: RU5000 (v0.1) - RU5000.csv
вспоминать,word,vspominat',,to recall,,,,369,Source: RU5000 (v0.1) - RU5000.csv
вспомнить,word,vspomnit',,to recall,,,,370,Source: RU5000 (v0.1) - RU5000.csv
вспыхивать,word,vspykhivat',,to flare,,,,371,Source: RU5000 (v0.1) - RU5000.csv
вспыхнуть,word,vspykhnut',,to flare up,,,,372,Source: RU5000 (v0.1) - RU5000.csv
вставать,word,fstavat',,to get up,,,,373,Source: RU5000 (v0.1) - RU5000.csv
вставить,word,vstavit',,to insert,,,,374,Source: RU5000 (v0.1) - RU5000.csv
встать,word,vstat',,to stand up,,,,375,Source: RU5000 (v0.1) - RU5000.csv
встретить,word,vstretit',,to meet,,,,376,Source: RU5000 (v0.1) - RU5000.csv
встретиться,word,vstretit'sya,,to meet,,,,377,Source: RU5000 (v0.1) - RU5000.csv
встреча,word,vstrecha,,meeting,,,,378,Source: RU5000 (v0.1) - RU5000.csv
встречать,word,vstrechat',,to meet,,,,379,Source: RU5000 (v0.1) - RU5000.csv
встречаться,word,vstrechat'sya,,to meet,,,,380,Source: RU5000 (v0.1) - RU5000.csv
встречный,word,vstrechnyy,,counter,,,,381,Source: RU5000 (v0.1) - RU5000.csv
вступать,word,vstupat',,to join,,,,382,Source: RU5000 (v0.1) - RU5000.csv
вступить,word,vstupit',,to join,,,,383,Source: RU5000 (v0.1) - RU5000.csv
всюду,word,vsyudu,,everywhere,,,,384,Source: RU5000 (v0.1) - RU5000.csv
всякая,word,vsyakaya,,all sorts,,,,385,Source: RU5000 (v0.1) - RU5000.csv
всякий,word,vsjakij,,any,,,,386,Source: RU5000 (v0.1) - RU5000.csv
всякое,word,vsyakoye,,all sorts of things,,,,387,Source: RU5000 (v0.1) - RU5000.csv
второй,word,vtorój,,second,,,,388,Source: RU5000 (v0.1) - RU5000.csv
входить,word,vkhodit',,to enter,,,,389,Source: RU5000 (v0.1) - RU5000.csv
вцепиться,word,vtsepit'sya,,to cling to,,,,390,Source: RU5000 (v0.1) - RU5000.csv
вчера,word,vchera,,yesterday,,,,391,Source: RU5000 (v0.1) - RU5000.csv
вчерашний,word,vcherashniy,,yesterday's,,,,392,Source: RU5000 (v0.1) - RU5000.csv
вы,word,vy,,you,,,,393,Source: RU5000 (v0.1) - RU5000.csv
выбежать,word,vybezhat',,to run out,,,,394,Source: RU5000 (v0.1) - RU5000.csv
выбирать,word,vybirat',,to choose,,,,395,Source: RU5000 (v0.1) - RU5000.csv
выбить,word,vybit',,to knock out,,,,396,Source: RU5000 (v0.1) - RU5000.csv
выбор,word,vybor,,choice,,,,397,Source: RU5000 (v0.1) - RU5000.csv
выбрать,word,vybrat',,to choose,,,,398,Source: RU5000 (v0.1) - RU5000.csv
выбраться,word,vybrat'sya,,to get out,,,,399,Source: RU5000 (v0.1) - RU5000.csv
выбросить,word,vybrosit',,to throw away,,,,400,Source: RU5000 (v0.1) - RU5000.csv
вывести,word,vyvesti,,to withdraw,,,,401,Source: RU5000 (v0.1) - RU5000.csv
выводить,word,vyvodit',,to output,,,,402,Source: RU5000 (v0.1) - RU5000.csv
выглядеть,word,výgljadetʹ,,to look,,,,403,Source: RU5000 (v0.1) - RU5000.csv
выглянуть,word,vyglyanut',,to look out,,,,404,Source: RU5000 (v0.1) - RU5000.csv
выгнать,word,vygnat',,to kick out,,,,405,Source: RU5000 (v0.1) - RU5000.csv
выдавать,word,vydavat',,to issue,,,,406,Source: RU5000 (v0.1) - RU5000.csv
выдать,word,vydat',,to issue,,,,407,Source: RU5000 (v0.1) - RU5000.csv
выдающийся,word,vydayushchiysya,,outstanding,,,,408,Source: RU5000 (v0.1) - RU5000.csv
выделить,word,vydelit',,to highlight,,,,409,Source: RU5000 (v0.1) - RU5000.csv
выделяться,word,vydelyat'sya,,to stand out,,,,410,Source: RU5000 (v0.1) - RU5000.csv
выдержать,word,vyderzhat',,to endure,,,,411,Source: RU5000 (v0.1) - RU5000.csv
выдумать,word,vydumat',,to invent,,,,412,Source: RU5000 (v0.1) - RU5000.csv
выехать,word,vyjexat,,to leave,,,,413,Source: RU5000 (v0.1) - RU5000.csv
выжить,word,vyzhit,,to survive,,,,414,Source: RU5000 (v0.1) - RU5000.csv
вызвать,word,vyzvat',,to call,,,,415,Source: RU5000 (v0.1) - RU5000.csv
вызов,word,vyzov,,call,,,,416,Source: RU5000 (v0.1) - RU5000.csv
вызывать,word,vyzyvat',,to call,,,,417,Source: RU5000 (v0.1) - RU5000.csv
выиграть,word,vyigrat',,to win,,,,418,Source: RU5000 (v0.1) - RU5000.csv
выйти,word,vyyti,,to go out,,,,419,Source: RU5000 (v0.1) - RU5000.csv
выкинуть,word,vykinut',,to throw out,,,,420,Source: RU5000 (v0.1) - RU5000.csv
выключить,word,vyklyuchit',,to turn off,,,,421,Source: RU5000 (v0.1) - RU5000.csv
вылезать,word,vylezat',,to get out,,,,422,Source: RU5000 (v0.1) - RU5000.csv
вылезть,word,výleztʹ,,to get out,,,,423,Source: RU5000 (v0.1) - RU5000.csv
вылететь,word,vyletet',,to fly out,,,,424,Source: RU5000 (v0.1) - RU5000.csv
выложить,word,vylozhit',,to lay out,,,,425,Source: RU5000 (v0.1) - RU5000.csv
вынести,word,vynesti,,to take out,,,,426,Source: RU5000 (v0.1) - RU5000.csv
вынимать,word,vynimat',,to take out,,,,427,Source: RU5000 (v0.1) - RU5000.csv
выносить,word,vynosit',,to take out,,,,428,Source: RU5000 (v0.1) - RU5000.csv
вынужденный,word,výnuždennyj,,compelled,,,,429,Source: RU5000 (v0.1) - RU5000.csv
вынуть,word,vynut,,to take out,,,,430,Source: RU5000 (v0.1) - RU5000.csv
выпасть,word,vypast',,to fall out,,,,431,Source: RU5000 (v0.1) - RU5000.csv
выпивать,word,vypivat',,to drink,,,,432,Source: RU5000 (v0.1) - RU5000.csv
выпилить,word,vypilit',,to saw out,,,,433,Source: RU5000 (v0.1) - RU5000.csv
выпить,word,vypit',,to have a drink,,,,434,Source: RU5000 (v0.1) - RU5000.csv
выполнить,word,vypolnit',,to execute,,,,435,Source: RU5000 (v0.1) - RU5000.csv
выполнять,word,vypolnyat',,to fulfill,,,,436,Source: RU5000 (v0.1) - RU5000.csv
выпрямиться,word,vypryamitsya,,to straighten up,,,,437,Source: RU5000 (v0.1) - RU5000.csv
выпускать,word,vypuskátʹ,,to release,,,,438,Source: RU5000 (v0.1) - RU5000.csv
выпустить,word,vypustit',,to release,,,,439,Source: RU5000 (v0.1) - RU5000.csv
выражать,word,vyrazhat',,to express,,,,440,Source: RU5000 (v0.1) - RU5000.csv
выражаться,word,vyrazhat'sya,,to express oneself,,,,441,Source: RU5000 (v0.1) - RU5000.csv
выраженный,word,vyrazhennyy,,expressed,,,,442,Source: RU5000 (v0.1) - RU5000.csv
выразить,word,vyrazit',,to express,,,,443,Source: RU5000 (v0.1) - RU5000.csv
выразиться,word,vyrazit'sya,,to express oneself,,,,444,Source: RU5000 (v0.1) - RU5000.csv
вырасти,word,vyrasti,,to grow up,,,,445,Source: RU5000 (v0.1) - RU5000.csv
вырвать,word,vyrvat',,to tear out,,,,446,Source: RU5000 (v0.1) - RU5000.csv
вырваться,word,vyrvat'sya,,to break out,,,,447,Source: RU5000 (v0.1) - RU5000.csv
вырезать,word,vyrezat',,to cut out,,,,448,Source: RU5000 (v0.1) - RU5000.csv
высказать,word,vyskazat',,to express,,,,449,Source: RU5000 (v0.1) - RU5000.csv
выскочить,word,vyskochit',,to jump out,,,,450,Source: RU5000 (v0.1) - RU5000.csv
выслать,word,vyslat',,to send,,,,451,Source: RU5000 (v0.1) - RU5000.csv
выслушать,word,vyslushat',,to listen,,,,452,Source: RU5000 (v0.1) - RU5000.csv
высокий,word,vysokiy,,high,,,,453,Source: RU5000 (v0.1) - RU5000.csv
высоко,word,vysoko,,high,,,,454,Source: RU5000 (v0.1) - RU5000.csv
выставить,word,vystavit',,to put up,,,,455,Source: RU5000 (v0.1) - RU5000.csv
выставка,word,vystavka,,exhibition,,,,456,Source: RU5000 (v0.1) - RU5000.csv
выстрелить,word,vystrelit',,to shoot,,,,457,Source: RU5000 (v0.1) - RU5000.csv
выступать,word,vystupat',,to perform,,,,458,Source: RU5000 (v0.1) - RU5000.csv
выступить,word,vystupit',,to perform,,,,459,Source: RU5000 (v0.1) - RU5000.csv
высунуться,word,vysunut'sya,,to stick out,,,,460,Source: RU5000 (v0.1) - RU5000.csv
высший,word,vysshiy,,higher,,,,461,Source: RU5000 (v0.1) - RU5000.csv
вытаскивать,word,vytaskivat',,to pull out,,,,462,Source: RU5000 (v0.1) - RU5000.csv
вытащить,word,vytaščit',,to pull out,,,,463,Source: RU5000 (v0.1) - RU5000.csv
вытереть,word,vyteret',,to wipe,,,,464,Source: RU5000 (v0.1) - RU5000.csv
вытирать,word,vytirat,,to wipe,,,,465,Source: RU5000 (v0.1) - RU5000.csv
вытянуть,word,vytyanut',,to pull out,,,,466,Source: RU5000 (v0.1) - RU5000.csv
вытянуться,word,vytyanut'sya,,to stretch out,,,,467,Source: RU5000 (v0.1) - RU5000.csv
выхватить,word,vykhvatit',,to snatch,,,,468,Source: RU5000 (v0.1) - RU5000.csv
выходить,word,vykhodit',,to go out,,,,469,Source: RU5000 (v0.1) - RU5000.csv
выходной,word,vykhodnoy,,day off,,,,470,Source: RU5000 (v0.1) - RU5000.csv
выше,word,vyshe,,higher,,,,471,Source: RU5000 (v0.1) - RU5000.csv
выяснить,word,vyyasnit',,to find out,,,,472,Source: RU5000 (v0.1) - RU5000.csv
выясниться,word,vyjasnitsja,,to become clear,,,,473,Source: RU5000 (v0.1) - RU5000.csv
гад,word,gad,,bastard,,,,474,Source: RU5000 (v0.1) - RU5000.csv
газ,word,gaz,,gas,,,,475,Source: RU5000 (v0.1) - RU5000.csv
газета,word,gazeta,,newspaper,,,,476,Source: RU5000 (v0.1) - RU5000.csv
газетный,word,gazetnyj,,newspaper,,,,477,Source: RU5000 (v0.1) - RU5000.csv
гараж,word,garage,,garage,,,,478,Source: RU5000 (v0.1) - RU5000.csv
гвоздь,word,gvozd,,nail,,,,479,Source: RU5000 (v0.1) - RU5000.csv
где,word,gde,,where,,,,480,Source: RU5000 (v0.1) - RU5000.csv
генерал,word,general,,general,,,,481,Source: RU5000 (v0.1) - RU5000.csv
генеральный,word,generalnyy,,general,,,,482,Source: RU5000 (v0.1) - RU5000.csv
гениальный,word,genialnyy,,brilliant,,,,483,Source: RU5000 (v0.1) - RU5000.csv
Германия,word,Germaniya,,germany,,,,484,Source: RU5000 (v0.1) - RU5000.csv
германский,word,germanskiy,,German,,,,485,Source: RU5000 (v0.1) - RU5000.csv
герой,word,geroy,,hero,,,,486,Source: RU5000 (v0.1) - RU5000.csv
гибель,word,gibel',,death,,,,487,Source: RU5000 (v0.1) - RU5000.csv
гигантский,word,gigantskiy,,giant,,,,488,Source: RU5000 (v0.1) - RU5000.csv
главный,word,glavnyy,,main,,,,489,Source: RU5000 (v0.1) - RU5000.csv
гладить,word,gladit',,to iron,,,,490,Source: RU5000 (v0.1) - RU5000.csv
гладкий,word,gladkiy,,smooth,,,,491,Source: RU5000 (v0.1) - RU5000.csv
глубокий,word,glubokij,,deep,,,,492,Source: RU5000 (v0.1) - RU5000.csv
глубоко,word,gluboko,,deep,,,,493,Source: RU5000 (v0.1) - RU5000.csv
глупо,word,glupo,,stupid,,,,494,Source: RU5000 (v0.1) - RU5000.csv
глупый,word,glupyy,,silly,,,,495,Source: RU5000 (v0.1) - RU5000.csv
глухо,word,glukho,,deafly,,,,496,Source: RU5000 (v0.1) - RU5000.csv
глухой,word,gluhoy,,deaf,,,,497,Source: RU5000 (v0.1) - RU5000.csv
глядеть,word,glyadet',,to look,,,,498,Source: RU5000 (v0.1) - RU5000.csv
глянуть,word,glyanut',,to take a look,,,,499,Source: RU5000 (v0.1) - RU5000.csv
гнать,word,gnat',,to drive,,,,500,Source: RU5000 (v0.1) - RU5000.csv
гнездо,word,gnezdo,,nest,,,,501,Source: RU5000 (v0.1) - RU5000.csv
гном,word,gnom,,dwarf,,,,502,Source: RU5000 (v0.1) - RU5000.csv
говорить,word,govorit',,to speak,,,,503,Source: RU5000 (v0.1) - RU5000.csv
говориться,word,govoritsya,,to it is said,,,,504,Source: RU5000 (v0.1) - RU5000.csv
годиться,word,goditsya,,to be good enough,,,,505,Source: RU5000 (v0.1) - RU5000.csv
головной,word,golovnoy,,head,,,,506,Source: RU5000 (v0.1) - RU5000.csv
голодный,word,golodnyy,,hungry,,,,507,Source: RU5000 (v0.1) - RU5000.csv
голос,word,golos,,voice,,,,508,Source: RU5000 (v0.1) - RU5000.csv
голубой,word,goluboy,,blue,,,,509,Source: RU5000 (v0.1) - RU5000.csv
голый,word,golyj,,naked,,,,510,Source: RU5000 (v0.1) - RU5000.csv
гонять,word,gonyat',,to drive,,,,511,Source: RU5000 (v0.1) - RU5000.csv
гораздо,word,gorazdo,,much,,,,512,Source: RU5000 (v0.1) - RU5000.csv
гордиться,word,gorditsya,,to be proud,,,,513,Source: RU5000 (v0.1) - RU5000.csv
гордо,word,gordo,,proudly,,,,514,Source: RU5000 (v0.1) - RU5000.csv
гордый,word,gordyy,,proud,,,,515,Source: RU5000 (v0.1) - RU5000.csv
гореть,word,goret',,to burn,,,,516,Source: RU5000 (v0.1) - RU5000.csv
горечь,word,gorech,,bitterness,,,,517,Source: RU5000 (v0.1) - RU5000.csv
горизонт,word,gorizont,,horizon,,,,518,Source: RU5000 (v0.1) - RU5000.csv
горный,word,gornyj,,mountain,,,,519,Source: RU5000 (v0.1) - RU5000.csv
город,word,gorod,,city,,,,520,Source: RU5000 (v0.1) - RU5000.csv
городской,word,gorodskoj,,urban,,,,521,Source: RU5000 (v0.1) - RU5000.csv
горький,word,gor'kiy,,bitter,,,,522,Source: RU5000 (v0.1) - RU5000.csv
горько,word,gor'ko,,bitterly,,,,523,Source: RU5000 (v0.1) - RU5000.csv
горячий,word,gorjáčij,,hot,,,,524,Source: RU5000 (v0.1) - RU5000.csv
госпиталь,word,gospital',,hospital,,,,525,Source: RU5000 (v0.1) - RU5000.csv
господи,word,gospodi,,God,,,,526,Source: RU5000 (v0.1) - RU5000.csv
гость,word,gost',,guest,,,,527,Source: RU5000 (v0.1) - RU5000.csv
государственный,word,gosudarstvennyy,,state,,,,528,Source: RU5000 (v0.1) - RU5000.csv
государь,word,gosudarʹ,,sovereign,,,,529,Source: RU5000 (v0.1) - RU5000.csv
готовить,word,gotovit',,to prepare,,,,530,Source: RU5000 (v0.1) - RU5000.csv
готовиться,word,gotovit'sja,,to get ready,,,,531,Source: RU5000 (v0.1) - RU5000.csv
готовность,word,gotovnost',,readiness,,,,532,Source: RU5000 (v0.1) - RU5000.csv
готовый,word,gotovyj,,ready,,,,533,Source: RU5000 (v0.1) - RU5000.csv
градус,word,gradus,,degree,,,,534,Source: RU5000 (v0.1) - RU5000.csv
гражданский,word,graždánskij,,civil,,,,535,Source: RU5000 (v0.1) - RU5000.csv
грамм,word,gram,,gram,,,,536,Source: RU5000 (v0.1) - RU5000.csv
графа,word,grafa,,count,,,,537,Source: RU5000 (v0.1) - RU5000.csv
греметь,word,gremet',,to thunder,,,,538,Source: RU5000 (v0.1) - RU5000.csv
гроб,word,grob,,coffin,,,,539,Source: RU5000 (v0.1) - RU5000.csv
грозить,word,grozit',,to threaten,,,,540,Source: RU5000 (v0.1) - RU5000.csv
грозный,word,groznyy,,formidable,,,,541,Source: RU5000 (v0.1) - RU5000.csv
громадный,word,gromadnyy,,huge,,,,542,Source: RU5000 (v0.1) - RU5000.csv
громкий,word,gromkiy,,loud,,,,543,Source: RU5000 (v0.1) - RU5000.csv
громко,word,gromko,,loud,,,,544,Source: RU5000 (v0.1) - RU5000.csv
грохот,word,grokhot,,bolt,,,,545,Source: RU5000 (v0.1) - RU5000.csv
грубо,word,grubo,,rough,,,,546,Source: RU5000 (v0.1) - RU5000.csv
грубый,word,grubyj,,rude,,,,547,Source: RU5000 (v0.1) - RU5000.csv
грудь,word,grud',,breast,,,,548,Source: RU5000 (v0.1) - RU5000.csv
группа,word,gruppa,,group,,,,549,Source: RU5000 (v0.1) - RU5000.csv
грустно,word,grustno,,sad,,,,550,Source: RU5000 (v0.1) - RU5000.csv
грустный,word,grustnyy,,sad,,,,551,Source: RU5000 (v0.1) - RU5000.csv
грязно,word,gryazno,,dirty,,,,552,Source: RU5000 (v0.1) - RU5000.csv
грязный,word,grjáznyj,,filthy,,,,553,Source: RU5000 (v0.1) - RU5000.csv
губа,word,guba,,lip,,,,554,Source: RU5000 (v0.1) - RU5000.csv
гудеть,word,gudet',,to hum,,,,555,Source: RU5000 (v0.1) - RU5000.csv
гулять,word,gulyat',,to walk,,,,556,Source: RU5000 (v0.1) - RU5000.csv
густо,word,gusto,,thick,,,,557,Source: RU5000 (v0.1) - RU5000.csv
густой,word,gustój,,thick,,,,558,Source: RU5000 (v0.1) - RU5000.csv
да,word,da,,yes,,,,559,Source: RU5000 (v0.1) - RU5000.csv
давать,word,davat',,to give,,,,560,Source: RU5000 (v0.1) - RU5000.csv
даваться,word,davatsya,,to be given,,,,561,Source: RU5000 (v0.1) - RU5000.csv
давить,word,davit',,to press,,,,562,Source: RU5000 (v0.1) - RU5000.csv
давление,word,davlenije,,pressure,,,,563,Source: RU5000 (v0.1) - RU5000.csv
давний,word,davniy,,long-standing,,,,564,Source: RU5000 (v0.1) - RU5000.csv
давно,word,davno,,for a long time,,,,565,Source: RU5000 (v0.1) - RU5000.csv
даже,word,dazhe,,even,,,,566,Source: RU5000 (v0.1) - RU5000.csv
далее,word,dalee,,further,,,,567,Source: RU5000 (v0.1) - RU5000.csv
далеко,word,daleko,,far,,,,568,Source: RU5000 (v0.1) - RU5000.csv
дальнейший,word,dal'neyshiy,,further,,,,569,Source: RU5000 (v0.1) - RU5000.csv
дальний,word,dal'nij,,further,,,,570,Source: RU5000 (v0.1) - RU5000.csv
далёкий,word,dalyokiy,,far,,,,571,Source: RU5000 (v0.1) - RU5000.csv
данный,word,dannyj,,given,,,,572,Source: RU5000 (v0.1) - RU5000.csv
дать,word,dat',,to give,,,,573,Source: RU5000 (v0.1) - RU5000.csv
дача,word,dacha,,country house,,,,574,Source: RU5000 (v0.1) - RU5000.csv
два,word,dva,,two,,,,575,Source: RU5000 (v0.1) - RU5000.csv
двадцатый,word,dvadcátyj,,twentieth,,,,576,Source: RU5000 (v0.1) - RU5000.csv
двадцать,word,dvádcatʹ,,twenty,,,,577,Source: RU5000 (v0.1) - RU5000.csv
дважды,word,dvazhdy,,twice,,,,578,Source: RU5000 (v0.1) - RU5000.csv
двенадцать,word,dvenádcat',,twelve,,,,579,Source: RU5000 (v0.1) - RU5000.csv
дверь,word,dver',,door,,,,580,Source: RU5000 (v0.1) - RU5000.csv
двести,word,dvesti,,two hundred,,,,581,Source: RU5000 (v0.1) - RU5000.csv
двигатель,word,doklad,,engine,,,,582,Source: RU5000 (v0.1) - RU5000.csv
двигаться,word,dvinut'sya,,to move,,,,583,Source: RU5000 (v0.1) - RU5000.csv
двинуться,word,dvinut'sya,,to move,,,,584,Source: RU5000 (v0.1) - RU5000.csv
двое,word,dvoe,,two,,,,585,Source: RU5000 (v0.1) - RU5000.csv
двойной,word,dvoynoy,,double,,,,586,Source: RU5000 (v0.1) - RU5000.csv
двор,word,dvor,,yard,,,,587,Source: RU5000 (v0.1) - RU5000.csv
де,word,de,,where,,,,588,Source: RU5000 (v0.1) - RU5000.csv
девушка,word,devushka,,young woman,,,,589,Source: RU5000 (v0.1) - RU5000.csv
девятый,word,devjátyj,,ninth,,,,590,Source: RU5000 (v0.1) - RU5000.csv
девять,word,dévjatʹ,,nine,,,,591,Source: RU5000 (v0.1) - RU5000.csv
дед,word,ded,,grandfather,,,,592,Source: RU5000 (v0.1) - RU5000.csv
дежурить,word,dezhurit',,to be on duty,,,,593,Source: RU5000 (v0.1) - RU5000.csv
дежурный,word,dezhurnyy,,duty,,,,594,Source: RU5000 (v0.1) - RU5000.csv
действие,word,dejstvie,,action,,,,595,Source: RU5000 (v0.1) - RU5000.csv
действительно,word,deystvitel'no,,really,,,,596,Source: RU5000 (v0.1) - RU5000.csv
действительность,word,dejstvitelnost,,reality,,,,597,Source: RU5000 (v0.1) - RU5000.csv
действовать,word,deistvovat',,to act,,,,598,Source: RU5000 (v0.1) - RU5000.csv
действующий,word,deystvuyushchiy,,current,,,,599,Source: RU5000 (v0.1) - RU5000.csv
декабрь,word,doroga,,december,,,,600,Source: RU5000 (v0.1) - RU5000.csv
делать,word,delat',,to do,,,,601,Source: RU5000 (v0.1) - RU5000.csv
делаться,word,delat'sja,,to make,,,,602,Source: RU5000 (v0.1) - RU5000.csv
делить,word,delit',,to divide,,,,603,Source: RU5000 (v0.1) - RU5000.csv
делиться,word,delit'sja,,to share,,,,604,Source: RU5000 (v0.1) - RU5000.csv
дело,word,delo,,case,,,,605,Source: RU5000 (v0.1) - RU5000.csv
деловитый,word,delovityj,,businesslike,,,,606,Source: RU5000 (v0.1) - RU5000.csv
деловой,word,delovoy,,business,,,,607,Source: RU5000 (v0.1) - RU5000.csv
демократический,word,demokraticheskiy,,democratic,,,,608,Source: RU5000 (v0.1) - RU5000.csv
демонстрировать,word,demonstrirovat',,to demonstrate,,,,609,Source: RU5000 (v0.1) - RU5000.csv
денежный,word,dénežnyj,,monetary,,,,610,Source: RU5000 (v0.1) - RU5000.csv
день,word,day,,day,,,,611,Source: RU5000 (v0.1) - RU5000.csv
деньги,word,den'gi,,money,,,,612,Source: RU5000 (v0.1) - RU5000.csv
деревенский,word,derevenskiy,,rustic,,,,613,Source: RU5000 (v0.1) - RU5000.csv
дерево,word,derevo,,tree,,,,614,Source: RU5000 (v0.1) - RU5000.csv
деревянный,word,derevyannyy,,wooden,,,,615,Source: RU5000 (v0.1) - RU5000.csv
держать,word,derzhat,,to hold,,,,616,Source: RU5000 (v0.1) - RU5000.csv
держаться,word,derzhat'sya,,to keep,,,,617,Source: RU5000 (v0.1) - RU5000.csv
дескать,word,deskat',,they say,,,,618,Source: RU5000 (v0.1) - RU5000.csv
десятилетие,word,desyatiletie,,decade,,,,619,Source: RU5000 (v0.1) - RU5000.csv
десятый,word,desyátyj,,tenth,,,,620,Source: RU5000 (v0.1) - RU5000.csv
десять,word,désjat',,ten,,,,621,Source: RU5000 (v0.1) - RU5000.csv
детский,word,detskiy,,children's,,,,622,Source: RU5000 (v0.1) - RU5000.csv
детство,word,detstvo,,childhood,,,,623,Source: RU5000 (v0.1) - RU5000.csv
деться,word,det'sya,,to get away,,,,624,Source: RU5000 (v0.1) - RU5000.csv
дешевый,word,dešëvyj,,cheap,,,,625,Source: RU5000 (v0.1) - RU5000.csv
деятельность,word,deyatelnost,,activity,,,,626,Source: RU5000 (v0.1) - RU5000.csv
дикий,word,dikiy,,wild,,,,627,Source: RU5000 (v0.1) - RU5000.csv
директор,word,direktor,,director,,,,628,Source: RU5000 (v0.1) - RU5000.csv
длинный,word,dlinnyj,,long,,,,629,Source: RU5000 (v0.1) - RU5000.csv
длительный,word,dlitel'nyj,,long,,,,630,Source: RU5000 (v0.1) - RU5000.csv
длиться,word,dlitsya,,to last,,,,631,Source: RU5000 (v0.1) - RU5000.csv
для,word,dlya,,for,,,,632,Source: RU5000 (v0.1) - RU5000.csv
дневник,word,dnevnik,,diary,,,,633,Source: RU5000 (v0.1) - RU5000.csv
дневной,word,dnevnój,,day,,,,634,Source: RU5000 (v0.1) - RU5000.csv
до,word,do,,to,,,,635,Source: RU5000 (v0.1) - RU5000.csv
добавить,word,dobavit',,to add,,,,636,Source: RU5000 (v0.1) - RU5000.csv
добавлять,word,dobavlyat',,to add,,,,637,Source: RU5000 (v0.1) - RU5000.csv
добиваться,word,dobivat'sya,,to achieve,,,,638,Source: RU5000 (v0.1) - RU5000.csv
добиться,word,dobit'sja,,to achieve,,,,639,Source: RU5000 (v0.1) - RU5000.csv
добраться,word,dobrat'sya,,to get there,,,,640,Source: RU5000 (v0.1) - RU5000.csv
добрый,word,dobryy,,Kind,,,,641,Source: RU5000 (v0.1) - RU5000.csv
добывать,word,dobyvat',,to extract,,,,642,Source: RU5000 (v0.1) - RU5000.csv
добыть,word,dobyt,,to get,,,,643,Source: RU5000 (v0.1) - RU5000.csv
добыча,word,dobycha,,prey,,,,644,Source: RU5000 (v0.1) - RU5000.csv
доверие,word,doverie,,trust,,,,645,Source: RU5000 (v0.1) - RU5000.csv
доверять,word,doveryat',,to trust,,,,646,Source: RU5000 (v0.1) - RU5000.csv
довести,word,dovesti,,to bring to completion,,,,647,Source: RU5000 (v0.1) - RU5000.csv
довольно,word,dovolno,,enough,,,,648,Source: RU5000 (v0.1) - RU5000.csv
довольный,word,dovol'nyy,,pleased,,,,649,Source: RU5000 (v0.1) - RU5000.csv
догадаться,word,dogadat'sya,,to guess,,,,650,Source: RU5000 (v0.1) - RU5000.csv
догадываться,word,dogadyvat'sya,,to guess,,,,651,Source: RU5000 (v0.1) - RU5000.csv
догнать,word,dognat',,to catch up,,,,652,Source: RU5000 (v0.1) - RU5000.csv
договор,word,dogovor,,agreement,,,,653,Source: RU5000 (v0.1) - RU5000.csv
договориться,word,dogovoritsya,,to arrange,,,,654,Source: RU5000 (v0.1) - RU5000.csv
дождаться,word,dozhdat'sya,,to wait,,,,655,Source: RU5000 (v0.1) - RU5000.csv
дождь,word,dozhd,,rain,,,,656,Source: RU5000 (v0.1) - RU5000.csv
дожидаться,word,dozhidat'sya,,to wait,,,,657,Source: RU5000 (v0.1) - RU5000.csv
дойти,word,doyti,,to get there,,,,658,Source: RU5000 (v0.1) - RU5000.csv
дока,word,doka,,dock,,,,659,Source: RU5000 (v0.1) - RU5000.csv
доказать,word,dokazat',,to prove,,,,660,Source: RU5000 (v0.1) - RU5000.csv
доказывать,word,dokazyvat',,to prove,,,,661,Source: RU5000 (v0.1) - RU5000.csv
доклад,word,doklad,,report,,,,662,Source: RU5000 (v0.1) - RU5000.csv
докладывать,word,dokladyvat',,to report,,,,663,Source: RU5000 (v0.1) - RU5000.csv
доктор,word,dacha,,doctor,,,,664,Source: RU5000 (v0.1) - RU5000.csv
документ,word,dokument,,document,,,,665,Source: RU5000 (v0.1) - RU5000.csv
долгий,word,dólgij,,long,,,,666,Source: RU5000 (v0.1) - RU5000.csv
долго,word,dolgo,,for a long time,,,,667,Source: RU5000 (v0.1) - RU5000.csv
должный,word,dolzhnyy,,due,,,,668,Source: RU5000 (v0.1) - RU5000.csv
доллар,word,dollar,,dollar,,,,669,Source: RU5000 (v0.1) - RU5000.csv
доложить,word,dolozhit',,to report,,,,670,Source: RU5000 (v0.1) - RU5000.csv
доля,word,dolja,,share,,,,671,Source: RU5000 (v0.1) - RU5000.csv
дом,word,dom,,house,,,,672,Source: RU5000 (v0.1) - RU5000.csv
домашний,word,domashniy,,home,,,,673,Source: RU5000 (v0.1) - RU5000.csv
домой,word,domoy,,home,,,,674,Source: RU5000 (v0.1) - RU5000.csv
Дон,word,don,,don,,,,675,Source: RU5000 (v0.1) - RU5000.csv
донестись,word,donestis',,to reach,,,,676,Source: RU5000 (v0.1) - RU5000.csv
доноситься,word,donosit'sya,,to be heard,,,,677,Source: RU5000 (v0.1) - RU5000.csv
дополнительный,word,dopolnitelnyj,,additional,,,,678,Source: RU5000 (v0.1) - RU5000.csv
допускать,word,dopuskat',,to admit,,,,679,Source: RU5000 (v0.1) - RU5000.csv
допустимый,word,dopustimyy,,acceptable,,,,680,Source: RU5000 (v0.1) - RU5000.csv
допустить,word,dopustit',,to allow,,,,681,Source: RU5000 (v0.1) - RU5000.csv
дорога,word,doroga,,road,,,,682,Source: RU5000 (v0.1) - RU5000.csv
дорого,word,dorogo,,expensive,,,,683,Source: RU5000 (v0.1) - RU5000.csv
дорогой,word,dorogoy,,Expensive,,,,684,Source: RU5000 (v0.1) - RU5000.csv
досада,word,dosada,,annoyance,,,,685,Source: RU5000 (v0.1) - RU5000.csv
доставать,word,dostavat',,to get it,,,,686,Source: RU5000 (v0.1) - RU5000.csv
доставить,word,dostavit',,to deliver,,,,687,Source: RU5000 (v0.1) - RU5000.csv
доставлять,word,dostavlyat',,to deliver,,,,688,Source: RU5000 (v0.1) - RU5000.csv
достаточно,word,dostatochno,,enough,,,,689,Source: RU5000 (v0.1) - RU5000.csv
достаточный,word,dostatochnyj,,sufficient,,,,690,Source: RU5000 (v0.1) - RU5000.csv
достать,word,dostat',,to get it,,,,691,Source: RU5000 (v0.1) - RU5000.csv
достаться,word,dostat'sja,,to get it,,,,692,Source: RU5000 (v0.1) - RU5000.csv
достигать,word,dostigat',,to achieve,,,,693,Source: RU5000 (v0.1) - RU5000.csv
достигнуть,word,dostignut',,to achieve,,,,694,Source: RU5000 (v0.1) - RU5000.csv
достижение,word,dostizhenije,,achievement,,,,695,Source: RU5000 (v0.1) - RU5000.csv
достойный,word,dostoynyy,,worthy,,,,696,Source: RU5000 (v0.1) - RU5000.csv
доступный,word,dostupnyy,,accessible,,,,697,Source: RU5000 (v0.1) - RU5000.csv
доходить,word,dohodit',,to reach,,,,698,Source: RU5000 (v0.1) - RU5000.csv
дошлый,word,doshlyy,,savvy,,,,699,Source: RU5000 (v0.1) - RU5000.csv
драгоценный,word,dragotsennyy,,precious,,,,700,Source: RU5000 (v0.1) - RU5000.csv
драка,word,draka,,fight,,,,701,Source: RU5000 (v0.1) - RU5000.csv
драться,word,drat'sya,,to fight,,,,702,Source: RU5000 (v0.1) - RU5000.csv
древний,word,drevniy,,ancient,,,,703,Source: RU5000 (v0.1) - RU5000.csv
дремать,word,dremat',,to doze,,,,704,Source: RU5000 (v0.1) - RU5000.csv
дрова,word,drova,,firewood,,,,705,Source: RU5000 (v0.1) - RU5000.csv
дрогнуть,word,drognut',,to tremble,,,,706,Source: RU5000 (v0.1) - RU5000.csv
дрожать,word,drozhat',,to tremble,,,,707,Source: RU5000 (v0.1) - RU5000.csv
другой,word,drugoy,,another,,,,708,Source: RU5000 (v0.1) - RU5000.csv
дружить,word,druzhit',,to be friends,,,,709,Source: RU5000 (v0.1) - RU5000.csv
дружно,word,druzhno,,amicably,,,,710,Source: RU5000 (v0.1) - RU5000.csv
думать,word,dumat',,to think,,,,711,Source: RU5000 (v0.1) - RU5000.csv
дура,word,dura,,stupid,,,,712,Source: RU5000 (v0.1) - RU5000.csv
дурак,word,durak,,fool,,,,713,Source: RU5000 (v0.1) - RU5000.csv
дурацкий,word,duratskij,,stupid,,,,714,Source: RU5000 (v0.1) - RU5000.csv
дурной,word,durnoj,,bad,,,,715,Source: RU5000 (v0.1) - RU5000.csv
дуть,word,dut,,to blow,,,,716,Source: RU5000 (v0.1) - RU5000.csv
духовный,word,dukhovnyy,,spiritual,,,,717,Source: RU5000 (v0.1) - RU5000.csv
душа,word,dusha,,soul,,,,718,Source: RU5000 (v0.1) - RU5000.csv
душевный,word,dushevnyy,,soulful,,,,719,Source: RU5000 (v0.1) - RU5000.csv
дым,word,dym,,smoke,,,,720,Source: RU5000 (v0.1) - RU5000.csv
дымиться,word,dymit'sya,,to smoke,,,,721,Source: RU5000 (v0.1) - RU5000.csv
дымок,word,dymok,,smoke,,,,722,Source: RU5000 (v0.1) - RU5000.csv
дыра,word,dyra,,hole,,,,723,Source: RU5000 (v0.1) - RU5000.csv
дырка,word,dyrka,,hole,,,,724,Source: RU5000 (v0.1) - RU5000.csv
дыхание,word,dykhanie,,breath,,,,725,Source: RU5000 (v0.1) - RU5000.csv
дышать,word,dyshat',,to breathe,,,,726,Source: RU5000 (v0.1) - RU5000.csv
дёрнутьдернуть,word,dyornut',,to pullpull,,,,727,Source: RU5000 (v0.1) - RU5000.csv
еврейский,word,yevreyskiy,,Jewish,,,,728,Source: RU5000 (v0.1) - RU5000.csv
Европа,word,evropa,,europe,,,,729,Source: RU5000 (v0.1) - RU5000.csv
европейский,word,jevropejskij,,European,,,,730,Source: RU5000 (v0.1) - RU5000.csv
еда,word,eda,,food,,,,731,Source: RU5000 (v0.1) - RU5000.csv
едва,word,edva,,barely,,,,732,Source: RU5000 (v0.1) - RU5000.csv
единственный,word,jedinstvennyy,,the only one,,,,733,Source: RU5000 (v0.1) - RU5000.csv
единый,word,yedinyy,,single,,,,734,Source: RU5000 (v0.1) - RU5000.csv
ежедневно,word,ezhednevno,,daily,,,,735,Source: RU5000 (v0.1) - RU5000.csv
ежели,word,yezheli,,if,,,,736,Source: RU5000 (v0.1) - RU5000.csv
ездить,word,ezdit',,to drive,,,,737,Source: RU5000 (v0.1) - RU5000.csv
еле,word,ele,,barely,,,,738,Source: RU5000 (v0.1) - RU5000.csv
ерунда,word,erunda,,nonsense,,,,739,Source: RU5000 (v0.1) - RU5000.csv
если,word,yesli,,if,,,,740,Source: RU5000 (v0.1) - RU5000.csv
естественно,word,estestvenno,,naturally,,,,741,Source: RU5000 (v0.1) - RU5000.csv
естественный,word,jestéstvennyj,,natural,,,,742,Source: RU5000 (v0.1) - RU5000.csv
есть,word,jest',,to be,,,,743,Source: RU5000 (v0.1) - RU5000.csv
ехать,word,yehat',,to drive,,,,744,Source: RU5000 (v0.1) - RU5000.csv
еще,word,eshchyo,,more,,,,745,Source: RU5000 (v0.1) - RU5000.csv
ж,word,zh,,and,,,,746,Source: RU5000 (v0.1) - RU5000.csv
жадно,word,zhadno,,greedily,,,,747,Source: RU5000 (v0.1) - RU5000.csv
жалеть,word,zhalet',,to feel sorry,,,,748,Source: RU5000 (v0.1) - RU5000.csv
жалить,word,zhalit',,to sting,,,,749,Source: RU5000 (v0.1) - RU5000.csv
жалкий,word,žálkij,,pathetic,,,,750,Source: RU5000 (v0.1) - RU5000.csv
жалко,word,zhalko,,it's a pity,,,,751,Source: RU5000 (v0.1) - RU5000.csv
жаловаться,word,zhalovat'sya,,to complain,,,,752,Source: RU5000 (v0.1) - RU5000.csv
жаркий,word,zharkij,,hot,,,,753,Source: RU5000 (v0.1) - RU5000.csv
жарко,word,zharko,,hot,,,,754,Source: RU5000 (v0.1) - RU5000.csv
ждать,word,zhdat',,to wait,,,,755,Source: RU5000 (v0.1) - RU5000.csv
же,word,zhe,,same,,,,756,Source: RU5000 (v0.1) - RU5000.csv
жевать,word,zhevat',,to chew,,,,757,Source: RU5000 (v0.1) - RU5000.csv
желать,word,želátʹ,,to want,,,,758,Source: RU5000 (v0.1) - RU5000.csv
железнодорожный,word,Zheleznodorozhny,,railway,,,,759,Source: RU5000 (v0.1) - RU5000.csv
железный,word,zheleznyj,,iron,,,,760,Source: RU5000 (v0.1) - RU5000.csv
желтый,word,zheltyj,,yellow,,,,761,Source: RU5000 (v0.1) - RU5000.csv
женатый,word,zhenatyy,,married,,,,762,Source: RU5000 (v0.1) - RU5000.csv
женить,word,zhenit',,to marry,,,,763,Source: RU5000 (v0.1) - RU5000.csv
жениться,word,zhenit'sya,,to marry,,,,764,Source: RU5000 (v0.1) - RU5000.csv
женский,word,zhenskiy,,female,,,,765,Source: RU5000 (v0.1) - RU5000.csv
жестокий,word,zhestokij,,cruel,,,,766,Source: RU5000 (v0.1) - RU5000.csv
живо,word,zhivo,,alive,,,,767,Source: RU5000 (v0.1) - RU5000.csv
живой,word,zhivoj,,alive,,,,768,Source: RU5000 (v0.1) - RU5000.csv
животный,word,zhivotnyy,,animal,,,,769,Source: RU5000 (v0.1) - RU5000.csv
жидкий,word,zhidkiy,,liquid,,,,770,Source: RU5000 (v0.1) - RU5000.csv
жизненный,word,žíznennyj,,vital,,,,771,Source: RU5000 (v0.1) - RU5000.csv
жирный,word,zhirnyy,,fatty,,,,772,Source: RU5000 (v0.1) - RU5000.csv
жить,word,zhit',,to live,,,,773,Source: RU5000 (v0.1) - RU5000.csv
жрать,word,zhrat',,to eat,,,,774,Source: RU5000 (v0.1) - RU5000.csv
жуткий,word,zhutkiy,,creepy,,,,775,Source: RU5000 (v0.1) - RU5000.csv
жёсткий,word,zhostkiy,,hard,,,,776,Source: RU5000 (v0.1) - RU5000.csv
жёстко,word,zhestko,,hard,,,,777,Source: RU5000 (v0.1) - RU5000.csv
за,word,za,,for,,,,778,Source: RU5000 (v0.1) - RU5000.csv
забирать,word,zabirat',,to take away,,,,779,Source: RU5000 (v0.1) - RU5000.csv
заболеть,word,zabolet',,to get sick,,,,780,Source: RU5000 (v0.1) - RU5000.csv
заботиться,word,zabotit'sya,,to take care,,,,781,Source: RU5000 (v0.1) - RU5000.csv
забрать,word,zabrat',,to take,,,,782,Source: RU5000 (v0.1) - RU5000.csv
забраться,word,zabrat'sya,,to climb up,,,,783,Source: RU5000 (v0.1) - RU5000.csv
забросить,word,zabrosit',,to throw away,,,,784,Source: RU5000 (v0.1) - RU5000.csv
забывать,word,zabyvat',,to forget,,,,785,Source: RU5000 (v0.1) - RU5000.csv
забытый,word,zabýtyj,,forgotten,,,,786,Source: RU5000 (v0.1) - RU5000.csv
забыть,word,zabyt',,to forget,,,,787,Source: RU5000 (v0.1) - RU5000.csv
завалить,word,zavalit',,to fill up,,,,788,Source: RU5000 (v0.1) - RU5000.csv
завернуть,word,zavernut',,to wrap up,,,,789,Source: RU5000 (v0.1) - RU5000.csv
завести,word,zavesti,,to start,,,,790,Source: RU5000 (v0.1) - RU5000.csv
завидовать,word,zavidovat',,to envy,,,,791,Source: RU5000 (v0.1) - RU5000.csv
зависеть,word,zaviset',,to depend,,,,792,Source: RU5000 (v0.1) - RU5000.csv
зависть,word,zavist',,envy,,,,793,Source: RU5000 (v0.1) - RU5000.csv
завод,word,zavod,,factory,,,,794,Source: RU5000 (v0.1) - RU5000.csv
завтра,word,zavtra,,tomorrow,,,,795,Source: RU5000 (v0.1) - RU5000.csv
завязать,word,zavyazat',,to tie up,,,,796,Source: RU5000 (v0.1) - RU5000.csv
загадка,word,zagadka,,mystery,,,,797,Source: RU5000 (v0.1) - RU5000.csv
загадочный,word,zagadochnyy,,mysterious,,,,798,Source: RU5000 (v0.1) - RU5000.csv
заглядывать,word,zaglyadyvat',,to look in,,,,799,Source: RU5000 (v0.1) - RU5000.csv
заглянуть,word,zaglyanut',,to take a look,,,,800,Source: RU5000 (v0.1) - RU5000.csv
загнать,word,zagnat',,to drive in,,,,801,Source: RU5000 (v0.1) - RU5000.csv
заговорить,word,zagovorit',,to start talking,,,,802,Source: RU5000 (v0.1) - RU5000.csv
задавать,word,zadavát',,to ask,,,,803,Source: RU5000 (v0.1) - RU5000.csv
задать,word,zadat',,to ask,,,,804,Source: RU5000 (v0.1) - RU5000.csv
задача,word,zadacha,,task,,,,805,Source: RU5000 (v0.1) - RU5000.csv
задержать,word,zaderzhat',,to detain,,,,806,Source: RU5000 (v0.1) - RU5000.csv
задержаться,word,zaderzhat'sya,,to linger,,,,807,Source: RU5000 (v0.1) - RU5000.csv
задний,word,zadnij,,rear,,,,808,Source: RU5000 (v0.1) - RU5000.csv
задрать,word,zadrat',,to lift up,,,,809,Source: RU5000 (v0.1) - RU5000.csv
задумать,word,zadumat',,to conceive,,,,810,Source: RU5000 (v0.1) - RU5000.csv
задуматься,word,zadumat'sya,,to think about it,,,,811,Source: RU5000 (v0.1) - RU5000.csv
задумчиво,word,zadumchivo,,thoughtfully,,,,812,Source: RU5000 (v0.1) - RU5000.csv
задумываться,word,zadumyvat'sya,,to think about it,,,,813,Source: RU5000 (v0.1) - RU5000.csv
задыхаться,word,zadykhatsya,,to choke,,,,814,Source: RU5000 (v0.1) - RU5000.csv
зажать,word,zazhat',,to clamp down,,,,815,Source: RU5000 (v0.1) - RU5000.csv
зажечь,word,zažéčʹ,,to light up,,,,816,Source: RU5000 (v0.1) - RU5000.csv
зайти,word,zayti,,to come in,,,,817,Source: RU5000 (v0.1) - RU5000.csv
заказ,word,zakaz,,order,,,,818,Source: RU5000 (v0.1) - RU5000.csv
заказать,word,zakazat',,to order,,,,819,Source: RU5000 (v0.1) - RU5000.csv
заканчиваться,word,zakanchivat'sya,,to end,,,,820,Source: RU5000 (v0.1) - RU5000.csv
закат,word,zakat,,sunset,,,,821,Source: RU5000 (v0.1) - RU5000.csv
заключаться,word,zakljuchat'sja,,to conclude,,,,822,Source: RU5000 (v0.1) - RU5000.csv
заключение,word,zaklyucheniye,,conclusion,,,,823,Source: RU5000 (v0.1) - RU5000.csv
заключить,word,zaklyuchit',,to conclude,,,,824,Source: RU5000 (v0.1) - RU5000.csv
законный,word,zakonnyy,,law,,,,825,Source: RU5000 (v0.1) - RU5000.csv
закончить,word,zakonchit',,to finish,,,,826,Source: RU5000 (v0.1) - RU5000.csv
закончиться,word,zakonchit'sya,,to end,,,,827,Source: RU5000 (v0.1) - RU5000.csv
закричать,word,zakrichat',,to scream,,,,828,Source: RU5000 (v0.1) - RU5000.csv
закрывать,word,zakryvat',,to close,,,,829,Source: RU5000 (v0.1) - RU5000.csv
закрытый,word,zakrýtyj,,closed,,,,830,Source: RU5000 (v0.1) - RU5000.csv
закрыть,word,zakryt',,to close,,,,831,Source: RU5000 (v0.1) - RU5000.csv
закурить,word,zakurit',,to light a cigarette,,,,832,Source: RU5000 (v0.1) - RU5000.csv
зал,word,zal,,hall,,,,833,Source: RU5000 (v0.1) - RU5000.csv
залезть,word,zalezt',,to climb,,,,834,Source: RU5000 (v0.1) - RU5000.csv
залить,word,zalit',,to pour,,,,835,Source: RU5000 (v0.1) - RU5000.csv
заложить,word,zalozhit',,to pawn,,,,836,Source: RU5000 (v0.1) - RU5000.csv
заменить,word,zamenit',,to replace,,,,837,Source: RU5000 (v0.1) - RU5000.csv
замереть,word,zameret',,to freeze,,,,838,Source: RU5000 (v0.1) - RU5000.csv
заметить,word,zametit',,to notice,,,,839,Source: RU5000 (v0.1) - RU5000.csv
заметка,word,zametka,,note,,,,840,Source: RU5000 (v0.1) - RU5000.csv
заметно,word,laskovo,,noticeably,,,,841,Source: RU5000 (v0.1) - RU5000.csv
заметный,word,zametnyy,,perceptible,,,,842,Source: RU5000 (v0.1) - RU5000.csv
замечательный,word,zamechatelny,,wonderful,,,,843,Source: RU5000 (v0.1) - RU5000.csv
замечать,word,zamechat',,to notice,,,,844,Source: RU5000 (v0.1) - RU5000.csv
замок,word,zamok,,lock,,,,845,Source: RU5000 (v0.1) - RU5000.csv
замолчать,word,zamolchat,,to shut up,,,,846,Source: RU5000 (v0.1) - RU5000.csv
замуж,word,zamuzh,,get married,,,,847,Source: RU5000 (v0.1) - RU5000.csv
замёрзнутьзамерзнуть,word,zamjórznutʹ,,to freezefreeze,,,,848,Source: RU5000 (v0.1) - RU5000.csv
занести,word,zanesti,,to bring in,,,,849,Source: RU5000 (v0.1) - RU5000.csv
занимать,word,zanimat',,to occupy,,,,850,Source: RU5000 (v0.1) - RU5000.csv
заниматься,word,zanimat'sya,,to study,,,,851,Source: RU5000 (v0.1) - RU5000.csv
занятие,word,zanyatie,,class,,,,852,Source: RU5000 (v0.1) - RU5000.csv
занятый,word,zanyaty,,busy,,,,853,Source: RU5000 (v0.1) - RU5000.csv
занять,word,zanyat,,to take up,,,,854,Source: RU5000 (v0.1) - RU5000.csv
заняться,word,zanyat'sya,,to do,,,,855,Source: RU5000 (v0.1) - RU5000.csv
заодно,word,zaodno,,at the same time,,,,856,Source: RU5000 (v0.1) - RU5000.csv
заорать,word,zaorat',,to scream,,,,857,Source: RU5000 (v0.1) - RU5000.csv
запад,word,zapad,,west,,,,858,Source: RU5000 (v0.1) - RU5000.csv
западный,word,zapadnyy,,west,,,,859,Source: RU5000 (v0.1) - RU5000.csv
запас,word,zapas,,stock,,,,860,Source: RU5000 (v0.1) - RU5000.csv
запах,word,zapakh,,smell,,,,861,Source: RU5000 (v0.1) - RU5000.csv
запереть,word,zaperet',,to lock up,,,,862,Source: RU5000 (v0.1) - RU5000.csv
запеть,word,zapet',,to start singing,,,,863,Source: RU5000 (v0.1) - RU5000.csv
записать,word,zapisat',,to write down,,,,864,Source: RU5000 (v0.1) - RU5000.csv
записка,word,zapiska,,note,,,,865,Source: RU5000 (v0.1) - RU5000.csv
записывать,word,zapisyvat',,to record,,,,866,Source: RU5000 (v0.1) - RU5000.csv
запись,word,zapis',,recording,,,,867,Source: RU5000 (v0.1) - RU5000.csv
заплакать,word,zaplakat',,to start crying,,,,868,Source: RU5000 (v0.1) - RU5000.csv
заплатить,word,zaplatit',,to pay,,,,869,Source: RU5000 (v0.1) - RU5000.csv
заполнить,word,zapolnit',,to fill out,,,,870,Source: RU5000 (v0.1) - RU5000.csv
запомнить,word,zapomnit',,to remember,,,,871,Source: RU5000 (v0.1) - RU5000.csv
запретить,word,zapretit',,to ban,,,,872,Source: RU5000 (v0.1) - RU5000.csv
запустить,word,zapustit',,to launch,,,,873,Source: RU5000 (v0.1) - RU5000.csv
зарабатывать,word,zarabatyvat',,to earn,,,,874,Source: RU5000 (v0.1) - RU5000.csv
заработать,word,zarabotat',,to earn money,,,,875,Source: RU5000 (v0.1) - RU5000.csv
заранее,word,zaranee,,in advance,,,,876,Source: RU5000 (v0.1) - RU5000.csv
зарасти,word,zarasti,,to become overgrown,,,,877,Source: RU5000 (v0.1) - RU5000.csv
зарплата,word,zarplata,,salary,,,,878,Source: RU5000 (v0.1) - RU5000.csv
зарубежный,word,zarubezhnyy,,foreign,,,,879,Source: RU5000 (v0.1) - RU5000.csv
заслужить,word,zasluzhit',,to deserve,,,,880,Source: RU5000 (v0.1) - RU5000.csv
засмеяться,word,zasmeyat'sya,,to laugh,,,,881,Source: RU5000 (v0.1) - RU5000.csv
заснуть,word,zasnut',,to fall asleep,,,,882,Source: RU5000 (v0.1) - RU5000.csv
заставить,word,zastavit',,to force,,,,883,Source: RU5000 (v0.1) - RU5000.csv
заставлять,word,zastavlyat',,to force,,,,884,Source: RU5000 (v0.1) - RU5000.csv
застать,word,zastat',,to catch,,,,885,Source: RU5000 (v0.1) - RU5000.csv
застрять,word,zastryat',,to get stuck,,,,886,Source: RU5000 (v0.1) - RU5000.csv
застыть,word,zastyt',,to freeze,,,,887,Source: RU5000 (v0.1) - RU5000.csv
засунуть,word,zasunut',,to shove in,,,,888,Source: RU5000 (v0.1) - RU5000.csv
засыпать,word,zasypat',,to fall asleep,,,,889,Source: RU5000 (v0.1) - RU5000.csv
затем,word,zatem,,then,,,,890,Source: RU5000 (v0.1) - RU5000.csv
зато,word,zato,,but,,,,891,Source: RU5000 (v0.1) - RU5000.csv
затянуться,word,zatjanut'sja,,to take a drag,,,,892,Source: RU5000 (v0.1) - RU5000.csv
захватить,word,zaxvatítʹ,,to capture,,,,893,Source: RU5000 (v0.1) - RU5000.csv
заходить,word,zakhodit',,to come in,,,,894,Source: RU5000 (v0.1) - RU5000.csv
захотеть,word,zaxotétʹ,,to want,,,,895,Source: RU5000 (v0.1) - RU5000.csv
захотеться,word,zakhotetsya,,to want to,,,,896,Source: RU5000 (v0.1) - RU5000.csv
зачем,word,zachem,,for what,,,,897,Source: RU5000 (v0.1) - RU5000.csv
защита,word,zashchita,,protection,,,,898,Source: RU5000 (v0.1) - RU5000.csv
защитить,word,zashchitit',,to protect,,,,899,Source: RU5000 (v0.1) - RU5000.csv
защитник,word,zaschitnik,,defender,,,,900,Source: RU5000 (v0.1) - RU5000.csv
защищать,word,zashchishchat',,to protect,,,,901,Source: RU5000 (v0.1) - RU5000.csv
заявить,word,zayavit',,to declare,,,,902,Source: RU5000 (v0.1) - RU5000.csv
заявлять,word,zayavlyat',,to declare,,,,903,Source: RU5000 (v0.1) - RU5000.csv
звать,word,zvat',,to call,,,,904,Source: RU5000 (v0.1) - RU5000.csv
звенеть,word,zvenet',,to ring,,,,905,Source: RU5000 (v0.1) - RU5000.csv
звонить,word,zvonit',,to call,,,,906,Source: RU5000 (v0.1) - RU5000.csv
звонкий,word,zvonkiy,,voiced,,,,907,Source: RU5000 (v0.1) - RU5000.csv
звучать,word,zvuchat',,to sound,,,,908,Source: RU5000 (v0.1) - RU5000.csv
звёздный,word,zvyozdnyy,,star,,,,909,Source: RU5000 (v0.1) - RU5000.csv
здание,word,zdaniye,,building,,,,910,Source: RU5000 (v0.1) - RU5000.csv
здесь,word,zdes',,here,,,,911,Source: RU5000 (v0.1) - RU5000.csv
здешний,word,zdeshniy,,local,,,,912,Source: RU5000 (v0.1) - RU5000.csv
здоровенный,word,zdorovennyy,,hefty,,,,913,Source: RU5000 (v0.1) - RU5000.csv
здорово,word,zdorovo,,great,,,,914,Source: RU5000 (v0.1) - RU5000.csv
здоровый,word,zdorovyj,,healthy,,,,915,Source: RU5000 (v0.1) - RU5000.csv
здравствовать,word,zdravstvovat',,to be healthy,,,,916,Source: RU5000 (v0.1) - RU5000.csv
зелень,word,zelen',,green,,,,917,Source: RU5000 (v0.1) - RU5000.csv
зелёный,word,zelónyj,,green,,,,918,Source: RU5000 (v0.1) - RU5000.csv
земля,word,zemlya,,earth,,,,919,Source: RU5000 (v0.1) - RU5000.csv
земной,word,zemnoy,,terrestrial,,,,920,Source: RU5000 (v0.1) - RU5000.csv
зеркало,word,zerkalo,,mirror,,,,921,Source: RU5000 (v0.1) - RU5000.csv
зимний,word,zimniy,,winter,,,,922,Source: RU5000 (v0.1) - RU5000.csv
злиться,word,zlitsya,,to be angry,,,,923,Source: RU5000 (v0.1) - RU5000.csv
зло,word,zlo,,evil,,,,924,Source: RU5000 (v0.1) - RU5000.csv
зловещий,word,zloveshchiy,,sinister,,,,925,Source: RU5000 (v0.1) - RU5000.csv
злой,word,zloj,,wicked,,,,926,Source: RU5000 (v0.1) - RU5000.csv
змея,word,zmeya,,snake,,,,927,Source: RU5000 (v0.1) - RU5000.csv
знак,word,znak,,sign,,,,928,Source: RU5000 (v0.1) - RU5000.csv
знакомый,word,znakomyj,,familiar,,,,929,Source: RU5000 (v0.1) - RU5000.csv
знаменитый,word,znamenityy,,famous,,,,930,Source: RU5000 (v0.1) - RU5000.csv
знание,word,znanie,,knowledge,,,,931,Source: RU5000 (v0.1) - RU5000.csv
знать,word,znat',,to know,,,,932,Source: RU5000 (v0.1) - RU5000.csv
значение,word,znachenie,,meaning,,,,933,Source: RU5000 (v0.1) - RU5000.csv
значительно,word,znachitelno,,significantly,,,,934,Source: RU5000 (v0.1) - RU5000.csv
значительный,word,značítelʹnyj,,significant,,,,935,Source: RU5000 (v0.1) - RU5000.csv
значить,word,znachit',,to mean,,,,936,Source: RU5000 (v0.1) - RU5000.csv
знающий,word,znayushchiy,,knowing,,,,937,Source: RU5000 (v0.1) - RU5000.csv
золото,word,zoloto,,gold,,,,938,Source: RU5000 (v0.1) - RU5000.csv
золотой,word,zolotoj,,gold,,,,939,Source: RU5000 (v0.1) - RU5000.csv
зона,word,zona,,zone,,,,940,Source: RU5000 (v0.1) - RU5000.csv
зря,word,zrya,,in vain,,,,941,Source: RU5000 (v0.1) - RU5000.csv
и,word,i,,and,,,,942,Source: RU5000 (v0.1) - RU5000.csv
ибо,word,ibo,,for,,,,943,Source: RU5000 (v0.1) - RU5000.csv
игра,word,igra,,game,,,,944,Source: RU5000 (v0.1) - RU5000.csv
играть,word,igratʹ,,to play,,,,945,Source: RU5000 (v0.1) - RU5000.csv
игрок,word,igrok,,player,,,,946,Source: RU5000 (v0.1) - RU5000.csv
идеальный,word,idealnyy,,ideal,,,,947,Source: RU5000 (v0.1) - RU5000.csv
идеологический,word,ideologicheskiy,,ideological,,,,948,Source: RU5000 (v0.1) - RU5000.csv
идеология,word,ideologiya,,ideology,,,,949,Source: RU5000 (v0.1) - RU5000.csv
идея,word,idea,,idea,,,,950,Source: RU5000 (v0.1) - RU5000.csv
идиот,word,idiot,,idiot,,,,951,Source: RU5000 (v0.1) - RU5000.csv
идти,word,idti,,to go,,,,952,Source: RU5000 (v0.1) - RU5000.csv
из,word,iz,,from,,,,953,Source: RU5000 (v0.1) - RU5000.csv
изба,word,izba,,hut,,,,954,Source: RU5000 (v0.1) - RU5000.csv
избавиться,word,izbavit'sya,,to get rid of,,,,955,Source: RU5000 (v0.1) - RU5000.csv
избегать,word,izbegat',,to avoid,,,,956,Source: RU5000 (v0.1) - RU5000.csv
избежать,word,izbezhat',,to avoid,,,,957,Source: RU5000 (v0.1) - RU5000.csv
известие,word,izvestie,,news,,,,958,Source: RU5000 (v0.1) - RU5000.csv
известный,word,izvestnyy,,famous,,,,959,Source: RU5000 (v0.1) - RU5000.csv
извинить,word,izvinit',,to excuse me,,,,960,Source: RU5000 (v0.1) - RU5000.csv
извиняться,word,izvinyat'sya,,to apologize,,,,961,Source: RU5000 (v0.1) - RU5000.csv
извлечь,word,izvlech',,to extract,,,,962,Source: RU5000 (v0.1) - RU5000.csv
издалека,word,izdaleka,,from afar,,,,963,Source: RU5000 (v0.1) - RU5000.csv
издали,word,izdali,,from afar,,,,964,Source: RU5000 (v0.1) - RU5000.csv
издательство,word,izdatel'stvo,,publishing house,,,,965,Source: RU5000 (v0.1) - RU5000.csv
издать,word,izdat',,to publish,,,,966,Source: RU5000 (v0.1) - RU5000.csv
излишний,word,izlishniy,,surplus,,,,967,Source: RU5000 (v0.1) - RU5000.csv
изменить,word,izmenit',,to change,,,,968,Source: RU5000 (v0.1) - RU5000.csv
измениться,word,izmenit'sya,,to change,,,,969,Source: RU5000 (v0.1) - RU5000.csv
изнутри,word,iznutri,,from the inside,,,,970,Source: RU5000 (v0.1) - RU5000.csv
изо,word,izo,,iso,,,,971,Source: RU5000 (v0.1) - RU5000.csv
изображать,word,izobrazhat',,to portray,,,,972,Source: RU5000 (v0.1) - RU5000.csv
изобразить,word,izobrazit',,to depict,,,,973,Source: RU5000 (v0.1) - RU5000.csv
Израиль,word,izrail,,israel,,,,974,Source: RU5000 (v0.1) - RU5000.csv
изредка,word,izredka,,occasionally,,,,975,Source: RU5000 (v0.1) - RU5000.csv
изучать,word,izuchat',,to study,,,,976,Source: RU5000 (v0.1) - RU5000.csv
изучить,word,izuchit',,to study,,,,977,Source: RU5000 (v0.1) - RU5000.csv
изящный,word,izjáščnyj,,elegant,,,,978,Source: RU5000 (v0.1) - RU5000.csv
икра,word,ikra,,caviar,,,,979,Source: RU5000 (v0.1) - RU5000.csv
или,word,ili,,or,,,,980,Source: RU5000 (v0.1) - RU5000.csv
именно,word,imenno,,exactly,,,,981,Source: RU5000 (v0.1) - RU5000.csv
иметь,word,imet',,to have,,,,982,Source: RU5000 (v0.1) - RU5000.csv
иметься,word,imet'sya,,to have,,,,983,Source: RU5000 (v0.1) - RU5000.csv
имущество,word,imushchestvo,,property,,,,984,Source: RU5000 (v0.1) - RU5000.csv
иначе,word,inache,,otherwise,,,,985,Source: RU5000 (v0.1) - RU5000.csv
инвалид,word,invalid,,disabled person,,,,986,Source: RU5000 (v0.1) - RU5000.csv
индивидуальный,word,individualnyy,,individual,,,,987,Source: RU5000 (v0.1) - RU5000.csv
инициатива,word,initsiativa,,initiative,,,,988,Source: RU5000 (v0.1) - RU5000.csv
иногда,word,inogda,,sometimes,,,,989,Source: RU5000 (v0.1) - RU5000.csv
иной,word,inoj,,other,,,,990,Source: RU5000 (v0.1) - RU5000.csv
иностранец,word,inostranec,,foreigner,,,,991,Source: RU5000 (v0.1) - RU5000.csv
иностранный,word,inostránnyj,,foreign,,,,992,Source: RU5000 (v0.1) - RU5000.csv
инстинкт,word,instinkt,,instinct,,,,993,Source: RU5000 (v0.1) - RU5000.csv
инструкция,word,instruktsija,,instructions,,,,994,Source: RU5000 (v0.1) - RU5000.csv
интеллектуальный,word,intellektualnyy,,intellectual,,,,995,Source: RU5000 (v0.1) - RU5000.csv
интеллигент,word,intelligent,,intellectual,,,,996,Source: RU5000 (v0.1) - RU5000.csv
интеллигентный,word,intelligentnyy,,intelligent,,,,997,Source: RU5000 (v0.1) - RU5000.csv
интерес,word,interes,,interest,,,,998,Source: RU5000 (v0.1) - RU5000.csv
интересно,word,interesno,,interesting,,,,999,Source: RU5000 (v0.1) - RU5000.csv
интересный,word,interesnyj,,interesting,,,,1000,Source: RU5000 (v0.1) - RU5000.csv
интересовать,word,interesovat',,to be of interest,,,,1001,Source: RU5000 (v0.1) - RU5000.csv
интересоваться,word,interesovat'sya,,to be interested,,,,1002,Source: RU5000 (v0.1) - RU5000.csv
интонация,word,intonaciya,,intonation,,,,1003,Source: RU5000 (v0.1) - RU5000.csv
информационный,word,informatsionnyy,,informational,,,,1004,Source: RU5000 (v0.1) - RU5000.csv
искать,word,iskat,,to search,,,,1005,Source: RU5000 (v0.1) - RU5000.csv
исключение,word,isklyuchenie,,exception,,,,1006,Source: RU5000 (v0.1) - RU5000.csv
исключительно,word,isklyuchitel'no,,exclusively,,,,1007,Source: RU5000 (v0.1) - RU5000.csv
исключить,word,isklyuchit',,to exclude,,,,1008,Source: RU5000 (v0.1) - RU5000.csv
искренне,word,iskrenne,,sincerely,,,,1009,Source: RU5000 (v0.1) - RU5000.csv
искусственный,word,iskússtvennyj,,artificial,,,,1010,Source: RU5000 (v0.1) - RU5000.csv
искусство,word,iskusstvo,,art,,,,1011,Source: RU5000 (v0.1) - RU5000.csv
исполнить,word,ispolnit',,to fulfill,,,,1012,Source: RU5000 (v0.1) - RU5000.csv
исполнять,word,ispolnyat',,to perform,,,,1013,Source: RU5000 (v0.1) - RU5000.csv
использование,word,ispol'zovanie,,usage,,,,1014,Source: RU5000 (v0.1) - RU5000.csv
использовать,word,ispol'zovat',,to use,,,,1015,Source: RU5000 (v0.1) - RU5000.csv
использоваться,word,ispólʹzovatʹsja,,to be used,,,,1016,Source: RU5000 (v0.1) - RU5000.csv
испортить,word,isportit,,to spoil,,,,1017,Source: RU5000 (v0.1) - RU5000.csv
испуганно,word,ispuganno,,scared,,,,1018,Source: RU5000 (v0.1) - RU5000.csv
испуганный,word,ispugannyy,,frightened,,,,1019,Source: RU5000 (v0.1) - RU5000.csv
испугаться,word,ispugat'sja,,to get scared,,,,1020,Source: RU5000 (v0.1) - RU5000.csv
испытать,word,ispytat',,to experience,,,,1021,Source: RU5000 (v0.1) - RU5000.csv
испытывать,word,ispytyvat',,to test,,,,1022,Source: RU5000 (v0.1) - RU5000.csv
истинный,word,istinnyj,,true,,,,1023,Source: RU5000 (v0.1) - RU5000.csv
историк,word,istorik,,historian,,,,1024,Source: RU5000 (v0.1) - RU5000.csv
исторический,word,istoricheskiy,,historical,,,,1025,Source: RU5000 (v0.1) - RU5000.csv
история,word,istoriya,,story,,,,1026,Source: RU5000 (v0.1) - RU5000.csv
источник,word,istochnik,,source,,,,1027,Source: RU5000 (v0.1) - RU5000.csv
исходить,word,isxodit',,to proceed,,,,1028,Source: RU5000 (v0.1) - RU5000.csv
исчезать,word,ishchezat',,to disappear,,,,1029,Source: RU5000 (v0.1) - RU5000.csv
исчезнуть,word,ishcheznut',,to disappear,,,,1030,Source: RU5000 (v0.1) - RU5000.csv
итак,word,itak,,so,,,,1031,Source: RU5000 (v0.1) - RU5000.csv
итальянский,word,ital'yanskiy,,Italian,,,,1032,Source: RU5000 (v0.1) - RU5000.csv
ихний,word,ikhniy,,theirs,,,,1033,Source: RU5000 (v0.1) - RU5000.csv
ишь,word,ish,,ish,,,,1034,Source: RU5000 (v0.1) - RU5000.csv
июль,word,iskhod,,july,,,,1035,Source: RU5000 (v0.1) - RU5000.csv
июнь,word,iyun',,june,,,,1036,Source: RU5000 (v0.1) - RU5000.csv
к,word,k,,to,,,,1037,Source: RU5000 (v0.1) - RU5000.csv
кабинет,word,kabinet,,cabinet,,,,1038,Source: RU5000 (v0.1) - RU5000.csv
каждый,word,kazhdyj,,every,,,,1039,Source: RU5000 (v0.1) - RU5000.csv
казак,word,kampaniya,,cossack,,,,1040,Source: RU5000 (v0.1) - RU5000.csv
казарма,word,kazarma,,barracks,,,,1041,Source: RU5000 (v0.1) - RU5000.csv
казаться,word,kazat'sja,,to seem,,,,1042,Source: RU5000 (v0.1) - RU5000.csv
казённыйказенный,word,kazonnyy,,government-ownedgovernment-owned,,,,1043,Source: RU5000 (v0.1) - RU5000.csv
как,word,kak,,how,,,,1044,Source: RU5000 (v0.1) - RU5000.csv
каков,word,kakov,,what,,,,1045,Source: RU5000 (v0.1) - RU5000.csv
какой,word,kakoy,,which,,,,1046,Source: RU5000 (v0.1) - RU5000.csv
каменный,word,kamennyy,,stone,,,,1047,Source: RU5000 (v0.1) - RU5000.csv
камень,word,kamen',,stone,,,,1048,Source: RU5000 (v0.1) - RU5000.csv
кампания,word,kampaniya,,campaign,,,,1049,Source: RU5000 (v0.1) - RU5000.csv
канал,word,kanal,,channel,,,,1050,Source: RU5000 (v0.1) - RU5000.csv
капитан,word,kapitan,,captain,,,,1051,Source: RU5000 (v0.1) - RU5000.csv
капля,word,kaplya,,drop,,,,1052,Source: RU5000 (v0.1) - RU5000.csv
капуста,word,kapusta,,cabbage,,,,1053,Source: RU5000 (v0.1) - RU5000.csv
карандаш,word,karandash,,pencil,,,,1054,Source: RU5000 (v0.1) - RU5000.csv
карман,word,karman,,pocket,,,,1055,Source: RU5000 (v0.1) - RU5000.csv
карта,word,karta,,map,,,,1056,Source: RU5000 (v0.1) - RU5000.csv
картинка,word,kartinka,,picture,,,,1057,Source: RU5000 (v0.1) - RU5000.csv
карточка,word,kartochka,,card,,,,1058,Source: RU5000 (v0.1) - RU5000.csv
картошка,word,kartoshka,,potato,,,,1059,Source: RU5000 (v0.1) - RU5000.csv
карьера,word,kar'era,,career,,,,1060,Source: RU5000 (v0.1) - RU5000.csv
касаться,word,kasat'sya,,to touch,,,,1061,Source: RU5000 (v0.1) - RU5000.csv
касса,word,kassa,,cash register,,,,1062,Source: RU5000 (v0.1) - RU5000.csv
кастрюля,word,kastryulya,,pot,,,,1063,Source: RU5000 (v0.1) - RU5000.csv
кататься,word,katátʹsja,,to ride,,,,1064,Source: RU5000 (v0.1) - RU5000.csv
категория,word,kategoriya,,category,,,,1065,Source: RU5000 (v0.1) - RU5000.csv
катер,word,kater,,boat,,,,1066,Source: RU5000 (v0.1) - RU5000.csv
катить,word,katit',,to roll,,,,1067,Source: RU5000 (v0.1) - RU5000.csv
катиться,word,katitsya,,to roll,,,,1068,Source: RU5000 (v0.1) - RU5000.csv
кафе,word,kafe,,cafe,,,,1069,Source: RU5000 (v0.1) - RU5000.csv
качать,word,kachat',,to sway,,,,1070,Source: RU5000 (v0.1) - RU5000.csv
качаться,word,kachat'sya,,to sway,,,,1071,Source: RU5000 (v0.1) - RU5000.csv
каша,word,kasha,,porridge,,,,1072,Source: RU5000 (v0.1) - RU5000.csv
каюта,word,kayuta,,cabin,,,,1073,Source: RU5000 (v0.1) - RU5000.csv
квадратный,word,kvadratnyy,,square,,,,1074,Source: RU5000 (v0.1) - RU5000.csv
квартира,word,kvartira,,apartment,,,,1075,Source: RU5000 (v0.1) - RU5000.csv
КГБ,word,kagebe,,kgb,,,,1076,Source: RU5000 (v0.1) - RU5000.csv
кивать,word,kivat',,to nod,,,,1077,Source: RU5000 (v0.1) - RU5000.csv
кивнуть,word,kivnut',,to nod,,,,1078,Source: RU5000 (v0.1) - RU5000.csv
кидать,word,kidat',,to throw,,,,1079,Source: RU5000 (v0.1) - RU5000.csv
килограмм,word,kilogram,,kilogram,,,,1080,Source: RU5000 (v0.1) - RU5000.csv
километр,word,kilometr,,kilometer,,,,1081,Source: RU5000 (v0.1) - RU5000.csv
кинуть,word,kinut',,to throw,,,,1082,Source: RU5000 (v0.1) - RU5000.csv
кинуться,word,kinut'sya,,to rush,,,,1083,Source: RU5000 (v0.1) - RU5000.csv
кипеть,word,kipet',,to boil,,,,1084,Source: RU5000 (v0.1) - RU5000.csv
китаец,word,kitaets,,chinese,,,,1085,Source: RU5000 (v0.1) - RU5000.csv
китайский,word,kitayskiy,,Chinese,,,,1086,Source: RU5000 (v0.1) - RU5000.csv
кладбище,word,kladbishche,,cemetery,,,,1087,Source: RU5000 (v0.1) - RU5000.csv
класс,word,klass,,class,,,,1088,Source: RU5000 (v0.1) - RU5000.csv
классический,word,klassicheskiy,,classical,,,,1089,Source: RU5000 (v0.1) - RU5000.csv
класть,word,klast',,to put,,,,1090,Source: RU5000 (v0.1) - RU5000.csv
кличка,word,khirurg,,nickname,,,,1091,Source: RU5000 (v0.1) - RU5000.csv
клуб,word,klub,,club,,,,1092,Source: RU5000 (v0.1) - RU5000.csv
клясться,word,klyastsya,,to swear,,,,1093,Source: RU5000 (v0.1) - RU5000.csv
книга,word,kniga,,book,,,,1094,Source: RU5000 (v0.1) - RU5000.csv
книжный,word,knizhnyy,,book,,,,1095,Source: RU5000 (v0.1) - RU5000.csv
ко,word,ko,,ko,,,,1096,Source: RU5000 (v0.1) - RU5000.csv
ковер,word,kovyor,,carpet,,,,1097,Source: RU5000 (v0.1) - RU5000.csv
когда,word,kogda,,when,,,,1098,Source: RU5000 (v0.1) - RU5000.csv
кожаный,word,kozhanyj,,leather,,,,1099,Source: RU5000 (v0.1) - RU5000.csv
кой,word,koy,,which,,,,1100,Source: RU5000 (v0.1) - RU5000.csv
колдун,word,koldun,,witch,,,,1101,Source: RU5000 (v0.1) - RU5000.csv
колено,word,koleno,,knee,,,,1102,Source: RU5000 (v0.1) - RU5000.csv
колесо,word,kitajskij,,wheel,,,,1103,Source: RU5000 (v0.1) - RU5000.csv
количество,word,kolichestvo,,quantity,,,,1104,Source: RU5000 (v0.1) - RU5000.csv
коллега,word,kollega,,colleague,,,,1105,Source: RU5000 (v0.1) - RU5000.csv
колодец,word,kolodets,,well,,,,1106,Source: RU5000 (v0.1) - RU5000.csv
колоть,word,kolot',,to prick,,,,1107,Source: RU5000 (v0.1) - RU5000.csv
колючий,word,kolyuchiy,,barbed,,,,1108,Source: RU5000 (v0.1) - RU5000.csv
командир,word,komandir,,commander,,,,1109,Source: RU5000 (v0.1) - RU5000.csv
командировка,word,komandirovka,,business trip,,,,1110,Source: RU5000 (v0.1) - RU5000.csv
командование,word,komandovanije,,command,,,,1111,Source: RU5000 (v0.1) - RU5000.csv
командовать,word,komandovat',,to command,,,,1112,Source: RU5000 (v0.1) - RU5000.csv
командующий,word,komanduyushchiy,,commanding,,,,1113,Source: RU5000 (v0.1) - RU5000.csv
комар,word,komar,,mosquito,,,,1114,Source: RU5000 (v0.1) - RU5000.csv
комбат,word,kombat,,battalion commander,,,,1115,Source: RU5000 (v0.1) - RU5000.csv
комиссия,word,komissiya,,commission,,,,1116,Source: RU5000 (v0.1) - RU5000.csv
коммерческий,word,kommercheskiy,,commercial,,,,1117,Source: RU5000 (v0.1) - RU5000.csv
коммунистический,word,kommunisticheskiy,,communist,,,,1118,Source: RU5000 (v0.1) - RU5000.csv
комната,word,komnata,,room,,,,1119,Source: RU5000 (v0.1) - RU5000.csv
комсомольский,word,komsomol'skiy,,Komsomol,,,,1120,Source: RU5000 (v0.1) - RU5000.csv
конечный,word,konechnyj,,finite,,,,1121,Source: RU5000 (v0.1) - RU5000.csv
конкретный,word,konkretnyj,,specific,,,,1122,Source: RU5000 (v0.1) - RU5000.csv
конкурс,word,konkurs,,contest,,,,1123,Source: RU5000 (v0.1) - RU5000.csv
контакт,word,kontakt,,contact,,,,1124,Source: RU5000 (v0.1) - RU5000.csv
конференция,word,konferentsiya,,conference,,,,1125,Source: RU5000 (v0.1) - RU5000.csv
концепция,word,kontseptsiya,,concept,,,,1126,Source: RU5000 (v0.1) - RU5000.csv
концерт,word,kontsert,,concert,,,,1127,Source: RU5000 (v0.1) - RU5000.csv
кончать,word,konchat',,to finish,,,,1128,Source: RU5000 (v0.1) - RU5000.csv
кончаться,word,konchat'sya,,to finish,,,,1129,Source: RU5000 (v0.1) - RU5000.csv
кончить,word,konchit',,to finish,,,,1130,Source: RU5000 (v0.1) - RU5000.csv
кончиться,word,konchit'sya,,to end,,,,1131,Source: RU5000 (v0.1) - RU5000.csv
корабль,word,korabl',,ship,,,,1132,Source: RU5000 (v0.1) - RU5000.csv
корейский,word,koreyskiy,,Korean,,,,1133,Source: RU5000 (v0.1) - RU5000.csv
корень,word,koren',,root,,,,1134,Source: RU5000 (v0.1) - RU5000.csv
корзина,word,korzina,,basket,,,,1135,Source: RU5000 (v0.1) - RU5000.csv
коридор,word,koridor,,corridor,,,,1136,Source: RU5000 (v0.1) - RU5000.csv
коричневый,word,korichnevyy,,brown,,,,1137,Source: RU5000 (v0.1) - RU5000.csv
кормить,word,kormit',,to feed,,,,1138,Source: RU5000 (v0.1) - RU5000.csv
коробка,word,korobka,,box,,,,1139,Source: RU5000 (v0.1) - RU5000.csv
королева,word,koroleva,,queen,,,,1140,Source: RU5000 (v0.1) - RU5000.csv
королевский,word,korolevskiy,,royal,,,,1141,Source: RU5000 (v0.1) - RU5000.csv
король,word,korol',,king,,,,1142,Source: RU5000 (v0.1) - RU5000.csv
короткий,word,korotkiy,,short,,,,1143,Source: RU5000 (v0.1) - RU5000.csv
коротко,word,korotko,,short,,,,1144,Source: RU5000 (v0.1) - RU5000.csv
корпус,word,korpus,,frame,,,,1145,Source: RU5000 (v0.1) - RU5000.csv
космический,word,kosmicheskiy,,space,,,,1146,Source: RU5000 (v0.1) - RU5000.csv
космос,word,kosmos,,space,,,,1147,Source: RU5000 (v0.1) - RU5000.csv
коснуться,word,kosnut'sya,,to touch,,,,1148,Source: RU5000 (v0.1) - RU5000.csv
косой,word,kosoy,,oblique,,,,1149,Source: RU5000 (v0.1) - RU5000.csv
костить,word,kostit',,to bone,,,,1150,Source: RU5000 (v0.1) - RU5000.csv
кот,word,kot,,cat,,,,1151,Source: RU5000 (v0.1) - RU5000.csv
который,word,kotoryj,,which,,,,1152,Source: RU5000 (v0.1) - RU5000.csv
кофе,word,kofe,,coffee,,,,1153,Source: RU5000 (v0.1) - RU5000.csv
кошка,word,koshka,,cat,,,,1154,Source: RU5000 (v0.1) - RU5000.csv
край,word,kray,,edge,,,,1155,Source: RU5000 (v0.1) - RU5000.csv
крайне,word,krayne,,extremely,,,,1156,Source: RU5000 (v0.1) - RU5000.csv
крайний,word,krayniy,,extreme,,,,1157,Source: RU5000 (v0.1) - RU5000.csv
красавица,word,krasavitsa,,gorgeous,,,,1158,Source: RU5000 (v0.1) - RU5000.csv
красиво,word,krasivo,,beautiful,,,,1159,Source: RU5000 (v0.1) - RU5000.csv
красивый,word,krasivyy,,Beautiful,,,,1160,Source: RU5000 (v0.1) - RU5000.csv
краска,word,kraska,,dye,,,,1161,Source: RU5000 (v0.1) - RU5000.csv
красный,word,krasnyy,,red,,,,1162,Source: RU5000 (v0.1) - RU5000.csv
Кремль,word,kreml',,kremlin,,,,1163,Source: RU5000 (v0.1) - RU5000.csv
крепкий,word,krepkiy,,strong,,,,1164,Source: RU5000 (v0.1) - RU5000.csv
крепко,word,krepko,,tightly,,,,1165,Source: RU5000 (v0.1) - RU5000.csv
крестьянин,word,krest'yanin,,peasant,,,,1166,Source: RU5000 (v0.1) - RU5000.csv
крестьянский,word,krest'yanskiy,,peasant,,,,1167,Source: RU5000 (v0.1) - RU5000.csv
кривой,word,krivoy,,crooked,,,,1168,Source: RU5000 (v0.1) - RU5000.csv
крик,word,krik,,scream,,,,1169,Source: RU5000 (v0.1) - RU5000.csv
крикнуть,word,kriknut',,to shout,,,,1170,Source: RU5000 (v0.1) - RU5000.csv
кричать,word,krichat',,to scream,,,,1171,Source: RU5000 (v0.1) - RU5000.csv
кровавый,word,krovavyy,,bloody,,,,1172,Source: RU5000 (v0.1) - RU5000.csv
кровотечение,word,krovotechenie,,bleeding,,,,1173,Source: RU5000 (v0.1) - RU5000.csv
кролик,word,krolik,,rabbit,,,,1174,Source: RU5000 (v0.1) - RU5000.csv
кроме,word,krome,,except,,,,1175,Source: RU5000 (v0.1) - RU5000.csv
крохотный,word,krokhotnyy,,tiny,,,,1176,Source: RU5000 (v0.1) - RU5000.csv
крошечный,word,kroshechnyj,,tiny,,,,1177,Source: RU5000 (v0.1) - RU5000.csv
круглый,word,kruglyy,,round,,,,1178,Source: RU5000 (v0.1) - RU5000.csv
кругом,word,krugom,,all around,,,,1179,Source: RU5000 (v0.1) - RU5000.csv
кружиться,word,kruzhitsya,,to spin,,,,1180,Source: RU5000 (v0.1) - RU5000.csv
крупнейший,word,krupneyshiy,,the largest,,,,1181,Source: RU5000 (v0.1) - RU5000.csv
крупный,word,krúpnyj,,large,,,,1182,Source: RU5000 (v0.1) - RU5000.csv
крутить,word,krutit',,to twist,,,,1183,Source: RU5000 (v0.1) - RU5000.csv
крутиться,word,krutit'sja,,to spin,,,,1184,Source: RU5000 (v0.1) - RU5000.csv
круто,word,kruto,,cool,,,,1185,Source: RU5000 (v0.1) - RU5000.csv
крутой,word,krutoy,,steep,,,,1186,Source: RU5000 (v0.1) - RU5000.csv
крыльцо,word,kryl'tso,,porch,,,,1187,Source: RU5000 (v0.1) - RU5000.csv
кстати,word,kstati,,by the way,,,,1188,Source: RU5000 (v0.1) - RU5000.csv
кто,word,kto,,who,,,,1189,Source: RU5000 (v0.1) - RU5000.csv
куда,word,kuda,,where,,,,1190,Source: RU5000 (v0.1) - RU5000.csv
кузнец,word,kuznec,,blacksmith,,,,1191,Source: RU5000 (v0.1) - RU5000.csv
кукла,word,kukla,,doll,,,,1192,Source: RU5000 (v0.1) - RU5000.csv
кулак,word,kulak,,fist,,,,1193,Source: RU5000 (v0.1) - RU5000.csv
культура,word,kultura,,culture,,,,1194,Source: RU5000 (v0.1) - RU5000.csv
культурный,word,kulturnyy,,cultural,,,,1195,Source: RU5000 (v0.1) - RU5000.csv
купаться,word,kupat'sya,,to bathe,,,,1196,Source: RU5000 (v0.1) - RU5000.csv
купить,word,kupit',,to buy,,,,1197,Source: RU5000 (v0.1) - RU5000.csv
курить,word,kurit',,to smoke,,,,1198,Source: RU5000 (v0.1) - RU5000.csv
куртка,word,kurtka,,jacket,,,,1199,Source: RU5000 (v0.1) - RU5000.csv
кусок,word,kusok,,piece,,,,1200,Source: RU5000 (v0.1) - RU5000.csv
куст,word,kust,,bush,,,,1201,Source: RU5000 (v0.1) - RU5000.csv
кушать,word,kushat',,to eat,,,,1202,Source: RU5000 (v0.1) - RU5000.csv
лагерный,word,lagernyy,,camp,,,,1203,Source: RU5000 (v0.1) - RU5000.csv
ладно,word,ladno,,ok,,,,1204,Source: RU5000 (v0.1) - RU5000.csv
ладонь,word,ladon',,palm,,,,1205,Source: RU5000 (v0.1) - RU5000.csv
лампа,word,lampa,,lamp,,,,1206,Source: RU5000 (v0.1) - RU5000.csv
ласково,word,laskovo,,affectionately,,,,1207,Source: RU5000 (v0.1) - RU5000.csv
ласковый,word,laskovyy,,affectionate,,,,1208,Source: RU5000 (v0.1) - RU5000.csv
левый,word,levyy,,left,,,,1209,Source: RU5000 (v0.1) - RU5000.csv
легенда,word,legenda,,legend,,,,1210,Source: RU5000 (v0.1) - RU5000.csv
легко,word,legko,,easily,,,,1211,Source: RU5000 (v0.1) - RU5000.csv
ледяной,word,ledyanoy,,ice,,,,1212,Source: RU5000 (v0.1) - RU5000.csv
лежать,word,lezhat',,to lie,,,,1213,Source: RU5000 (v0.1) - RU5000.csv
лезть,word,lezt',,to climb,,,,1214,Source: RU5000 (v0.1) - RU5000.csv
лейтенант,word,leytenant,,lieutenant,,,,1215,Source: RU5000 (v0.1) - RU5000.csv
лекарственный,word,lekarstvennyy,,drug,,,,1216,Source: RU5000 (v0.1) - RU5000.csv
лекарство,word,lekarstvo,,medicine,,,,1217,Source: RU5000 (v0.1) - RU5000.csv
лениво,word,lenivo,,lazily,,,,1218,Source: RU5000 (v0.1) - RU5000.csv
ленинградский,word,leningradsky,,Leningrad,,,,1219,Source: RU5000 (v0.1) - RU5000.csv
ленинский,word,leninskiy,,Leninist,,,,1220,Source: RU5000 (v0.1) - RU5000.csv
лесной,word,lesnoj,,forest,,,,1221,Source: RU5000 (v0.1) - RU5000.csv
летать,word,letat',,to fly,,,,1222,Source: RU5000 (v0.1) - RU5000.csv
лететь,word,letet',,to fly,,,,1223,Source: RU5000 (v0.1) - RU5000.csv
летний,word,létnij,,summer,,,,1224,Source: RU5000 (v0.1) - RU5000.csv
лечение,word,lechenie,,treatment,,,,1225,Source: RU5000 (v0.1) - RU5000.csv
лечить,word,lechit',,to treat,,,,1226,Source: RU5000 (v0.1) - RU5000.csv
лечь,word,lech',,to lie down,,,,1227,Source: RU5000 (v0.1) - RU5000.csv
ли,word,li,,whether,,,,1228,Source: RU5000 (v0.1) - RU5000.csv
либо,word,libo,,or,,,,1229,Source: RU5000 (v0.1) - RU5000.csv
лиловый,word,lilovyy,,purple,,,,1230,Source: RU5000 (v0.1) - RU5000.csv
листва,word,listva,,foliage,,,,1231,Source: RU5000 (v0.1) - RU5000.csv
листок,word,listok,,leaflet,,,,1232,Source: RU5000 (v0.1) - RU5000.csv
литературный,word,literaturnyj,,literary,,,,1233,Source: RU5000 (v0.1) - RU5000.csv
личный,word,lichnyy,,private,,,,1234,Source: RU5000 (v0.1) - RU5000.csv
лишенный,word,lishennyy,,deprived,,,,1235,Source: RU5000 (v0.1) - RU5000.csv
лишить,word,lishit',,to deprive,,,,1236,Source: RU5000 (v0.1) - RU5000.csv
лишний,word,lishniy,,extra,,,,1237,Source: RU5000 (v0.1) - RU5000.csv
лишь,word,lish,,only,,,,1238,Source: RU5000 (v0.1) - RU5000.csv
ловить,word,lovit',,to catch,,,,1239,Source: RU5000 (v0.1) - RU5000.csv
ловко,word,lovko,,cleverly,,,,1240,Source: RU5000 (v0.1) - RU5000.csv
ложиться,word,lozhit'sya,,to go to bed,,,,1241,Source: RU5000 (v0.1) - RU5000.csv
ложный,word,lozhnyy,,false,,,,1242,Source: RU5000 (v0.1) - RU5000.csv
лозунг,word,lozung,,slogan,,,,1243,Source: RU5000 (v0.1) - RU5000.csv
ломать,word,lomat',,to break,,,,1244,Source: RU5000 (v0.1) - RU5000.csv
Лондон,word,london,,london,,,,1245,Source: RU5000 (v0.1) - RU5000.csv
лопнуть,word,lopnut',,to burst,,,,1246,Source: RU5000 (v0.1) - RU5000.csv
лужа,word,luzha,,puddle,,,,1247,Source: RU5000 (v0.1) - RU5000.csv
лунный,word,lunnyy,,lunar,,,,1248,Source: RU5000 (v0.1) - RU5000.csv
луч,word,luch,,beam,,,,1249,Source: RU5000 (v0.1) - RU5000.csv
лучший,word,luchshij,,best,,,,1250,Source: RU5000 (v0.1) - RU5000.csv
лысый,word,lysyj,,bald,,,,1251,Source: RU5000 (v0.1) - RU5000.csv
любимый,word,ljubimyj,,Darling,,,,1252,Source: RU5000 (v0.1) - RU5000.csv
любить,word,lyubit',,to love,,,,1253,Source: RU5000 (v0.1) - RU5000.csv
любоваться,word,lyubovat'sya,,to admire,,,,1254,Source: RU5000 (v0.1) - RU5000.csv
любовь,word,lyubov,,love,,,,1255,Source: RU5000 (v0.1) - RU5000.csv
любой,word,lyuboy,,any,,,,1256,Source: RU5000 (v0.1) - RU5000.csv
любопытный,word,lyubopytnyy,,curious,,,,1257,Source: RU5000 (v0.1) - RU5000.csv
людской,word,ljudskoj,,human,,,,1258,Source: RU5000 (v0.1) - RU5000.csv
лёгкий,word,legkij,,easy,,,,1259,Source: RU5000 (v0.1) - RU5000.csv
лёгкость,word,ljoxkost',,ease,,,,1260,Source: RU5000 (v0.1) - RU5000.csv
маг,word,mag,,magician,,,,1261,Source: RU5000 (v0.1) - RU5000.csv
магазин,word,magazin,,shop,,,,1262,Source: RU5000 (v0.1) - RU5000.csv
магический,word,magicheskiy,,magical,,,,1263,Source: RU5000 (v0.1) - RU5000.csv
магия,word,magiya,,magic,,,,1264,Source: RU5000 (v0.1) - RU5000.csv
мадам,word,madam,,madam,,,,1265,Source: RU5000 (v0.1) - RU5000.csv
майка,word,mayka,,t-shirt,,,,1266,Source: RU5000 (v0.1) - RU5000.csv
максимальный,word,maksimal'nyy,,maximum,,,,1267,Source: RU5000 (v0.1) - RU5000.csv
малейший,word,maleyshiy,,the slightest,,,,1268,Source: RU5000 (v0.1) - RU5000.csv
маленький,word,malenkiy,,small,,,,1269,Source: RU5000 (v0.1) - RU5000.csv
мало,word,malo,,few,,,,1270,Source: RU5000 (v0.1) - RU5000.csv
малый,word,malyj,,small,,,,1271,Source: RU5000 (v0.1) - RU5000.csv
малыш,word,malysh,,baby,,,,1272,Source: RU5000 (v0.1) - RU5000.csv
мальчик,word,mal'chik,,boy,,,,1273,Source: RU5000 (v0.1) - RU5000.csv
мальчишка,word,mal'chishka,,boy,,,,1274,Source: RU5000 (v0.1) - RU5000.csv
мама,word,mama,,mother,,,,1275,Source: RU5000 (v0.1) - RU5000.csv
март,word,mart,,march,,,,1276,Source: RU5000 (v0.1) - RU5000.csv
марш,word,marsh,,march,,,,1277,Source: RU5000 (v0.1) - RU5000.csv
маршал,word,marshal,,marshal,,,,1278,Source: RU5000 (v0.1) - RU5000.csv
маска,word,maska,,mask,,,,1279,Source: RU5000 (v0.1) - RU5000.csv
массовый,word,massovyy,,mass,,,,1280,Source: RU5000 (v0.1) - RU5000.csv
масштаб,word,masshtab,,scale,,,,1281,Source: RU5000 (v0.1) - RU5000.csv
материальный,word,material'nyy,,material,,,,1282,Source: RU5000 (v0.1) - RU5000.csv
материя,word,materiya,,matter,,,,1283,Source: RU5000 (v0.1) - RU5000.csv
матка,word,matka,,uterus,,,,1284,Source: RU5000 (v0.1) - RU5000.csv
мать,word,mat',,mother,,,,1285,Source: RU5000 (v0.1) - RU5000.csv
матёрыйматерый,word,matjóryj,,seasonedseasoned,,,,1286,Source: RU5000 (v0.1) - RU5000.csv
махать,word,makhat',,to wave,,,,1287,Source: RU5000 (v0.1) - RU5000.csv
махнуть,word,maxnut',,to wave,,,,1288,Source: RU5000 (v0.1) - RU5000.csv
машинальный,word,mashinal'nyy,,mechanical,,,,1289,Source: RU5000 (v0.1) - RU5000.csv
машинка,word,mashinka,,typewriter,,,,1290,Source: RU5000 (v0.1) - RU5000.csv
мгновенно,word,mgnovenno,,instantly,,,,1291,Source: RU5000 (v0.1) - RU5000.csv
мебель,word,mebel',,furniture,,,,1292,Source: RU5000 (v0.1) - RU5000.csv
медицина,word,meditsina,,medicine,,,,1293,Source: RU5000 (v0.1) - RU5000.csv
медицинский,word,medicinskij,,medical,,,,1294,Source: RU5000 (v0.1) - RU5000.csv
медленно,word,medlenno,,slowly,,,,1295,Source: RU5000 (v0.1) - RU5000.csv
медленный,word,medlennyy,,slow,,,,1296,Source: RU5000 (v0.1) - RU5000.csv
медный,word,mednyy,,copper,,,,1297,Source: RU5000 (v0.1) - RU5000.csv
меж,word,mezh,,between,,,,1298,Source: RU5000 (v0.1) - RU5000.csv
между,word,mezhdu,,between,,,,1299,Source: RU5000 (v0.1) - RU5000.csv
международный,word,mezhdunarodnyy,,international,,,,1300,Source: RU5000 (v0.1) - RU5000.csv
мелкий,word,mel'kiy,,small,,,,1301,Source: RU5000 (v0.1) - RU5000.csv
мелькать,word,mel'kat',,to flicker,,,,1302,Source: RU5000 (v0.1) - RU5000.csv
мелькнуть,word,mel'knut',,to flash,,,,1303,Source: RU5000 (v0.1) - RU5000.csv
менее,word,menee,,less,,,,1304,Source: RU5000 (v0.1) - RU5000.csv
меньший,word,men'shiy,,less,,,,1305,Source: RU5000 (v0.1) - RU5000.csv
менять,word,menyat',,to change,,,,1306,Source: RU5000 (v0.1) - RU5000.csv
меняться,word,menyat'sya,,to change,,,,1307,Source: RU5000 (v0.1) - RU5000.csv
мера,word,mera,,measure,,,,1308,Source: RU5000 (v0.1) - RU5000.csv
мероприятие,word,meropriyatiye,,event,,,,1309,Source: RU5000 (v0.1) - RU5000.csv
мерцать,word,mertsat',,to flicker,,,,1310,Source: RU5000 (v0.1) - RU5000.csv
местечко,word,magiya,,place,,,,1311,Source: RU5000 (v0.1) - RU5000.csv
местный,word,mestnyy,,local,,,,1312,Source: RU5000 (v0.1) - RU5000.csv
место,word,mesto,,place,,,,1313,Source: RU5000 (v0.1) - RU5000.csv
месяц,word,mesyats,,month,,,,1314,Source: RU5000 (v0.1) - RU5000.csv
металлический,word,metallicheskiy,,metal,,,,1315,Source: RU5000 (v0.1) - RU5000.csv
метаться,word,metat'sja,,to rush about,,,,1316,Source: RU5000 (v0.1) - RU5000.csv
метро,word,metro,,metro,,,,1317,Source: RU5000 (v0.1) - RU5000.csv
механический,word,mekhanicheskiy,,mechanical,,,,1318,Source: RU5000 (v0.1) - RU5000.csv
мечтать,word,mechtat',,to dream,,,,1319,Source: RU5000 (v0.1) - RU5000.csv
мешать,word,meshat',,to interfere,,,,1320,Source: RU5000 (v0.1) - RU5000.csv
мешок,word,meshok,,bag,,,,1321,Source: RU5000 (v0.1) - RU5000.csv
миг,word,mig,,moment,,,,1322,Source: RU5000 (v0.1) - RU5000.csv
микрофон,word,mikrofon,,microphone,,,,1323,Source: RU5000 (v0.1) - RU5000.csv
милиция,word,militsiya,,police,,,,1324,Source: RU5000 (v0.1) - RU5000.csv
миллиард,word,milliárd,,billion,,,,1325,Source: RU5000 (v0.1) - RU5000.csv
миллион,word,million,,million,,,,1326,Source: RU5000 (v0.1) - RU5000.csv
милый,word,milyj,,Cute,,,,1327,Source: RU5000 (v0.1) - RU5000.csv
мимо,word,mimo,,past,,,,1328,Source: RU5000 (v0.1) - RU5000.csv
минимум,word,minimum,,minimum,,,,1329,Source: RU5000 (v0.1) - RU5000.csv
министерство,word,ministerstvo,,ministry,,,,1330,Source: RU5000 (v0.1) - RU5000.csv
министр,word,ministr,,minister,,,,1331,Source: RU5000 (v0.1) - RU5000.csv
миновать,word,minovat',,to pass by,,,,1332,Source: RU5000 (v0.1) - RU5000.csv
минута,word,minuta,,minute,,,,1333,Source: RU5000 (v0.1) - RU5000.csv
минутка,word,minutka,,a minute,,,,1334,Source: RU5000 (v0.1) - RU5000.csv
мир,word,mir,,world,,,,1335,Source: RU5000 (v0.1) - RU5000.csv
мирно,word,mirno,,peacefully,,,,1336,Source: RU5000 (v0.1) - RU5000.csv
мирный,word,mirnyy,,peaceful,,,,1337,Source: RU5000 (v0.1) - RU5000.csv
мировой,word,mirovoy,,world,,,,1338,Source: RU5000 (v0.1) - RU5000.csv
мисс,word,miss,,miss,,,,1339,Source: RU5000 (v0.1) - RU5000.csv
мистер,word,mister,,mister,,,,1340,Source: RU5000 (v0.1) - RU5000.csv
младенец,word,mladenets,,baby,,,,1341,Source: RU5000 (v0.1) - RU5000.csv
младший,word,mladshiy,,younger,,,,1342,Source: RU5000 (v0.1) - RU5000.csv
многие,word,mnogie,,many,,,,1343,Source: RU5000 (v0.1) - RU5000.csv
много,word,mnogo,,many,,,,1344,Source: RU5000 (v0.1) - RU5000.csv
многое,word,mnogoye,,much,,,,1345,Source: RU5000 (v0.1) - RU5000.csv
многочисленный,word,mnogočislennyj,,numerous,,,,1346,Source: RU5000 (v0.1) - RU5000.csv
могучий,word,moguchiy,,mighty,,,,1347,Source: RU5000 (v0.1) - RU5000.csv
модный,word,modnyy,,fashionable,,,,1348,Source: RU5000 (v0.1) - RU5000.csv
можно,word,mozhno,,can,,,,1349,Source: RU5000 (v0.1) - RU5000.csv
мой,word,moy,,my,,,,1350,Source: RU5000 (v0.1) - RU5000.csv
мокрый,word,mokryy,,wet,,,,1351,Source: RU5000 (v0.1) - RU5000.csv
мол,word,mol,,pier,,,,1352,Source: RU5000 (v0.1) - RU5000.csv
молитва,word,molitva,,prayer,,,,1353,Source: RU5000 (v0.1) - RU5000.csv
молиться,word,molit'sya,,to pray,,,,1354,Source: RU5000 (v0.1) - RU5000.csv
молния,word,molnija,,lightning,,,,1355,Source: RU5000 (v0.1) - RU5000.csv
молоденький,word,moloden'kiy,,young,,,,1356,Source: RU5000 (v0.1) - RU5000.csv
молодой,word,molodoy,,young,,,,1357,Source: RU5000 (v0.1) - RU5000.csv
молодёжь,word,molodjozhʹ,,youth,,,,1358,Source: RU5000 (v0.1) - RU5000.csv
молочный,word,molochnyy,,lactic,,,,1359,Source: RU5000 (v0.1) - RU5000.csv
молча,word,molcha,,silently,,,,1360,Source: RU5000 (v0.1) - RU5000.csv
молчаливый,word,molchalivyy,,silent,,,,1361,Source: RU5000 (v0.1) - RU5000.csv
молчать,word,molchat',,to keep silent,,,,1362,Source: RU5000 (v0.1) - RU5000.csv
момент,word,moment,,moment,,,,1363,Source: RU5000 (v0.1) - RU5000.csv
монастырь,word,monastyr,,monastery,,,,1364,Source: RU5000 (v0.1) - RU5000.csv
мораль,word,moral',,morality,,,,1365,Source: RU5000 (v0.1) - RU5000.csv
моральный,word,moralnyj,,moral,,,,1366,Source: RU5000 (v0.1) - RU5000.csv
мороженое,word,morozhenoye,,ice cream,,,,1367,Source: RU5000 (v0.1) - RU5000.csv
мороз,word,moroz,,freezing,,,,1368,Source: RU5000 (v0.1) - RU5000.csv
морской,word,morskoy,,nautical,,,,1369,Source: RU5000 (v0.1) - RU5000.csv
московский,word,moskovskiy,,Moscow,,,,1370,Source: RU5000 (v0.1) - RU5000.csv
мост,word,most,,bridge,,,,1371,Source: RU5000 (v0.1) - RU5000.csv
мостовая,word,mostovája,,pavement,,,,1372,Source: RU5000 (v0.1) - RU5000.csv
мотив,word,motiv,,motive,,,,1373,Source: RU5000 (v0.1) - RU5000.csv
мотор,word,motor,,motor,,,,1374,Source: RU5000 (v0.1) - RU5000.csv
мотоцикл,word,mysh',,motorbike,,,,1375,Source: RU5000 (v0.1) - RU5000.csv
мочь,word,mochʹ,,to be able,,,,1376,Source: RU5000 (v0.1) - RU5000.csv
мощный,word,moshchnyy,,powerful,,,,1377,Source: RU5000 (v0.1) - RU5000.csv
мрачно,word,mrachno,,gloomy,,,,1378,Source: RU5000 (v0.1) - RU5000.csv
мрачный,word,mrachnyy,,gloomy,,,,1379,Source: RU5000 (v0.1) - RU5000.csv
мудрость,word,mudrost',,wisdom,,,,1380,Source: RU5000 (v0.1) - RU5000.csv
мудрый,word,mudryy,,wise,,,,1381,Source: RU5000 (v0.1) - RU5000.csv
муж,word,muzh,,husband,,,,1382,Source: RU5000 (v0.1) - RU5000.csv
мужик,word,muzhik,,man,,,,1383,Source: RU5000 (v0.1) - RU5000.csv
мужской,word,muzhskoy,,male,,,,1384,Source: RU5000 (v0.1) - RU5000.csv
мужчина,word,maslo,,man,,,,1385,Source: RU5000 (v0.1) - RU5000.csv
музыка,word,muzyka,,music,,,,1386,Source: RU5000 (v0.1) - RU5000.csv
музыкальный,word,muzykalnyy,,musical,,,,1387,Source: RU5000 (v0.1) - RU5000.csv
мутный,word,mutnyy,,turbid,,,,1388,Source: RU5000 (v0.1) - RU5000.csv
мучительно,word,muchitelno,,painfully,,,,1389,Source: RU5000 (v0.1) - RU5000.csv
мучительный,word,muchitel'nyy,,painful,,,,1390,Source: RU5000 (v0.1) - RU5000.csv
мучить,word,muchit',,to torment,,,,1391,Source: RU5000 (v0.1) - RU5000.csv
мучиться,word,muchit'sja,,to suffer,,,,1392,Source: RU5000 (v0.1) - RU5000.csv
мчаться,word,mchat'sya,,to rush,,,,1393,Source: RU5000 (v0.1) - RU5000.csv
мы,word,my,,we,,,,1394,Source: RU5000 (v0.1) - RU5000.csv
мыло,word,mylo,,soap,,,,1395,Source: RU5000 (v0.1) - RU5000.csv
мысленно,word,myslenno,,mentally,,,,1396,Source: RU5000 (v0.1) - RU5000.csv
мыть,word,myt',,to wash,,,,1397,Source: RU5000 (v0.1) - RU5000.csv
мягкий,word,myagkiy,,soft,,,,1398,Source: RU5000 (v0.1) - RU5000.csv
мягко,word,myagko,,soft,,,,1399,Source: RU5000 (v0.1) - RU5000.csv
мясо,word,myaso,,meat,,,,1400,Source: RU5000 (v0.1) - RU5000.csv
мяч,word,mjach,,ball,,,,1401,Source: RU5000 (v0.1) - RU5000.csv
мёртвый,word,mjortvyj,,dead,,,,1402,Source: RU5000 (v0.1) - RU5000.csv
на,word,na,,on,,,,1403,Source: RU5000 (v0.1) - RU5000.csv
набережная,word,naberezhnaya,,embankment,,,,1404,Source: RU5000 (v0.1) - RU5000.csv
набирать,word,nabirat',,to dial,,,,1405,Source: RU5000 (v0.1) - RU5000.csv
набитый,word,nabítyj,,stuffed,,,,1406,Source: RU5000 (v0.1) - RU5000.csv
наблюдать,word,nablyudat',,to observe,,,,1407,Source: RU5000 (v0.1) - RU5000.csv
наблюдаться,word,nablyudat'sya,,to be observed,,,,1408,Source: RU5000 (v0.1) - RU5000.csv
наблюдение,word,nablyudenie,,observation,,,,1409,Source: RU5000 (v0.1) - RU5000.csv
набор,word,nabor,,kit,,,,1410,Source: RU5000 (v0.1) - RU5000.csv
набрать,word,nabrat',,to dial,,,,1411,Source: RU5000 (v0.1) - RU5000.csv
наверно,word,naverno,,maybe,,,,1412,Source: RU5000 (v0.1) - RU5000.csv
наверное,word,navernoye,,maybe,,,,1413,Source: RU5000 (v0.1) - RU5000.csv
наверняка,word,navernyaka,,for sure,,,,1414,Source: RU5000 (v0.1) - RU5000.csv
наверх,word,naverkh,,to the top,,,,1415,Source: RU5000 (v0.1) - RU5000.csv
наверху,word,naverkhu,,at the top,,,,1416,Source: RU5000 (v0.1) - RU5000.csv
навестить,word,navestit',,to visit,,,,1417,Source: RU5000 (v0.1) - RU5000.csv
навсегда,word,navsegda,,forever,,,,1418,Source: RU5000 (v0.1) - RU5000.csv
навстречу,word,navstrechu,,towards,,,,1419,Source: RU5000 (v0.1) - RU5000.csv
нагнуться,word,nagnut'sya,,to bend over,,,,1420,Source: RU5000 (v0.1) - RU5000.csv
награда,word,nagrada,,reward,,,,1421,Source: RU5000 (v0.1) - RU5000.csv
нагрузка,word,nagruzka,,load,,,,1422,Source: RU5000 (v0.1) - RU5000.csv
над,word,nad,,over,,,,1423,Source: RU5000 (v0.1) - RU5000.csv
надевать,word,nadevat',,to put on,,,,1424,Source: RU5000 (v0.1) - RU5000.csv
надежда,word,nadezhda,,hope,,,,1425,Source: RU5000 (v0.1) - RU5000.csv
надежный,word,nadezhnyy,,reliable,,,,1426,Source: RU5000 (v0.1) - RU5000.csv
надеть,word,nadet',,to put on,,,,1427,Source: RU5000 (v0.1) - RU5000.csv
надеяться,word,nadeyat'sya,,to hope,,,,1428,Source: RU5000 (v0.1) - RU5000.csv
надо,word,nado,,necessary,,,,1429,Source: RU5000 (v0.1) - RU5000.csv
надоесть,word,nadojest',,to get bored,,,,1430,Source: RU5000 (v0.1) - RU5000.csv
надолго,word,nadolgo,,for a long time,,,,1431,Source: RU5000 (v0.1) - RU5000.csv
надпись,word,nadpis',,inscription,,,,1432,Source: RU5000 (v0.1) - RU5000.csv
нажать,word,nazhat,,to press,,,,1433,Source: RU5000 (v0.1) - RU5000.csv
назад,word,nazad,,back,,,,1434,Source: RU5000 (v0.1) - RU5000.csv
название,word,nazvanie,,name,,,,1435,Source: RU5000 (v0.1) - RU5000.csv
назвать,word,nazvat',,to name,,,,1436,Source: RU5000 (v0.1) - RU5000.csv
назначать,word,naznachat',,to assign,,,,1437,Source: RU5000 (v0.1) - RU5000.csv
назначение,word,naznachenie,,appointment,,,,1438,Source: RU5000 (v0.1) - RU5000.csv
назначить,word,naznachit',,to appoint,,,,1439,Source: RU5000 (v0.1) - RU5000.csv
называть,word,nazyvat',,to call,,,,1440,Source: RU5000 (v0.1) - RU5000.csv
называться,word,nazyvat'sya,,to be called,,,,1441,Source: RU5000 (v0.1) - RU5000.csv
наиболее,word,naibolee,,most,,,,1442,Source: RU5000 (v0.1) - RU5000.csv
наивный,word,naiv,,naive,,,,1443,Source: RU5000 (v0.1) - RU5000.csv
найти,word,nayti,,to find,,,,1444,Source: RU5000 (v0.1) - RU5000.csv
найтись,word,naytis',,to be found,,,,1445,Source: RU5000 (v0.1) - RU5000.csv
наказать,word,nakazat',,to punish,,,,1446,Source: RU5000 (v0.1) - RU5000.csv
накануне,word,nakanune,,the day before,,,,1447,Source: RU5000 (v0.1) - RU5000.csv
наклониться,word,naklonit'sya,,to bend over,,,,1448,Source: RU5000 (v0.1) - RU5000.csv
наконец,word,nakonets,,finally,,,,1449,Source: RU5000 (v0.1) - RU5000.csv
накрыть,word,nakryt',,to cover,,,,1450,Source: RU5000 (v0.1) - RU5000.csv
налево,word,nalevo,,left,,,,1451,Source: RU5000 (v0.1) - RU5000.csv
наливать,word,nalivat',,to pour,,,,1452,Source: RU5000 (v0.1) - RU5000.csv
налить,word,nalit',,to pour,,,,1453,Source: RU5000 (v0.1) - RU5000.csv
налог,word,nalog,,tax,,,,1454,Source: RU5000 (v0.1) - RU5000.csv
налоговый,word,nalogovyj,,tax,,,,1455,Source: RU5000 (v0.1) - RU5000.csv
намерение,word,namerenije,,intention,,,,1456,Source: RU5000 (v0.1) - RU5000.csv
намёкнамек,word,namjók,,hinthint,,,,1457,Source: RU5000 (v0.1) - RU5000.csv
нанести,word,nanesti,,to apply,,,,1458,Source: RU5000 (v0.1) - RU5000.csv
наоборот,word,naoborot,,vice versa,,,,1459,Source: RU5000 (v0.1) - RU5000.csv
нападение,word,napadenie,,attack,,,,1460,Source: RU5000 (v0.1) - RU5000.csv
напасть,word,napast',,to attack,,,,1461,Source: RU5000 (v0.1) - RU5000.csv
напечатать,word,napechatat',,to type,,,,1462,Source: RU5000 (v0.1) - RU5000.csv
написать,word,napisat',,to write,,,,1463,Source: RU5000 (v0.1) - RU5000.csv
напиток,word,nagrada,,drink,,,,1464,Source: RU5000 (v0.1) - RU5000.csv
напиться,word,napit'sya,,to get drunk,,,,1465,Source: RU5000 (v0.1) - RU5000.csv
наполнить,word,napolnit',,to fill,,,,1466,Source: RU5000 (v0.1) - RU5000.csv
наполовину,word,napolovinu,,half,,,,1467,Source: RU5000 (v0.1) - RU5000.csv
напоминать,word,napominat',,to remind,,,,1468,Source: RU5000 (v0.1) - RU5000.csv
напомнить,word,napomnit',,to remind,,,,1469,Source: RU5000 (v0.1) - RU5000.csv
направить,word,napravit',,to direct,,,,1470,Source: RU5000 (v0.1) - RU5000.csv
направиться,word,napravit'sja,,to head towards,,,,1471,Source: RU5000 (v0.1) - RU5000.csv
направление,word,napravlenije,,direction,,,,1472,Source: RU5000 (v0.1) - RU5000.csv
направляться,word,napravlyat'sya,,to be headed,,,,1473,Source: RU5000 (v0.1) - RU5000.csv
направо,word,napravo,,right,,,,1474,Source: RU5000 (v0.1) - RU5000.csv
напрасно,word,naprasno,,in vain,,,,1475,Source: RU5000 (v0.1) - RU5000.csv
например,word,naprimér,,for example,,,,1476,Source: RU5000 (v0.1) - RU5000.csv
напротив,word,naprotiv,,against,,,,1477,Source: RU5000 (v0.1) - RU5000.csv
напряжение,word,napryazheniye,,voltage,,,,1478,Source: RU5000 (v0.1) - RU5000.csv
напряжённыйнапряжённый,word,naprjažónnyj,,tensetense,,,,1479,Source: RU5000 (v0.1) - RU5000.csv
нарастать,word,narastat',,to grow,,,,1480,Source: RU5000 (v0.1) - RU5000.csv
нарисовать,word,narisovat',,to draw,,,,1481,Source: RU5000 (v0.1) - RU5000.csv
народный,word,naródnyj,,folk,,,,1482,Source: RU5000 (v0.1) - RU5000.csv
нарочно,word,narochno,,on purpose,,,,1483,Source: RU5000 (v0.1) - RU5000.csv
наружу,word,naruzhu,,outward,,,,1484,Source: RU5000 (v0.1) - RU5000.csv
нарушать,word,narushat',,to violate,,,,1485,Source: RU5000 (v0.1) - RU5000.csv
нарушение,word,narushenie,,violation,,,,1486,Source: RU5000 (v0.1) - RU5000.csv
нарушить,word,narushit',,to violate,,,,1487,Source: RU5000 (v0.1) - RU5000.csv
наряд,word,naryad,,outfit,,,,1488,Source: RU5000 (v0.1) - RU5000.csv
население,word,naselenie,,population,,,,1489,Source: RU5000 (v0.1) - RU5000.csv
насквозь,word,naskvoz',,through,,,,1490,Source: RU5000 (v0.1) - RU5000.csv
насколько,word,naskol'ko,,how much,,,,1491,Source: RU5000 (v0.1) - RU5000.csv
наслаждение,word,naslazhdeniye,,pleasure,,,,1492,Source: RU5000 (v0.1) - RU5000.csv
насмешливо,word,nasmeshlivo,,mockingly,,,,1493,Source: RU5000 (v0.1) - RU5000.csv
настаивать,word,nastaivat',,to insist,,,,1494,Source: RU5000 (v0.1) - RU5000.csv
настать,word,nastat',,to arrive,,,,1495,Source: RU5000 (v0.1) - RU5000.csv
настолько,word,nastolko,,so,,,,1496,Source: RU5000 (v0.1) - RU5000.csv
настоящий,word,nastoyashchiy,,real,,,,1497,Source: RU5000 (v0.1) - RU5000.csv
наступать,word,nastupat',,to attack,,,,1498,Source: RU5000 (v0.1) - RU5000.csv
наступить,word,nastupit',,to step on,,,,1499,Source: RU5000 (v0.1) - RU5000.csv
насчет,word,naschet,,about,,,,1500,Source: RU5000 (v0.1) - RU5000.csv
наткнуться,word,natknut'sya,,to stumble upon,,,,1501,Source: RU5000 (v0.1) - RU5000.csv
натура,word,natura,,nature,,,,1502,Source: RU5000 (v0.1) - RU5000.csv
натянуть,word,natyanut',,to pull,,,,1503,Source: RU5000 (v0.1) - RU5000.csv
научить,word,nauchit',,to teach,,,,1504,Source: RU5000 (v0.1) - RU5000.csv
научиться,word,nauchit'sya,,to learn,,,,1505,Source: RU5000 (v0.1) - RU5000.csv
научно,word,nauchno,,scientifically,,,,1506,Source: RU5000 (v0.1) - RU5000.csv
научный,word,nauchnyj,,scientific,,,,1507,Source: RU5000 (v0.1) - RU5000.csv
нахмуриться,word,nakhmurit'sya,,to frown,,,,1508,Source: RU5000 (v0.1) - RU5000.csv
находить,word,nakhodit',,to find,,,,1509,Source: RU5000 (v0.1) - RU5000.csv
находиться,word,nakhodit'sya,,to be,,,,1510,Source: RU5000 (v0.1) - RU5000.csv
национальность,word,natsional'nost',,nationality,,,,1511,Source: RU5000 (v0.1) - RU5000.csv
национальный,word,nacionálʹnyj,,national,,,,1512,Source: RU5000 (v0.1) - RU5000.csv
начало,word,nachalo,,start,,,,1513,Source: RU5000 (v0.1) - RU5000.csv
начальник,word,nachal'nik,,boss,,,,1514,Source: RU5000 (v0.1) - RU5000.csv
начать,word,nachat',,to begin,,,,1515,Source: RU5000 (v0.1) - RU5000.csv
начаться,word,nachat'sya,,to begin,,,,1516,Source: RU5000 (v0.1) - RU5000.csv
начинать,word,nachinat',,to start off,,,,1517,Source: RU5000 (v0.1) - RU5000.csv
начинаться,word,nachinatsya,,to start off,,,,1518,Source: RU5000 (v0.1) - RU5000.csv
наш,word,nash,,our,,,,1519,Source: RU5000 (v0.1) - RU5000.csv
не,word,nye,,not,,,,1520,Source: RU5000 (v0.1) - RU5000.csv
небесный,word,nebesnyy,,heavenly,,,,1521,Source: RU5000 (v0.1) - RU5000.csv
небо,word,nebo,,sky,,,,1522,Source: RU5000 (v0.1) - RU5000.csv
небольшой,word,nebolshoy,,small,,,,1523,Source: RU5000 (v0.1) - RU5000.csv
небось,word,nebos',,i bet,,,,1524,Source: RU5000 (v0.1) - RU5000.csv
небрежно,word,nebrezhno,,carelessly,,,,1525,Source: RU5000 (v0.1) - RU5000.csv
неважно,word,nevazhno,,doesn't matter,,,,1526,Source: RU5000 (v0.1) - RU5000.csv
неведомый,word,nevedomyy,,unknown,,,,1527,Source: RU5000 (v0.1) - RU5000.csv
невероятно,word,neveroyatno,,incredible,,,,1528,Source: RU5000 (v0.1) - RU5000.csv
невероятный,word,neveroyatnyy,,incredible,,,,1529,Source: RU5000 (v0.1) - RU5000.csv
невидимый,word,nevidimyy,,invisible,,,,1530,Source: RU5000 (v0.1) - RU5000.csv
невозможно,word,nevozmozhno,,impossible,,,,1531,Source: RU5000 (v0.1) - RU5000.csv
невозможный,word,nevozmozhnyy,,impossible,,,,1532,Source: RU5000 (v0.1) - RU5000.csv
невольно,word,nevolno,,involuntarily,,,,1533,Source: RU5000 (v0.1) - RU5000.csv
невыносимый,word,nevynosímyj,,unbearable,,,,1534,Source: RU5000 (v0.1) - RU5000.csv
невысокий,word,nevysokiy,,low,,,,1535,Source: RU5000 (v0.1) - RU5000.csv
негромко,word,negromko,,quietly,,,,1536,Source: RU5000 (v0.1) - RU5000.csv
недавний,word,nedavniy,,recent,,,,1537,Source: RU5000 (v0.1) - RU5000.csv
недавно,word,nedavno,,recently,,,,1538,Source: RU5000 (v0.1) - RU5000.csv
недалеко,word,nedaleko,,near,,,,1539,Source: RU5000 (v0.1) - RU5000.csv
недаром,word,nedarom,,not without reason,,,,1540,Source: RU5000 (v0.1) - RU5000.csv
недовольно,word,nedovolno,,dissatisfied,,,,1541,Source: RU5000 (v0.1) - RU5000.csv
недовольный,word,nedovólʹnyj,,dissatisfied,,,,1542,Source: RU5000 (v0.1) - RU5000.csv
недолго,word,nedolgo,,not for long,,,,1543,Source: RU5000 (v0.1) - RU5000.csv
недостаточно,word,nedostatochno,,not enough,,,,1544,Source: RU5000 (v0.1) - RU5000.csv
нежно,word,nezhno,,gently,,,,1545,Source: RU5000 (v0.1) - RU5000.csv
нежный,word,nezhnyy,,gentle,,,,1546,Source: RU5000 (v0.1) - RU5000.csv
независимо,word,nezavisimo,,regardless,,,,1547,Source: RU5000 (v0.1) - RU5000.csv
независимый,word,nezavisimyy,,independent,,,,1548,Source: RU5000 (v0.1) - RU5000.csv
незаметно,word,nezametno,,unnoticed,,,,1549,Source: RU5000 (v0.1) - RU5000.csv
незнакомый,word,neznakomyy,,unfamiliar,,,,1550,Source: RU5000 (v0.1) - RU5000.csv
незначительный,word,neznačitelʹnyj,,minor,,,,1551,Source: RU5000 (v0.1) - RU5000.csv
неизбежный,word,neizbéžnyj,,inevitable,,,,1552,Source: RU5000 (v0.1) - RU5000.csv
неизвестный,word,neizvestnyj,,unknown,,,,1553,Source: RU5000 (v0.1) - RU5000.csv
некий,word,nekij,,some,,,,1554,Source: RU5000 (v0.1) - RU5000.csv
некогда,word,nekogda,,once,,,,1555,Source: RU5000 (v0.1) - RU5000.csv
некого,word,nekogo,,no one,,,,1556,Source: RU5000 (v0.1) - RU5000.csv
некоторый,word,nekotoryy,,some,,,,1557,Source: RU5000 (v0.1) - RU5000.csv
некуда,word,nekuda,,nowhere,,,,1558,Source: RU5000 (v0.1) - RU5000.csv
нелепый,word,nelépyj,,ridiculous,,,,1559,Source: RU5000 (v0.1) - RU5000.csv
неловко,word,nelovko,,awkward,,,,1560,Source: RU5000 (v0.1) - RU5000.csv
нельзя,word,nel'zya,,it is forbidden,,,,1561,Source: RU5000 (v0.1) - RU5000.csv
немало,word,nemalo,,quite a lot,,,,1562,Source: RU5000 (v0.1) - RU5000.csv
немалый,word,nemalyj,,considerable,,,,1563,Source: RU5000 (v0.1) - RU5000.csv
немедленно,word,nemedlenno,,immediately,,,,1564,Source: RU5000 (v0.1) - RU5000.csv
немец,word,nemets,,german,,,,1565,Source: RU5000 (v0.1) - RU5000.csv
немецкий,word,nemetskij,,German,,,,1566,Source: RU5000 (v0.1) - RU5000.csv
немного,word,nemnogo,,a little,,,,1567,Source: RU5000 (v0.1) - RU5000.csv
немножко,word,nemnozhko,,a little bit,,,,1568,Source: RU5000 (v0.1) - RU5000.csv
немой,word,nemoy,,dumb,,,,1569,Source: RU5000 (v0.1) - RU5000.csv
ненавидеть,word,nenavidet',,to hate,,,,1570,Source: RU5000 (v0.1) - RU5000.csv
ненужный,word,nenuzhnyy,,unnecessary,,,,1571,Source: RU5000 (v0.1) - RU5000.csv
необходимость,word,neobkhodimost',,necessity,,,,1572,Source: RU5000 (v0.1) - RU5000.csv
необходимый,word,neobxodímyj,,necessary,,,,1573,Source: RU5000 (v0.1) - RU5000.csv
необыкновенный,word,neobyknovennyj,,unusual,,,,1574,Source: RU5000 (v0.1) - RU5000.csv
необычный,word,neobychnyy,,unusual,,,,1575,Source: RU5000 (v0.1) - RU5000.csv
неожиданно,word,neozhidanno,,suddenly,,,,1576,Source: RU5000 (v0.1) - RU5000.csv
неожиданный,word,neozhídannyj,,unexpected,,,,1577,Source: RU5000 (v0.1) - RU5000.csv
неопределённыйнеопределенный,word,neopredeljónnyj,,indefiniteindefinite,,,,1578,Source: RU5000 (v0.1) - RU5000.csv
неплохо,word,neplokho,,not bad,,,,1579,Source: RU5000 (v0.1) - RU5000.csv
неплохой,word,neplokhoy,,not bad,,,,1580,Source: RU5000 (v0.1) - RU5000.csv
неподалёку,word,nepodalyoku,,nearby,,,,1581,Source: RU5000 (v0.1) - RU5000.csv
неподвижно,word,nepodvizhno,,still,,,,1582,Source: RU5000 (v0.1) - RU5000.csv
неподвижный,word,nepodvizhnyy,,fixed,,,,1583,Source: RU5000 (v0.1) - RU5000.csv
непонятно,word,neponyatno,,it's not clear,,,,1584,Source: RU5000 (v0.1) - RU5000.csv
непонятный,word,neponyatnyy,,incomprehensible,,,,1585,Source: RU5000 (v0.1) - RU5000.csv
непосредственно,word,neposredstvenno,,directly,,,,1586,Source: RU5000 (v0.1) - RU5000.csv
непосредственный,word,neposredstvennyy,,direct,,,,1587,Source: RU5000 (v0.1) - RU5000.csv
неправда,word,nepravda,,not true,,,,1588,Source: RU5000 (v0.1) - RU5000.csv
неправильный,word,nepravil'nyy,,wrong,,,,1589,Source: RU5000 (v0.1) - RU5000.csv
непременно,word,nepremenno,,certainly,,,,1590,Source: RU5000 (v0.1) - RU5000.csv
непривычный,word,neprivychnyy,,unwonted,,,,1591,Source: RU5000 (v0.1) - RU5000.csv
неприятно,word,nepriyatno,,unpleasant,,,,1592,Source: RU5000 (v0.1) - RU5000.csv
неприятный,word,nepriyatnyy,,unpleasant,,,,1593,Source: RU5000 (v0.1) - RU5000.csv
нерв,word,nerv,,nerve,,,,1594,Source: RU5000 (v0.1) - RU5000.csv
нервно,word,nervno,,nervously,,,,1595,Source: RU5000 (v0.1) - RU5000.csv
нервный,word,nervnyy,,nervous,,,,1596,Source: RU5000 (v0.1) - RU5000.csv
нередко,word,neredko,,not infrequently,,,,1597,Source: RU5000 (v0.1) - RU5000.csv
несколько,word,neskolko,,some,,,,1598,Source: RU5000 (v0.1) - RU5000.csv
несмотря,word,nesmotrya,,despite,,,,1599,Source: RU5000 (v0.1) - RU5000.csv
несомненно,word,nesomnenno,,undoubtedly,,,,1600,Source: RU5000 (v0.1) - RU5000.csv
нести,word,nesti,,to carry,,,,1601,Source: RU5000 (v0.1) - RU5000.csv
нестись,word,nestis',,to rush,,,,1602,Source: RU5000 (v0.1) - RU5000.csv
несчастный,word,neschastnyy,,unhappy,,,,1603,Source: RU5000 (v0.1) - RU5000.csv
несчастье,word,neschast'e,,misfortune,,,,1604,Source: RU5000 (v0.1) - RU5000.csv
нет,word,net,,no,,,,1605,Source: RU5000 (v0.1) - RU5000.csv
нетерпеливый,word,neterpelívyj,,impatient,,,,1606,Source: RU5000 (v0.1) - RU5000.csv
неторопливый,word,netoroplivyy,,leisurely,,,,1607,Source: RU5000 (v0.1) - RU5000.csv
нету,word,netu,,there is not,,,,1608,Source: RU5000 (v0.1) - RU5000.csv
неуверенный,word,neuvérennyj,,uncertain,,,,1609,Source: RU5000 (v0.1) - RU5000.csv
неудобно,word,neudobno,,uncomfortable,,,,1610,Source: RU5000 (v0.1) - RU5000.csv
неужели,word,nee-u-zhe-lee,,really,,,,1611,Source: RU5000 (v0.1) - RU5000.csv
нехороший,word,nexoróšij,,bad,,,,1612,Source: RU5000 (v0.1) - RU5000.csv
нехорошо,word,nekhorosho,,bad,,,,1613,Source: RU5000 (v0.1) - RU5000.csv
нечего,word,nechevo,,nothing,,,,1614,Source: RU5000 (v0.1) - RU5000.csv
нечто,word,nechto,,something,,,,1615,Source: RU5000 (v0.1) - RU5000.csv
неясный,word,nejásnyj,,unclear,,,,1616,Source: RU5000 (v0.1) - RU5000.csv
ни,word,ni,,no,,,,1617,Source: RU5000 (v0.1) - RU5000.csv
нигде,word,nigde,,nowhere,,,,1618,Source: RU5000 (v0.1) - RU5000.csv
ниже,word,nizhe,,below,,,,1619,Source: RU5000 (v0.1) - RU5000.csv
нижний,word,nizhniy,,lower,,,,1620,Source: RU5000 (v0.1) - RU5000.csv
низкий,word,nízkij,,short,,,,1621,Source: RU5000 (v0.1) - RU5000.csv
низко,word,nizko,,low,,,,1622,Source: RU5000 (v0.1) - RU5000.csv
никак,word,nikak,,no way,,,,1623,Source: RU5000 (v0.1) - RU5000.csv
никакой,word,nikakoy,,no,,,,1624,Source: RU5000 (v0.1) - RU5000.csv
никогда,word,nikogda,,never,,,,1625,Source: RU5000 (v0.1) - RU5000.csv
никто,word,nikto,,nobody,,,,1626,Source: RU5000 (v0.1) - RU5000.csv
никуда,word,nikuda,,nowhere,,,,1627,Source: RU5000 (v0.1) - RU5000.csv
нисколько,word,niskolko,,not at all,,,,1628,Source: RU5000 (v0.1) - RU5000.csv
нитка,word,nitka,,thread,,,,1629,Source: RU5000 (v0.1) - RU5000.csv
ничто,word,nichto,,nothing,,,,1630,Source: RU5000 (v0.1) - RU5000.csv
ничуть,word,nichut,,not at all,,,,1631,Source: RU5000 (v0.1) - RU5000.csv
нищий,word,nishchiy,,beggar,,,,1632,Source: RU5000 (v0.1) - RU5000.csv
но,word,no,,but,,,,1633,Source: RU5000 (v0.1) - RU5000.csv
новенький,word,novenkij,,newbie,,,,1634,Source: RU5000 (v0.1) - RU5000.csv
новость,word,novost',,news,,,,1635,Source: RU5000 (v0.1) - RU5000.csv
новый,word,novyj,,new,,,,1636,Source: RU5000 (v0.1) - RU5000.csv
нога,word,noga,,leg,,,,1637,Source: RU5000 (v0.1) - RU5000.csv
ноздря,word,nozdrya,,nostril,,,,1638,Source: RU5000 (v0.1) - RU5000.csv
ноль,word,nol,,zero,,,,1639,Source: RU5000 (v0.1) - RU5000.csv
номер,word,nomer,,number,,,,1640,Source: RU5000 (v0.1) - RU5000.csv
норма,word,norma,,norm,,,,1641,Source: RU5000 (v0.1) - RU5000.csv
нормально,word,normalno,,fine,,,,1642,Source: RU5000 (v0.1) - RU5000.csv
нормальный,word,normalnyj,,normal,,,,1643,Source: RU5000 (v0.1) - RU5000.csv
норовить,word,norovit',,to strive,,,,1644,Source: RU5000 (v0.1) - RU5000.csv
носить,word,nosit',,to wear,,,,1645,Source: RU5000 (v0.1) - RU5000.csv
ночевать,word,nochevat',,to spend the night,,,,1646,Source: RU5000 (v0.1) - RU5000.csv
ночной,word,nochnoy,,night,,,,1647,Source: RU5000 (v0.1) - RU5000.csv
ночь,word,noch,,night,,,,1648,Source: RU5000 (v0.1) - RU5000.csv
нравиться,word,nravit'sya,,to like,,,,1649,Source: RU5000 (v0.1) - RU5000.csv
нравственный,word,nravstvennyy,,moral,,,,1650,Source: RU5000 (v0.1) - RU5000.csv
ну,word,nu,,well,,,,1651,Source: RU5000 (v0.1) - RU5000.csv
нужда,word,nuzhda,,need,,,,1652,Source: RU5000 (v0.1) - RU5000.csv
нуждаться,word,nuzhdat'sja,,to need,,,,1653,Source: RU5000 (v0.1) - RU5000.csv
нужный,word,nuzhnyy,,necessary,,,,1654,Source: RU5000 (v0.1) - RU5000.csv
нуль,word,nul,,zero,,,,1655,Source: RU5000 (v0.1) - RU5000.csv
ныне,word,nyne,,now,,,,1656,Source: RU5000 (v0.1) - RU5000.csv
нынешний,word,nyneshniy,,current,,,,1657,Source: RU5000 (v0.1) - RU5000.csv
нынче,word,nynche,,nowadays,,,,1658,Source: RU5000 (v0.1) - RU5000.csv
о,word,o,,about,,,,1659,Source: RU5000 (v0.1) - RU5000.csv
об,word,ob,,about,,,,1660,Source: RU5000 (v0.1) - RU5000.csv
оба,word,óba,,both,,,,1661,Source: RU5000 (v0.1) - RU5000.csv
обвинение,word,obvinenie,,accusation,,,,1662,Source: RU5000 (v0.1) - RU5000.csv
обедать,word,obedat,,to dinner,,,,1663,Source: RU5000 (v0.1) - RU5000.csv
обезьяна,word,obezyana,,monkey,,,,1664,Source: RU5000 (v0.1) - RU5000.csv
обернуться,word,obernut'sya,,to turn around,,,,1665,Source: RU5000 (v0.1) - RU5000.csv
обеспечивать,word,obespechivat',,to provide,,,,1666,Source: RU5000 (v0.1) - RU5000.csv
обеспечить,word,obespechit',,to provide,,,,1667,Source: RU5000 (v0.1) - RU5000.csv
обещать,word,obeshchat',,to promise,,,,1668,Source: RU5000 (v0.1) - RU5000.csv
обида,word,obida,,resentment,,,,1669,Source: RU5000 (v0.1) - RU5000.csv
обидеть,word,obidet',,to offend,,,,1670,Source: RU5000 (v0.1) - RU5000.csv
обидеться,word,obidet'sya,,to be offended,,,,1671,Source: RU5000 (v0.1) - RU5000.csv
обидно,word,obidno,,it's a shame,,,,1672,Source: RU5000 (v0.1) - RU5000.csv
обижаться,word,obizhat'sya,,to take offense,,,,1673,Source: RU5000 (v0.1) - RU5000.csv
обладать,word,obladat',,to have,,,,1674,Source: RU5000 (v0.1) - RU5000.csv
облако,word,oblako,,cloud,,,,1675,Source: RU5000 (v0.1) - RU5000.csv
обломок,word,oblomok,,chip,,,,1676,Source: RU5000 (v0.1) - RU5000.csv
обмануть,word,obmanut',,to deceive,,,,1677,Source: RU5000 (v0.1) - RU5000.csv
обманывать,word,obmanyvat',,to deceive,,,,1678,Source: RU5000 (v0.1) - RU5000.csv
обмен,word,obmen,,exchange,,,,1679,Source: RU5000 (v0.1) - RU5000.csv
обморок,word,obmorok,,fainting,,,,1680,Source: RU5000 (v0.1) - RU5000.csv
обнаружить,word,obnaruzhit',,to discover,,,,1681,Source: RU5000 (v0.1) - RU5000.csv
обнимать,word,obnimat',,to hug,,,,1682,Source: RU5000 (v0.1) - RU5000.csv
обнять,word,obnjátʹ,,to hug,,,,1683,Source: RU5000 (v0.1) - RU5000.csv
обо,word,obo,,about,,,,1684,Source: RU5000 (v0.1) - RU5000.csv
обойти,word,oboyti,,to go around,,,,1685,Source: RU5000 (v0.1) - RU5000.csv
обойтись,word,oboytis',,to get by,,,,1686,Source: RU5000 (v0.1) - RU5000.csv
оболочка,word,obolochka,,shell,,,,1687,Source: RU5000 (v0.1) - RU5000.csv
оборачиваться,word,oborachivat'sya,,to turn around,,,,1688,Source: RU5000 (v0.1) - RU5000.csv
оборвать,word,oborvátʹ,,to break off,,,,1689,Source: RU5000 (v0.1) - RU5000.csv
оборот,word,oborot,,turnover,,,,1690,Source: RU5000 (v0.1) - RU5000.csv
обрадоваться,word,obradovat'sya,,to be happy,,,,1691,Source: RU5000 (v0.1) - RU5000.csv
образ,word,obraz,,image,,,,1692,Source: RU5000 (v0.1) - RU5000.csv
образованный,word,obrazóvannyj,,educated,,,,1693,Source: RU5000 (v0.1) - RU5000.csv
образоваться,word,obrazovat'sya,,to be formed,,,,1694,Source: RU5000 (v0.1) - RU5000.csv
обратить,word,obratit',,to turn,,,,1695,Source: RU5000 (v0.1) - RU5000.csv
обратиться,word,obratit'sya,,to contact,,,,1696,Source: RU5000 (v0.1) - RU5000.csv
обратно,word,obratno,,back,,,,1697,Source: RU5000 (v0.1) - RU5000.csv
обратный,word,obratnyj,,back,,,,1698,Source: RU5000 (v0.1) - RU5000.csv
обращать,word,obrashchat',,to turn,,,,1699,Source: RU5000 (v0.1) - RU5000.csv
обращаться,word,obrashchat'sya,,to address,,,,1700,Source: RU5000 (v0.1) - RU5000.csv
обрести,word,obresti,,to find,,,,1701,Source: RU5000 (v0.1) - RU5000.csv
обречённыйобреченный,word,obrečónnyj,,doomeddoomed,,,,1702,Source: RU5000 (v0.1) - RU5000.csv
обрыв,word,obryv,,cliff,,,,1703,Source: RU5000 (v0.1) - RU5000.csv
обстоятельство,word,obstoyatelstvo,,circumstance,,,,1704,Source: RU5000 (v0.1) - RU5000.csv
обсуждать,word,obsuzhdat',,to discuss,,,,1705,Source: RU5000 (v0.1) - RU5000.csv
обувь,word,ovoshch,,shoes,,,,1706,Source: RU5000 (v0.1) - RU5000.csv
обходить,word,obkhodit',,to go around,,,,1707,Source: RU5000 (v0.1) - RU5000.csv
обходиться,word,obkhodit'sya,,to get by,,,,1708,Source: RU5000 (v0.1) - RU5000.csv
обширный,word,obshirnyy,,extensive,,,,1709,Source: RU5000 (v0.1) - RU5000.csv
общаться,word,obshchat'sya,,to communicate,,,,1710,Source: RU5000 (v0.1) - RU5000.csv
общественный,word,obshchestvennyy,,public,,,,1711,Source: RU5000 (v0.1) - RU5000.csv
общество,word,obshchestvo,,society,,,,1712,Source: RU5000 (v0.1) - RU5000.csv
общий,word,óbščij,,general,,,,1713,Source: RU5000 (v0.1) - RU5000.csv
объединить,word,"ob""yedinit'""",,to unite,,,,1714,Source: RU5000 (v0.1) - RU5000.csv
объект,word,otchayanije,,object,,,,1715,Source: RU5000 (v0.1) - RU5000.csv
объективный,word,obyektivnyy,,objective,,,,1716,Source: RU5000 (v0.1) - RU5000.csv
объявить,word,obyavit',,to announce,,,,1717,Source: RU5000 (v0.1) - RU5000.csv
объявление,word,"ob""yavleniye""",,announcement,,,,1718,Source: RU5000 (v0.1) - RU5000.csv
объявлять,word,obyavlyat',,to declare,,,,1719,Source: RU5000 (v0.1) - RU5000.csv
объяснение,word,ob'yasnenie,,explanation,,,,1720,Source: RU5000 (v0.1) - RU5000.csv
объяснить,word,obyasnit',,to explain,,,,1721,Source: RU5000 (v0.1) - RU5000.csv
объяснять,word,obyasnyat',,to explain,,,,1722,Source: RU5000 (v0.1) - RU5000.csv
объясняться,word,"ob""yasnyat'sya""",,to explain oneself,,,,1723,Source: RU5000 (v0.1) - RU5000.csv
обыкновенный,word,obyknovennyj,,ordinary,,,,1724,Source: RU5000 (v0.1) - RU5000.csv
обычно,word,obychno,,usually,,,,1725,Source: RU5000 (v0.1) - RU5000.csv
обычный,word,obychnyy,,ordinary,,,,1726,Source: RU5000 (v0.1) - RU5000.csv
обязанный,word,obyazannyy,,obliged,,,,1727,Source: RU5000 (v0.1) - RU5000.csv
обязательно,word,obyazatelno,,necessarily,,,,1728,Source: RU5000 (v0.1) - RU5000.csv
обязательный,word,objazátel'nyj,,required,,,,1729,Source: RU5000 (v0.1) - RU5000.csv
овраг,word,ovrag,,ravine,,,,1730,Source: RU5000 (v0.1) - RU5000.csv
оглядеть,word,oglyadet',,to look around,,,,1731,Source: RU5000 (v0.1) - RU5000.csv
оглядеться,word,oglyadetsya,,to look around,,,,1732,Source: RU5000 (v0.1) - RU5000.csv
оглядывать,word,ogljádyvatʹ,,to look around,,,,1733,Source: RU5000 (v0.1) - RU5000.csv
оглядываться,word,oglyadyvat'sya,,to look back,,,,1734,Source: RU5000 (v0.1) - RU5000.csv
оглянуться,word,oglyanut'sya,,to look back,,,,1735,Source: RU5000 (v0.1) - RU5000.csv
огненный,word,ognennyy,,fiery,,,,1736,Source: RU5000 (v0.1) - RU5000.csv
огонь,word,ogon',,fire,,,,1737,Source: RU5000 (v0.1) - RU5000.csv
огород,word,ogorod,,garden,,,,1738,Source: RU5000 (v0.1) - RU5000.csv
ограниченный,word,ogranichennyy,,limited,,,,1739,Source: RU5000 (v0.1) - RU5000.csv
огромный,word,ogromnyy,,huge,,,,1740,Source: RU5000 (v0.1) - RU5000.csv
одеваться,word,odevátʹsja,,to dress,,,,1741,Source: RU5000 (v0.1) - RU5000.csv
Одесса,word,odessa,,odessa,,,,1742,Source: RU5000 (v0.1) - RU5000.csv
одетый,word,odetyy,,dressed,,,,1743,Source: RU5000 (v0.1) - RU5000.csv
одеться,word,odet'sya,,to get dressed,,,,1744,Source: RU5000 (v0.1) - RU5000.csv
один,word,odín,,one,,,,1745,Source: RU5000 (v0.1) - RU5000.csv
одинаково,word,odinakovo,,equally,,,,1746,Source: RU5000 (v0.1) - RU5000.csv
одинаковый,word,odinakovyy,,same,,,,1747,Source: RU5000 (v0.1) - RU5000.csv
одиннадцать,word,odínnadtsat',,eleven,,,,1748,Source: RU5000 (v0.1) - RU5000.csv
одинокий,word,Odinokij,,lonely,,,,1749,Source: RU5000 (v0.1) - RU5000.csv
однажды,word,odnazhdy,,one day,,,,1750,Source: RU5000 (v0.1) - RU5000.csv
однако,word,odnako,,however,,,,1751,Source: RU5000 (v0.1) - RU5000.csv
одновременно,word,odnovremenno,,simultaneously,,,,1752,Source: RU5000 (v0.1) - RU5000.csv
ожидать,word,ozhidat',,to expect,,,,1753,Source: RU5000 (v0.1) - RU5000.csv
озеро,word,ozero,,lake,,,,1754,Source: RU5000 (v0.1) - RU5000.csv
означать,word,oznachat',,to mean,,,,1755,Source: RU5000 (v0.1) - RU5000.csv
ой,word,oy,,ouch,,,,1756,Source: RU5000 (v0.1) - RU5000.csv
оказать,word,okazátʹ,,to provide,,,,1757,Source: RU5000 (v0.1) - RU5000.csv
оказаться,word,okazat'sja,,to turn out to be,,,,1758,Source: RU5000 (v0.1) - RU5000.csv
оказывать,word,okazyvat',,to render,,,,1759,Source: RU5000 (v0.1) - RU5000.csv
оказываться,word,okazyvat'sya,,to turn out to be,,,,1760,Source: RU5000 (v0.1) - RU5000.csv
око,word,oko,,eye,,,,1761,Source: RU5000 (v0.1) - RU5000.csv
около,word,okolo,,near,,,,1762,Source: RU5000 (v0.1) - RU5000.csv
окончательно,word,okonchatelno,,finally,,,,1763,Source: RU5000 (v0.1) - RU5000.csv
окончательный,word,okonchatel'nyy,,final,,,,1764,Source: RU5000 (v0.1) - RU5000.csv
окончить,word,okonchit',,to finish,,,,1765,Source: RU5000 (v0.1) - RU5000.csv
окоп,word,okop,,trench,,,,1766,Source: RU5000 (v0.1) - RU5000.csv
окошко,word,okoshko,,window,,,,1767,Source: RU5000 (v0.1) - RU5000.csv
окружать,word,okruzhat',,to surround,,,,1768,Source: RU5000 (v0.1) - RU5000.csv
окружающий,word,okruzhayushchiy,,surrounding,,,,1769,Source: RU5000 (v0.1) - RU5000.csv
окружить,word,okruzhit',,to surround,,,,1770,Source: RU5000 (v0.1) - RU5000.csv
он,word,on,,he,,,,1771,Source: RU5000 (v0.1) - RU5000.csv
она,word,ona,,she,,,,1772,Source: RU5000 (v0.1) - RU5000.csv
они,word,oni,,they,,,,1773,Source: RU5000 (v0.1) - RU5000.csv
оно,word,ano,,it,,,,1774,Source: RU5000 (v0.1) - RU5000.csv
опасаться,word,opasat'sja,,to fear,,,,1775,Source: RU5000 (v0.1) - RU5000.csv
опасно,word,opasno,,dangerous,,,,1776,Source: RU5000 (v0.1) - RU5000.csv
опасный,word,opasnyy,,dangerous,,,,1777,Source: RU5000 (v0.1) - RU5000.csv
оперативный,word,operativnyy,,operational,,,,1778,Source: RU5000 (v0.1) - RU5000.csv
операция,word,operatsiya,,operation,,,,1779,Source: RU5000 (v0.1) - RU5000.csv
опираться,word,opirat'sja,,to rely on,,,,1780,Source: RU5000 (v0.1) - RU5000.csv
описать,word,opisat',,to describe,,,,1781,Source: RU5000 (v0.1) - RU5000.csv
описывать,word,opisivat',,to describe,,,,1782,Source: RU5000 (v0.1) - RU5000.csv
опоздать,word,opozdat',,to be late,,,,1783,Source: RU5000 (v0.1) - RU5000.csv
опомниться,word,opomnitsya,,to come to one's senses,,,,1784,Source: RU5000 (v0.1) - RU5000.csv
оправдать,word,opravdat',,to justify,,,,1785,Source: RU5000 (v0.1) - RU5000.csv
определить,word,opredelitʹ,,to define,,,,1786,Source: RU5000 (v0.1) - RU5000.csv
определять,word,opredelyat',,to determine,,,,1787,Source: RU5000 (v0.1) - RU5000.csv
определяться,word,opredelyat'sya,,to be determined,,,,1788,Source: RU5000 (v0.1) - RU5000.csv
определённый,word,opredeljónnyj,,definite,,,,1789,Source: RU5000 (v0.1) - RU5000.csv
опубликовать,word,opublikovat',,to publish,,,,1790,Source: RU5000 (v0.1) - RU5000.csv
опускать,word,opuskat',,to let down,,,,1791,Source: RU5000 (v0.1) - RU5000.csv
опускаться,word,opustit'sya,,to go down,,,,1792,Source: RU5000 (v0.1) - RU5000.csv
опустить,word,opustit',,to lower,,,,1793,Source: RU5000 (v0.1) - RU5000.csv
опуститься,word,opustit'sya,,to go down,,,,1794,Source: RU5000 (v0.1) - RU5000.csv
опытный,word,opytnyy,,experienced,,,,1795,Source: RU5000 (v0.1) - RU5000.csv
опять,word,opyat',,again,,,,1796,Source: RU5000 (v0.1) - RU5000.csv
оранжевый,word,oranzhevyy,,orange,,,,1797,Source: RU5000 (v0.1) - RU5000.csv
орать,word,orat',,to yell,,,,1798,Source: RU5000 (v0.1) - RU5000.csv
орган,word,organ,,organ,,,,1799,Source: RU5000 (v0.1) - RU5000.csv
организация,word,organizatsiya,,organization,,,,1800,Source: RU5000 (v0.1) - RU5000.csv
организовать,word,organizovat',,to organize,,,,1801,Source: RU5000 (v0.1) - RU5000.csv
орден,word,orden,,order,,,,1802,Source: RU5000 (v0.1) - RU5000.csv
оригинальный,word,original'nyy,,original,,,,1803,Source: RU5000 (v0.1) - RU5000.csv
осведомиться,word,osvedomit'sya,,to inquire,,,,1804,Source: RU5000 (v0.1) - RU5000.csv
осветить,word,osvetit',,to illuminate,,,,1805,Source: RU5000 (v0.1) - RU5000.csv
освободить,word,osvobodit',,to free,,,,1806,Source: RU5000 (v0.1) - RU5000.csv
освободиться,word,osvobodit'sya,,to free oneself,,,,1807,Source: RU5000 (v0.1) - RU5000.csv
осенний,word,osénnij,,autumn,,,,1808,Source: RU5000 (v0.1) - RU5000.csv
осматривать,word,osmatrivat',,to inspect,,,,1809,Source: RU5000 (v0.1) - RU5000.csv
осмотреть,word,osmotret',,to inspect,,,,1810,Source: RU5000 (v0.1) - RU5000.csv
основание,word,osnovanie,,base,,,,1811,Source: RU5000 (v0.1) - RU5000.csv
основать,word,osnovat',,to found,,,,1812,Source: RU5000 (v0.1) - RU5000.csv
основной,word,osnovnoy,,basic,,,,1813,Source: RU5000 (v0.1) - RU5000.csv
особенно,word,osobenno,,especially,,,,1814,Source: RU5000 (v0.1) - RU5000.csv
особенность,word,osobennost',,peculiarity,,,,1815,Source: RU5000 (v0.1) - RU5000.csv
особенный,word,osobennyy,,special,,,,1816,Source: RU5000 (v0.1) - RU5000.csv
особняк,word,osobnjak,,mansion,,,,1817,Source: RU5000 (v0.1) - RU5000.csv
особо,word,osobo,,especially,,,,1818,Source: RU5000 (v0.1) - RU5000.csv
особый,word,osobyj,,special,,,,1819,Source: RU5000 (v0.1) - RU5000.csv
осознать,word,osoznat',,to realize,,,,1820,Source: RU5000 (v0.1) - RU5000.csv
оставаться,word,ostavat'sya,,to stay,,,,1821,Source: RU5000 (v0.1) - RU5000.csv
оставить,word,ostavit',,to leave,,,,1822,Source: RU5000 (v0.1) - RU5000.csv
оставлять,word,ostavlyat',,to leave,,,,1823,Source: RU5000 (v0.1) - RU5000.csv
остальное,word,ostal'noe,,rest,,,,1824,Source: RU5000 (v0.1) - RU5000.csv
остальной,word,ostalnoy,,the rest,,,,1825,Source: RU5000 (v0.1) - RU5000.csv
останавливаться,word,ostanavlivat'sya,,to stop,,,,1826,Source: RU5000 (v0.1) - RU5000.csv
остановить,word,ostanovit',,to stop,,,,1827,Source: RU5000 (v0.1) - RU5000.csv
остановиться,word,ostanovit'sja,,to stay,,,,1828,Source: RU5000 (v0.1) - RU5000.csv
остаться,word,ostat'sya,,to stay,,,,1829,Source: RU5000 (v0.1) - RU5000.csv
осторожно,word,ostorozhno,,carefully,,,,1830,Source: RU5000 (v0.1) - RU5000.csv
осторожный,word,ostorozhnyy,,careful,,,,1831,Source: RU5000 (v0.1) - RU5000.csv
остро,word,ostro,,sharp,,,,1832,Source: RU5000 (v0.1) - RU5000.csv
остров,word,ostrov,,island,,,,1833,Source: RU5000 (v0.1) - RU5000.csv
острый,word,ostryj,,spicy,,,,1834,Source: RU5000 (v0.1) - RU5000.csv
от,word,ot,,from,,,,1835,Source: RU5000 (v0.1) - RU5000.csv
отбросить,word,otbrosit',,to discard,,,,1836,Source: RU5000 (v0.1) - RU5000.csv
отвезти,word,otvezti,,to take away,,,,1837,Source: RU5000 (v0.1) - RU5000.csv
отвернуться,word,otvernut'sya,,to turn away,,,,1838,Source: RU5000 (v0.1) - RU5000.csv
отвести,word,otvesti,,to take away,,,,1839,Source: RU5000 (v0.1) - RU5000.csv
ответ,word,otvet,,answer,,,,1840,Source: RU5000 (v0.1) - RU5000.csv
ответить,word,otvetit',,to answer,,,,1841,Source: RU5000 (v0.1) - RU5000.csv
ответственный,word,otvetstvennyy,,responsible,,,,1842,Source: RU5000 (v0.1) - RU5000.csv
отвечать,word,otvechat',,to reply,,,,1843,Source: RU5000 (v0.1) - RU5000.csv
отвратительный,word,otvratitel'nyj,,disgusting,,,,1844,Source: RU5000 (v0.1) - RU5000.csv
отдавать,word,otdavat',,to give away,,,,1845,Source: RU5000 (v0.1) - RU5000.csv
отдаленный,word,otdalyonnyy,,remote,,,,1846,Source: RU5000 (v0.1) - RU5000.csv
отдать,word,otdat',,to give away,,,,1847,Source: RU5000 (v0.1) - RU5000.csv
отдел,word,otdel,,department,,,,1848,Source: RU5000 (v0.1) - RU5000.csv
отдельно,word,otdelno,,separately,,,,1849,Source: RU5000 (v0.1) - RU5000.csv
отдельный,word,otdel'nyj,,separate,,,,1850,Source: RU5000 (v0.1) - RU5000.csv
отдохнуть,word,otdokhnut',,to take a rest,,,,1851,Source: RU5000 (v0.1) - RU5000.csv
отдыхать,word,otdykhat',,to rest,,,,1852,Source: RU5000 (v0.1) - RU5000.csv
отель,word,otel,,hotel,,,,1853,Source: RU5000 (v0.1) - RU5000.csv
отечественный,word,otéčestvennyj,,domestic,,,,1854,Source: RU5000 (v0.1) - RU5000.csv
отказ,word,obrazets,,refusal,,,,1855,Source: RU5000 (v0.1) - RU5000.csv
отказать,word,otkazat',,to refuse,,,,1856,Source: RU5000 (v0.1) - RU5000.csv
отказаться,word,otkazat'sja,,to refuse,,,,1857,Source: RU5000 (v0.1) - RU5000.csv
отказываться,word,otkazyvat'sya,,to refuse,,,,1858,Source: RU5000 (v0.1) - RU5000.csv
откинуть,word,otkinut',,to throw back,,,,1859,Source: RU5000 (v0.1) - RU5000.csv
откликнуться,word,otkliknut'sya,,to respond,,,,1860,Source: RU5000 (v0.1) - RU5000.csv
откровенно,word,otkrovenno,,frankly,,,,1861,Source: RU5000 (v0.1) - RU5000.csv
открывать,word,otkryvat',,to open,,,,1862,Source: RU5000 (v0.1) - RU5000.csv
открываться,word,otkryvatsya,,to open,,,,1863,Source: RU5000 (v0.1) - RU5000.csv
открытие,word,otkrytie,,opening,,,,1864,Source: RU5000 (v0.1) - RU5000.csv
открыто,word,otkryto,,open,,,,1865,Source: RU5000 (v0.1) - RU5000.csv
открытый,word,otkrytyj,,open,,,,1866,Source: RU5000 (v0.1) - RU5000.csv
открыть,word,otkryt',,to open,,,,1867,Source: RU5000 (v0.1) - RU5000.csv
открыться,word,otkrytsya,,to open up,,,,1868,Source: RU5000 (v0.1) - RU5000.csv
откуда,word,otkuda,,where,,,,1869,Source: RU5000 (v0.1) - RU5000.csv
отличаться,word,otlichat'sya,,to differ,,,,1870,Source: RU5000 (v0.1) - RU5000.csv
отличие,word,otlichie,,difference,,,,1871,Source: RU5000 (v0.1) - RU5000.csv
отлично,word,otlichno,,great,,,,1872,Source: RU5000 (v0.1) - RU5000.csv
отличный,word,otlichnyy,,great,,,,1873,Source: RU5000 (v0.1) - RU5000.csv
отложить,word,otlozhit',,to put off,,,,1874,Source: RU5000 (v0.1) - RU5000.csv
отменить,word,otmenit',,to cancel,,,,1875,Source: RU5000 (v0.1) - RU5000.csv
отметить,word,otmetit',,to note,,,,1876,Source: RU5000 (v0.1) - RU5000.csv
отмечать,word,otmechat',,to note,,,,1877,Source: RU5000 (v0.1) - RU5000.csv
отмечаться,word,otmechat'sya,,to check in,,,,1878,Source: RU5000 (v0.1) - RU5000.csv
отнести,word,otnesti,,to take away,,,,1879,Source: RU5000 (v0.1) - RU5000.csv
относительно,word,otnositel'no,,relatively,,,,1880,Source: RU5000 (v0.1) - RU5000.csv
относиться,word,otnosit'sya,,to treat,,,,1881,Source: RU5000 (v0.1) - RU5000.csv
отношение,word,otnoshenie,,attitude,,,,1882,Source: RU5000 (v0.1) - RU5000.csv
отнюдь,word,otnyud,,not at all,,,,1883,Source: RU5000 (v0.1) - RU5000.csv
отнять,word,otnyat',,to take away,,,,1884,Source: RU5000 (v0.1) - RU5000.csv
отобрать,word,otobrat',,to take away,,,,1885,Source: RU5000 (v0.1) - RU5000.csv
отодвинуть,word,otodvinut',,to move aside,,,,1886,Source: RU5000 (v0.1) - RU5000.csv
отозваться,word,otozvat'sya,,to respond,,,,1887,Source: RU5000 (v0.1) - RU5000.csv
отойти,word,otoyti,,to move away,,,,1888,Source: RU5000 (v0.1) - RU5000.csv
оторвать,word,otorvat',,to tear off,,,,1889,Source: RU5000 (v0.1) - RU5000.csv
оторваться,word,otorvat'sya,,to break away,,,,1890,Source: RU5000 (v0.1) - RU5000.csv
отправить,word,otpravit',,to send,,,,1891,Source: RU5000 (v0.1) - RU5000.csv
отправиться,word,otpravit'sya,,to set off,,,,1892,Source: RU5000 (v0.1) - RU5000.csv
отправлять,word,otpravlyat',,to send,,,,1893,Source: RU5000 (v0.1) - RU5000.csv
отправляться,word,otpravljat'sja,,to set off,,,,1894,Source: RU5000 (v0.1) - RU5000.csv
отпускать,word,otpuskat',,to let go,,,,1895,Source: RU5000 (v0.1) - RU5000.csv
отпустить,word,otpustit',,to let go,,,,1896,Source: RU5000 (v0.1) - RU5000.csv
отрезать,word,otrezat',,to cut off,,,,1897,Source: RU5000 (v0.1) - RU5000.csv
отрицательный,word,otricátelʹnyj,,negative,,,,1898,Source: RU5000 (v0.1) - RU5000.csv
отрывать,word,otryvat',,to tear off,,,,1899,Source: RU5000 (v0.1) - RU5000.csv
отрываться,word,otryvat'sya,,to have fun,,,,1900,Source: RU5000 (v0.1) - RU5000.csv
отставать,word,otstavat',,to lag behind,,,,1901,Source: RU5000 (v0.1) - RU5000.csv
отставка,word,otstavka,,resignation,,,,1902,Source: RU5000 (v0.1) - RU5000.csv
отстать,word,otstat',,to fall behind,,,,1903,Source: RU5000 (v0.1) - RU5000.csv
отступать,word,otstupat',,to retreat,,,,1904,Source: RU5000 (v0.1) - RU5000.csv
отступить,word,otstupit',,to retreat,,,,1905,Source: RU5000 (v0.1) - RU5000.csv
отсутствие,word,otsútstvije,,absence,,,,1906,Source: RU5000 (v0.1) - RU5000.csv
отсутствовать,word,otsutstvovat',,to be absent,,,,1907,Source: RU5000 (v0.1) - RU5000.csv
отсюда,word,otsyuda,,from here,,,,1908,Source: RU5000 (v0.1) - RU5000.csv
оттенок,word,ottenok,,shade,,,,1909,Source: RU5000 (v0.1) - RU5000.csv
оттого,word,ottogo,,that's why,,,,1910,Source: RU5000 (v0.1) - RU5000.csv
оттуда,word,ottuda,,from there,,,,1911,Source: RU5000 (v0.1) - RU5000.csv
отходить,word,otkhodit',,to move away,,,,1912,Source: RU5000 (v0.1) - RU5000.csv
отчаяние,word,otchayaniye,,despair,,,,1913,Source: RU5000 (v0.1) - RU5000.csv
отчаянно,word,otchayanno,,desperately,,,,1914,Source: RU5000 (v0.1) - RU5000.csv
отчаянный,word,otchayannyy,,desperate,,,,1915,Source: RU5000 (v0.1) - RU5000.csv
отчего,word,otchego,,why,,,,1916,Source: RU5000 (v0.1) - RU5000.csv
отчетливо,word,otchetlivo,,clearly,,,,1917,Source: RU5000 (v0.1) - RU5000.csv
отыскать,word,otyskat',,to find,,,,1918,Source: RU5000 (v0.1) - RU5000.csv
офис,word,ofis,,office,,,,1919,Source: RU5000 (v0.1) - RU5000.csv
офицерский,word,ofitserskiy,,officer's,,,,1920,Source: RU5000 (v0.1) - RU5000.csv
официально,word,ofitsialno,,officially,,,,1921,Source: RU5000 (v0.1) - RU5000.csv
официальный,word,ofitsial'nyy,,official,,,,1922,Source: RU5000 (v0.1) - RU5000.csv
официант,word,ofitsiant,,waiter,,,,1923,Source: RU5000 (v0.1) - RU5000.csv
ох,word,okh,,oh,,,,1924,Source: RU5000 (v0.1) - RU5000.csv
охватить,word,okhvatítʹ,,to embrace,,,,1925,Source: RU5000 (v0.1) - RU5000.csv
охотно,word,okhotno,,willingly,,,,1926,Source: RU5000 (v0.1) - RU5000.csv
охранник,word,okhrannik,,security guard,,,,1927,Source: RU5000 (v0.1) - RU5000.csv
охранять,word,okhranyat',,to guard,,,,1928,Source: RU5000 (v0.1) - RU5000.csv
оценить,word,otsenit',,to evaluate,,,,1929,Source: RU5000 (v0.1) - RU5000.csv
очаг,word,ochag,,hearth,,,,1930,Source: RU5000 (v0.1) - RU5000.csv
очевидно,word,ochevidno,,obviously,,,,1931,Source: RU5000 (v0.1) - RU5000.csv
очевидный,word,ochevidnyy,,evident,,,,1932,Source: RU5000 (v0.1) - RU5000.csv
очень,word,ochen',,very,,,,1933,Source: RU5000 (v0.1) - RU5000.csv
очередной,word,ocherednoy,,another one,,,,1934,Source: RU5000 (v0.1) - RU5000.csv
очередь,word,ochered',,queue,,,,1935,Source: RU5000 (v0.1) - RU5000.csv
очнуться,word,ochnut'sya,,to wake up,,,,1936,Source: RU5000 (v0.1) - RU5000.csv
очутиться,word,ochutit'sya,,to find yourself,,,,1937,Source: RU5000 (v0.1) - RU5000.csv
ошибаться,word,oshibatsya,,to make mistakes,,,,1938,Source: RU5000 (v0.1) - RU5000.csv
ошибиться,word,oshibit'sya,,to make a mistake,,,,1939,Source: RU5000 (v0.1) - RU5000.csv
ощутить,word,oshchutit',,to feel,,,,1940,Source: RU5000 (v0.1) - RU5000.csv
ощущать,word,oshchushchat',,to feel,,,,1941,Source: RU5000 (v0.1) - RU5000.csv
ощущение,word,oshchuschenie,,feeling,,,,1942,Source: RU5000 (v0.1) - RU5000.csv
падать,word,padat',,to fall,,,,1943,Source: RU5000 (v0.1) - RU5000.csv
пакет,word,paket,,plastic bag,,,,1944,Source: RU5000 (v0.1) - RU5000.csv
палата,word,palata,,ward,,,,1945,Source: RU5000 (v0.1) - RU5000.csv
палка,word,palka,,stick,,,,1946,Source: RU5000 (v0.1) - RU5000.csv
палочка,word,palochka,,wand,,,,1947,Source: RU5000 (v0.1) - RU5000.csv
палуба,word,paluba,,deck,,,,1948,Source: RU5000 (v0.1) - RU5000.csv
памятник,word,pamyatnik,,monument,,,,1949,Source: RU5000 (v0.1) - RU5000.csv
память,word,pamyat',,memory,,,,1950,Source: RU5000 (v0.1) - RU5000.csv
паника,word,panika,,panic,,,,1951,Source: RU5000 (v0.1) - RU5000.csv
папка,word,papka,,folder,,,,1952,Source: RU5000 (v0.1) - RU5000.csv
парадный,word,paradnyy,,ceremonial,,,,1953,Source: RU5000 (v0.1) - RU5000.csv
парень,word,paren,,boy,,,,1954,Source: RU5000 (v0.1) - RU5000.csv
парнишка,word,parnishka,,boy,,,,1955,Source: RU5000 (v0.1) - RU5000.csv
пароход,word,parokhod,,steamship,,,,1956,Source: RU5000 (v0.1) - RU5000.csv
партизан,word,partizan,,partisan,,,,1957,Source: RU5000 (v0.1) - RU5000.csv
партийный,word,partíjnyj,,party,,,,1958,Source: RU5000 (v0.1) - RU5000.csv
паспорт,word,pasport,,passport,,,,1959,Source: RU5000 (v0.1) - RU5000.csv
пассажир,word,passazhir,,passenger,,,,1960,Source: RU5000 (v0.1) - RU5000.csv
пауза,word,pause,,pause,,,,1961,Source: RU5000 (v0.1) - RU5000.csv
пахнуть,word,pahnut',,to smell,,,,1962,Source: RU5000 (v0.1) - RU5000.csv
пейзаж,word,peyzazh,,scenery,,,,1963,Source: RU5000 (v0.1) - RU5000.csv
пена,word,pena,,foam,,,,1964,Source: RU5000 (v0.1) - RU5000.csv
первый,word,pérvyj,,first,,,,1965,Source: RU5000 (v0.1) - RU5000.csv
перебивать,word,perebivat',,to interrupt,,,,1966,Source: RU5000 (v0.1) - RU5000.csv
перебирать,word,perebirat',,to sort through,,,,1967,Source: RU5000 (v0.1) - RU5000.csv
перебить,word,perebit',,to interrupt,,,,1968,Source: RU5000 (v0.1) - RU5000.csv
перебраться,word,perebrat'sya,,to get over,,,,1969,Source: RU5000 (v0.1) - RU5000.csv
перевернуть,word,perevernut',,to turn over,,,,1970,Source: RU5000 (v0.1) - RU5000.csv
перевести,word,perevesti,,to translate,,,,1971,Source: RU5000 (v0.1) - RU5000.csv
переводить,word,perevodit',,to transfer,,,,1972,Source: RU5000 (v0.1) - RU5000.csv
переводчик,word,perevodchik,,translator,,,,1973,Source: RU5000 (v0.1) - RU5000.csv
переглянуться,word,pereglyanut'sya,,to exchange glances,,,,1974,Source: RU5000 (v0.1) - RU5000.csv
переговоры,word,peregovory,,negotiation,,,,1975,Source: RU5000 (v0.1) - RU5000.csv
перед,word,pered,,before,,,,1976,Source: RU5000 (v0.1) - RU5000.csv
передавать,word,peredavat',,to transmit,,,,1977,Source: RU5000 (v0.1) - RU5000.csv
передать,word,peredat',,to hand over,,,,1978,Source: RU5000 (v0.1) - RU5000.csv
передача,word,peredacha,,broadcast,,,,1979,Source: RU5000 (v0.1) - RU5000.csv
передний,word,perednij,,front,,,,1980,Source: RU5000 (v0.1) - RU5000.csv
передо,word,peredo,,in front,,,,1981,Source: RU5000 (v0.1) - RU5000.csv
передовой,word,Peredovoj,,advanced,,,,1982,Source: RU5000 (v0.1) - RU5000.csv
переехать,word,pereyekhat',,to run over,,,,1983,Source: RU5000 (v0.1) - RU5000.csv
переживать,word,perezhivat',,to worry,,,,1984,Source: RU5000 (v0.1) - RU5000.csv
пережить,word,perezhity,,to survive,,,,1985,Source: RU5000 (v0.1) - RU5000.csv
перейти,word,pereyti,,to go to,,,,1986,Source: RU5000 (v0.1) - RU5000.csv
перемена,word,peremena,,change,,,,1987,Source: RU5000 (v0.1) - RU5000.csv
перенести,word,perenesti,,to postpone,,,,1988,Source: RU5000 (v0.1) - RU5000.csv
переносить,word,perenosit',,to transfer,,,,1989,Source: RU5000 (v0.1) - RU5000.csv
перерыв,word,pereryv,,break,,,,1990,Source: RU5000 (v0.1) - RU5000.csv
пересечь,word,peresech,,to cross,,,,1991,Source: RU5000 (v0.1) - RU5000.csv
переспросить,word,peresprosit',,to ask again,,,,1992,Source: RU5000 (v0.1) - RU5000.csv
переставать,word,perestavat',,to stop,,,,1993,Source: RU5000 (v0.1) - RU5000.csv
перестать,word,perestat',,to stop,,,,1994,Source: RU5000 (v0.1) - RU5000.csv
переулок,word,pereulok,,alley,,,,1995,Source: RU5000 (v0.1) - RU5000.csv
перехватить,word,perexvatit',,to intercept,,,,1996,Source: RU5000 (v0.1) - RU5000.csv
переход,word,perexod,,transition,,,,1997,Source: RU5000 (v0.1) - RU5000.csv
переходить,word,perexodit',,to cross over,,,,1998,Source: RU5000 (v0.1) - RU5000.csv
перо,word,pero,,feather,,,,1999,Source: RU5000 (v0.1) - RU5000.csv
перспектива,word,perspektiva,,perspective,,,,2000,Source: RU5000 (v0.1) - RU5000.csv
Петербург,word,peterburg,,st. petersburg,,,,2001,Source: RU5000 (v0.1) - RU5000.csv
петь,word,pet',,to sing,,,,2002,Source: RU5000 (v0.1) - RU5000.csv
пехота,word,pehota,,infantry,,,,2003,Source: RU5000 (v0.1) - RU5000.csv
печаль,word,posadka,,sadness,,,,2004,Source: RU5000 (v0.1) - RU5000.csv
печально,word,osobenno,,sadly,,,,2005,Source: RU5000 (v0.1) - RU5000.csv
печальный,word,pechalnyy,,sad,,,,2006,Source: RU5000 (v0.1) - RU5000.csv
печатать,word,pechatat',,to print,,,,2007,Source: RU5000 (v0.1) - RU5000.csv
печь,word,pech,,bake,,,,2008,Source: RU5000 (v0.1) - RU5000.csv
пешком,word,peshkom,,on foot,,,,2009,Source: RU5000 (v0.1) - RU5000.csv
пиво,word,pivo,,beer,,,,2010,Source: RU5000 (v0.1) - RU5000.csv
пилить,word,pilit',,to saw,,,,2011,Source: RU5000 (v0.1) - RU5000.csv
пилот,word,plakat,,pilot,,,,2012,Source: RU5000 (v0.1) - RU5000.csv
писатель,word,pisatel',,writer,,,,2013,Source: RU5000 (v0.1) - RU5000.csv
писать,word,pisat',,to write,,,,2014,Source: RU5000 (v0.1) - RU5000.csv
пистолет,word,pistolet,,gun,,,,2015,Source: RU5000 (v0.1) - RU5000.csv
письменный,word,pismennyy,,writing,,,,2016,Source: RU5000 (v0.1) - RU5000.csv
письмо,word,pis'mo,,letter,,,,2017,Source: RU5000 (v0.1) - RU5000.csv
питаться,word,pitat'sya,,to eat,,,,2018,Source: RU5000 (v0.1) - RU5000.csv
пить,word,pit',,to drink,,,,2019,Source: RU5000 (v0.1) - RU5000.csv
плавать,word,plavat',,to swim,,,,2020,Source: RU5000 (v0.1) - RU5000.csv
плавно,word,plavno,,smoothly,,,,2021,Source: RU5000 (v0.1) - RU5000.csv
плакать,word,plakat',,to cry,,,,2022,Source: RU5000 (v0.1) - RU5000.csv
платить,word,platit',,to pay,,,,2023,Source: RU5000 (v0.1) - RU5000.csv
плащ,word,plashch,,cloak,,,,2024,Source: RU5000 (v0.1) - RU5000.csv
плевать,word,plevat',,to spit,,,,2025,Source: RU5000 (v0.1) - RU5000.csv
пленный,word,plennyj,,captive,,,,2026,Source: RU5000 (v0.1) - RU5000.csv
плоский,word,ploskyj,,flat,,,,2027,Source: RU5000 (v0.1) - RU5000.csv
плотно,word,plotno,,tightly,,,,2028,Source: RU5000 (v0.1) - RU5000.csv
плотный,word,plotnyj,,dense,,,,2029,Source: RU5000 (v0.1) - RU5000.csv
плохо,word,plokho,,badly,,,,2030,Source: RU5000 (v0.1) - RU5000.csv
плохой,word,plokhoy,,bad,,,,2031,Source: RU5000 (v0.1) - RU5000.csv
площадка,word,ploshchadka,,site,,,,2032,Source: RU5000 (v0.1) - RU5000.csv
плыть,word,plyt',,to swim,,,,2033,Source: RU5000 (v0.1) - RU5000.csv
плюнуть,word,plyunut',,to spit,,,,2034,Source: RU5000 (v0.1) - RU5000.csv
плюс,word,plyus,,plus,,,,2035,Source: RU5000 (v0.1) - RU5000.csv
пляж,word,plyazh,,beach,,,,2036,Source: RU5000 (v0.1) - RU5000.csv
плясать,word,plyasat',,to dance,,,,2037,Source: RU5000 (v0.1) - RU5000.csv
плёнкапленка,word,plenka,,filmfilm,,,,2038,Source: RU5000 (v0.1) - RU5000.csv
по,word,po,,by,,,,2039,Source: RU5000 (v0.1) - RU5000.csv
по-русски,word,po-russki,,in russian,,,,2040,Source: RU5000 (v0.1) - RU5000.csv
победить,word,pobedit,,to win,,,,2041,Source: RU5000 (v0.1) - RU5000.csv
побежать,word,pobezhat',,to run,,,,2042,Source: RU5000 (v0.1) - RU5000.csv
побывать,word,pobyvat',,to visit,,,,2043,Source: RU5000 (v0.1) - RU5000.csv
повезти,word,povezti,,to get lucky,,,,2044,Source: RU5000 (v0.1) - RU5000.csv
поверить,word,poverit',,to believe,,,,2045,Source: RU5000 (v0.1) - RU5000.csv
повернуть,word,povernut',,to turn,,,,2046,Source: RU5000 (v0.1) - RU5000.csv
повернуться,word,povernut'sya,,to turn around,,,,2047,Source: RU5000 (v0.1) - RU5000.csv
поверх,word,poverkh,,on top,,,,2048,Source: RU5000 (v0.1) - RU5000.csv
повесить,word,povesit',,to hang,,,,2049,Source: RU5000 (v0.1) - RU5000.csv
повести,word,povesti,,to stories,,,,2050,Source: RU5000 (v0.1) - RU5000.csv
повесть,word,povest',,story,,,,2051,Source: RU5000 (v0.1) - RU5000.csv
повиснуть,word,povísnutʹ,,to hang,,,,2052,Source: RU5000 (v0.1) - RU5000.csv
повод,word,povod,,occasion,,,,2053,Source: RU5000 (v0.1) - RU5000.csv
поворачивать,word,povorachivat',,to turn,,,,2054,Source: RU5000 (v0.1) - RU5000.csv
поворачиваться,word,povorachivat'sya,,to turn,,,,2055,Source: RU5000 (v0.1) - RU5000.csv
повсюду,word,povsyudu,,everywhere,,,,2056,Source: RU5000 (v0.1) - RU5000.csv
повторить,word,povtorit',,to repeat,,,,2057,Source: RU5000 (v0.1) - RU5000.csv
повторять,word,povtoryat',,to repeat,,,,2058,Source: RU5000 (v0.1) - RU5000.csv
повторяться,word,povtoryat'sya,,to repeat,,,,2059,Source: RU5000 (v0.1) - RU5000.csv
повышение,word,prikhozhaya,,increase,,,,2060,Source: RU5000 (v0.1) - RU5000.csv
повышенный,word,povyshennyy,,elevated,,,,2061,Source: RU5000 (v0.1) - RU5000.csv
повязка,word,povjazka,,bandage,,,,2062,Source: RU5000 (v0.1) - RU5000.csv
погаснуть,word,pogasnut',,to go out,,,,2063,Source: RU5000 (v0.1) - RU5000.csv
погибнуть,word,pogibnut',,to die,,,,2064,Source: RU5000 (v0.1) - RU5000.csv
погладить,word,pogladit',,to iron,,,,2065,Source: RU5000 (v0.1) - RU5000.csv
поглядеть,word,poglyadet',,to take a look,,,,2066,Source: RU5000 (v0.1) - RU5000.csv
поглядывать,word,poglyadyvat',,to glance,,,,2067,Source: RU5000 (v0.1) - RU5000.csv
поговорить,word,pogovorit',,to talk,,,,2068,Source: RU5000 (v0.1) - RU5000.csv
погода,word,pogoda,,weather,,,,2069,Source: RU5000 (v0.1) - RU5000.csv
погодить,word,pogodit',,to wait,,,,2070,Source: RU5000 (v0.1) - RU5000.csv
погрузить,word,pogruzit',,to load,,,,2071,Source: RU5000 (v0.1) - RU5000.csv
под,word,pod,,under,,,,2072,Source: RU5000 (v0.1) - RU5000.csv
подавать,word,podavat',,to serve,,,,2073,Source: RU5000 (v0.1) - RU5000.csv
подавить,word,podavit',,to suppress,,,,2074,Source: RU5000 (v0.1) - RU5000.csv
подавлять,word,podavlyat',,to suppress,,,,2075,Source: RU5000 (v0.1) - RU5000.csv
подарить,word,podarit',,to give,,,,2076,Source: RU5000 (v0.1) - RU5000.csv
подарок,word,podarok,,present,,,,2077,Source: RU5000 (v0.1) - RU5000.csv
подать,word,podat',,to submit,,,,2078,Source: RU5000 (v0.1) - RU5000.csv
податься,word,podat'sya,,to apply,,,,2079,Source: RU5000 (v0.1) - RU5000.csv
подбежать,word,podbezhat',,to run up,,,,2080,Source: RU5000 (v0.1) - RU5000.csv
подвал,word,podval,,basement,,,,2081,Source: RU5000 (v0.1) - RU5000.csv
подвести,word,podvesti,,to bring up,,,,2082,Source: RU5000 (v0.1) - RU5000.csv
подводный,word,podvodnyj,,underwater,,,,2083,Source: RU5000 (v0.1) - RU5000.csv
подготовить,word,podgotovit',,to prepare,,,,2084,Source: RU5000 (v0.1) - RU5000.csv
поддаваться,word,poddavat'sya,,to give in,,,,2085,Source: RU5000 (v0.1) - RU5000.csv
поддержать,word,podderzhat',,to support,,,,2086,Source: RU5000 (v0.1) - RU5000.csv
поддерживать,word,podderzhivat',,to support,,,,2087,Source: RU5000 (v0.1) - RU5000.csv
поделать,word,podelat',,to do,,,,2088,Source: RU5000 (v0.1) - RU5000.csv
поделиться,word,podelit'sja,,to share,,,,2089,Source: RU5000 (v0.1) - RU5000.csv
подземный,word,podzemnyy,,underground,,,,2090,Source: RU5000 (v0.1) - RU5000.csv
поди,word,podi,,i bet,,,,2091,Source: RU5000 (v0.1) - RU5000.csv
подлинный,word,Podlinnyj,,authentic,,,,2092,Source: RU5000 (v0.1) - RU5000.csv
подмигнуть,word,podmignut',,to wink,,,,2093,Source: RU5000 (v0.1) - RU5000.csv
поднести,word,podnesti,,to bring,,,,2094,Source: RU5000 (v0.1) - RU5000.csv
поднимать,word,podnimat',,to raise,,,,2095,Source: RU5000 (v0.1) - RU5000.csv
подниматься,word,podnimat'sya,,to get up,,,,2096,Source: RU5000 (v0.1) - RU5000.csv
поднять,word,podnyat',,to raise,,,,2097,Source: RU5000 (v0.1) - RU5000.csv
подняться,word,podnyat'sya,,to rise,,,,2098,Source: RU5000 (v0.1) - RU5000.csv
подобно,word,podobno,,like,,,,2099,Source: RU5000 (v0.1) - RU5000.csv
подобный,word,podobnyj,,like,,,,2100,Source: RU5000 (v0.1) - RU5000.csv
подобрать,word,podobrat',,to pick up,,,,2101,Source: RU5000 (v0.1) - RU5000.csv
подождать,word,podazhdat',,to wait,,,,2102,Source: RU5000 (v0.1) - RU5000.csv
подозревать,word,podozrevat',,to suspect,,,,2103,Source: RU5000 (v0.1) - RU5000.csv
подозрительный,word,podozritel'nyy,,suspicious,,,,2104,Source: RU5000 (v0.1) - RU5000.csv
подойти,word,podoyti,,to come up,,,,2105,Source: RU5000 (v0.1) - RU5000.csv
подослать,word,podoslat,,to send,,,,2106,Source: RU5000 (v0.1) - RU5000.csv
подписать,word,podpisat',,to subscribe,,,,2107,Source: RU5000 (v0.1) - RU5000.csv
подпись,word,pryzhok,,signature,,,,2108,Source: RU5000 (v0.1) - RU5000.csv
подробно,word,podrobno,,in detail,,,,2109,Source: RU5000 (v0.1) - RU5000.csv
подробность,word,podrobnost',,detail,,,,2110,Source: RU5000 (v0.1) - RU5000.csv
подробный,word,podrobnyy,,detailed,,,,2111,Source: RU5000 (v0.1) - RU5000.csv
подруга,word,podruga,,girlfriend,,,,2112,Source: RU5000 (v0.1) - RU5000.csv
подружка,word,podruzhka,,girlfriend,,,,2113,Source: RU5000 (v0.1) - RU5000.csv
подряд,word,podryad,,contract,,,,2114,Source: RU5000 (v0.1) - RU5000.csv
подсказать,word,podskazat',,to give a hint,,,,2115,Source: RU5000 (v0.1) - RU5000.csv
подтвердить,word,podtverdit',,to confirm,,,,2116,Source: RU5000 (v0.1) - RU5000.csv
подтверждать,word,podtverzhdat',,to confirm,,,,2117,Source: RU5000 (v0.1) - RU5000.csv
подумать,word,podumat',,to think about it,,,,2118,Source: RU5000 (v0.1) - RU5000.csv
подхватить,word,podkhvatit',,to pick up,,,,2119,Source: RU5000 (v0.1) - RU5000.csv
подходить,word,podkhodit',,to approach,,,,2120,Source: RU5000 (v0.1) - RU5000.csv
подходящий,word,podkhodyashchiy,,suitable,,,,2121,Source: RU5000 (v0.1) - RU5000.csv
подчеркивать,word,podcherkivat',,to emphasize,,,,2122,Source: RU5000 (v0.1) - RU5000.csv
подчеркнуть,word,podcherknut',,to emphasize,,,,2123,Source: RU5000 (v0.1) - RU5000.csv
подчиняться,word,podchinyat'sya,,to obey,,,,2124,Source: RU5000 (v0.1) - RU5000.csv
подчинённыйподчиненный,word,podčinjónnyj,,subordinatesubordinate,,,,2125,Source: RU5000 (v0.1) - RU5000.csv
подъезд,word,podyezd,,entrance,,,,2126,Source: RU5000 (v0.1) - RU5000.csv
подъехать,word,podyekhat',,to drive up,,,,2127,Source: RU5000 (v0.1) - RU5000.csv
подъёмподъем,word,"pod""yem""",,riserise,,,,2128,Source: RU5000 (v0.1) - RU5000.csv
поесть,word,po-yest',,to eat,,,,2129,Source: RU5000 (v0.1) - RU5000.csv
поехать,word,poehat',,to go,,,,2130,Source: RU5000 (v0.1) - RU5000.csv
пожалеть,word,pozhalet',,to feel sorry,,,,2131,Source: RU5000 (v0.1) - RU5000.csv
пожаловать,word,pozhalovat',,to welcome,,,,2132,Source: RU5000 (v0.1) - RU5000.csv
пожалуйста,word,pozhaluysta,,please,,,,2133,Source: RU5000 (v0.1) - RU5000.csv
пожар,word,pozhar,,fire,,,,2134,Source: RU5000 (v0.1) - RU5000.csv
пожарный,word,pozharnyy,,firefighter,,,,2135,Source: RU5000 (v0.1) - RU5000.csv
пожать,word,pozhat',,to shake,,,,2136,Source: RU5000 (v0.1) - RU5000.csv
пожелать,word,pozhelat',,to wish,,,,2137,Source: RU5000 (v0.1) - RU5000.csv
пожилой,word,pozhiloy,,elderly,,,,2138,Source: RU5000 (v0.1) - RU5000.csv
пожить,word,pozhit',,to live,,,,2139,Source: RU5000 (v0.1) - RU5000.csv
поза,word,poza,,pose,,,,2140,Source: RU5000 (v0.1) - RU5000.csv
позади,word,pozadi,,behind,,,,2141,Source: RU5000 (v0.1) - RU5000.csv
позвать,word,pozvat',,to call,,,,2142,Source: RU5000 (v0.1) - RU5000.csv
позволить,word,pozvolit',,to allow,,,,2143,Source: RU5000 (v0.1) - RU5000.csv
позволять,word,pozvoljat',,to let,,,,2144,Source: RU5000 (v0.1) - RU5000.csv
позвонить,word,pahz-vah-NEET',,to call,,,,2145,Source: RU5000 (v0.1) - RU5000.csv
поздний,word,pozdnij,,late,,,,2146,Source: RU5000 (v0.1) - RU5000.csv
поздно,word,pozdno,,late,,,,2147,Source: RU5000 (v0.1) - RU5000.csv
поздороваться,word,pozdorovat'sja,,to say hello,,,,2148,Source: RU5000 (v0.1) - RU5000.csv
поздравлять,word,pozdravlyat',,to congratulate,,,,2149,Source: RU5000 (v0.1) - RU5000.csv
познакомиться,word,poznakomit'sya,,to meet,,,,2150,Source: RU5000 (v0.1) - RU5000.csv
поинтересоваться,word,pointeresovat'sya,,to inquire,,,,2151,Source: RU5000 (v0.1) - RU5000.csv
поиск,word,postupok,,search,,,,2152,Source: RU5000 (v0.1) - RU5000.csv
поискать,word,poiskat,,to search,,,,2153,Source: RU5000 (v0.1) - RU5000.csv
поймать,word,poymat',,to catch,,,,2154,Source: RU5000 (v0.1) - RU5000.csv
пойти,word,poyti,,to go,,,,2155,Source: RU5000 (v0.1) - RU5000.csv
пока,word,poka,,bye,,,,2156,Source: RU5000 (v0.1) - RU5000.csv
показать,word,pokazatʹ,,to show,,,,2157,Source: RU5000 (v0.1) - RU5000.csv
показаться,word,pokazat'sja,,to show up,,,,2158,Source: RU5000 (v0.1) - RU5000.csv
показывать,word,pokazyvat',,to show,,,,2159,Source: RU5000 (v0.1) - RU5000.csv
покачать,word,pokachat',,to swing,,,,2160,Source: RU5000 (v0.1) - RU5000.csv
покачиваться,word,pokachivat'sja,,to sway,,,,2161,Source: RU5000 (v0.1) - RU5000.csv
покидать,word,pokidat',,to leave,,,,2162,Source: RU5000 (v0.1) - RU5000.csv
покинуть,word,pokinut',,to leave,,,,2163,Source: RU5000 (v0.1) - RU5000.csv
поклониться,word,poklonit'sya,,to bow down,,,,2164,Source: RU5000 (v0.1) - RU5000.csv
покой,word,pokoy,,peace,,,,2165,Source: RU5000 (v0.1) - RU5000.csv
покойник,word,proval,,deceased,,,,2166,Source: RU5000 (v0.1) - RU5000.csv
покончить,word,pokonchit',,to finish,,,,2167,Source: RU5000 (v0.1) - RU5000.csv
покоситься,word,pokositsya,,to look askance,,,,2168,Source: RU5000 (v0.1) - RU5000.csv
покраснеть,word,pokrasnet',,to blush,,,,2169,Source: RU5000 (v0.1) - RU5000.csv
покрыть,word,pokryt',,to cover,,,,2170,Source: RU5000 (v0.1) - RU5000.csv
покупать,word,pokupat',,to buy,,,,2171,Source: RU5000 (v0.1) - RU5000.csv
покупка,word,pokupka,,purchase,,,,2172,Source: RU5000 (v0.1) - RU5000.csv
пол,word,pol,,floor,,,,2173,Source: RU5000 (v0.1) - RU5000.csv
полагать,word,polagat',,to believe,,,,2174,Source: RU5000 (v0.1) - RU5000.csv
полагаться,word,polagat'sja,,to rely,,,,2175,Source: RU5000 (v0.1) - RU5000.csv
полгода,word,polgoda,,six months,,,,2176,Source: RU5000 (v0.1) - RU5000.csv
полдень,word,polden',,noon,,,,2177,Source: RU5000 (v0.1) - RU5000.csv
поле,word,pole,,field,,,,2178,Source: RU5000 (v0.1) - RU5000.csv
полевой,word,polevój,,field,,,,2179,Source: RU5000 (v0.1) - RU5000.csv
полезный,word,poleznyj,,useful,,,,2180,Source: RU5000 (v0.1) - RU5000.csv
полезть,word,polezt',,to climb,,,,2181,Source: RU5000 (v0.1) - RU5000.csv
полет,word,polet,,flight,,,,2182,Source: RU5000 (v0.1) - RU5000.csv
полететь,word,poletet',,to fly,,,,2183,Source: RU5000 (v0.1) - RU5000.csv
ползать,word,polzat',,to crawl,,,,2184,Source: RU5000 (v0.1) - RU5000.csv
ползти,word,polzti,,to crawl,,,,2185,Source: RU5000 (v0.1) - RU5000.csv
политический,word,politicheskiy,,political,,,,2186,Source: RU5000 (v0.1) - RU5000.csv
полицейский,word,politsejskij,,police officer,,,,2187,Source: RU5000 (v0.1) - RU5000.csv
полиция,word,pech,,police,,,,2188,Source: RU5000 (v0.1) - RU5000.csv
полно,word,polno,,full,,,,2189,Source: RU5000 (v0.1) - RU5000.csv
полностью,word,polnost'yu,,fully,,,,2190,Source: RU5000 (v0.1) - RU5000.csv
полный,word,polnyy,,full,,,,2191,Source: RU5000 (v0.1) - RU5000.csv
половина,word,polovina,,half,,,,2192,Source: RU5000 (v0.1) - RU5000.csv
половой,word,polovój,,sexual,,,,2193,Source: RU5000 (v0.1) - RU5000.csv
положенный,word,polozhennyy,,laid down,,,,2194,Source: RU5000 (v0.1) - RU5000.csv
положительный,word,polozhitel'nyy,,positive,,,,2195,Source: RU5000 (v0.1) - RU5000.csv
положить,word,polozhit',,to put,,,,2196,Source: RU5000 (v0.1) - RU5000.csv
полоса,word,polosa,,stripe,,,,2197,Source: RU5000 (v0.1) - RU5000.csv
полость,word,preimuschestvo,,cavity,,,,2198,Source: RU5000 (v0.1) - RU5000.csv
полотенце,word,polotentse,,towel,,,,2199,Source: RU5000 (v0.1) - RU5000.csv
полтора,word,poltorá,,one and a half,,,,2200,Source: RU5000 (v0.1) - RU5000.csv
получать,word,poluchat',,to receive,,,,2201,Source: RU5000 (v0.1) - RU5000.csv
получаться,word,poluchat'sya,,to it turns out,,,,2202,Source: RU5000 (v0.1) - RU5000.csv
получить,word,polučítʹ,,to get,,,,2203,Source: RU5000 (v0.1) - RU5000.csv
получиться,word,poluchit'sya,,to it will work out,,,,2204,Source: RU5000 (v0.1) - RU5000.csv
польза,word,pol'za,,benefit,,,,2205,Source: RU5000 (v0.1) - RU5000.csv
пользоваться,word,pólʹzovatʹsja,,to use,,,,2206,Source: RU5000 (v0.1) - RU5000.csv
польский,word,pol'skiy,,Polish,,,,2207,Source: RU5000 (v0.1) - RU5000.csv
полюбить,word,polyubit',,to fall in love,,,,2208,Source: RU5000 (v0.1) - RU5000.csv
поляна,word,polyana,,clearing,,,,2209,Source: RU5000 (v0.1) - RU5000.csv
помахать,word,pomakhat',,to wave,,,,2210,Source: RU5000 (v0.1) - RU5000.csv
помереть,word,pomeret',,to die,,,,2211,Source: RU5000 (v0.1) - RU5000.csv
помешать,word,pomešátʹ,,to interfere,,,,2212,Source: RU5000 (v0.1) - RU5000.csv
помимо,word,pomimo,,besides,,,,2213,Source: RU5000 (v0.1) - RU5000.csv
помнить,word,pomnit,,to remember,,,,2214,Source: RU5000 (v0.1) - RU5000.csv
помниться,word,pomnit'sya,,to remember,,,,2215,Source: RU5000 (v0.1) - RU5000.csv
помогать,word,pomogat',,to help,,,,2216,Source: RU5000 (v0.1) - RU5000.csv
помолчать,word,pomolchat',,to keep silent,,,,2217,Source: RU5000 (v0.1) - RU5000.csv
поморщиться,word,pomorshchitsya,,to wince,,,,2218,Source: RU5000 (v0.1) - RU5000.csv
помочь,word,pomoch',,to help; help,,,,2219,Source: RU5000 (v0.1) - RU5000.csv
помощь,word,pomoshch',,help,,,,2220,Source: RU5000 (v0.1) - RU5000.csv
помчаться,word,pomchatsya,,to rush,,,,2221,Source: RU5000 (v0.1) - RU5000.csv
понадобиться,word,ponadobit'sya,,to be needed,,,,2222,Source: RU5000 (v0.1) - RU5000.csv
поначалу,word,ponachalu,,at first,,,,2223,Source: RU5000 (v0.1) - RU5000.csv
понести,word,ponesti,,to bear,,,,2224,Source: RU5000 (v0.1) - RU5000.csv
понимать,word,ponimat',,to understand,,,,2225,Source: RU5000 (v0.1) - RU5000.csv
понравиться,word,ponravit'sya,,to like,,,,2226,Source: RU5000 (v0.1) - RU5000.csv
понятие,word,ponyatie,,concept,,,,2227,Source: RU5000 (v0.1) - RU5000.csv
понятно,word,ponyatno,,it's clear,,,,2228,Source: RU5000 (v0.1) - RU5000.csv
понятный,word,ponyatnyj,,understandable,,,,2229,Source: RU5000 (v0.1) - RU5000.csv
понять,word,ponyat',,to understand,,,,2230,Source: RU5000 (v0.1) - RU5000.csv
пообещать,word,poobeshchat,,to promise,,,,2231,Source: RU5000 (v0.1) - RU5000.csv
попадать,word,popadat',,to hit,,,,2232,Source: RU5000 (v0.1) - RU5000.csv
попадаться,word,popadat'sya,,to get caught,,,,2233,Source: RU5000 (v0.1) - RU5000.csv
попалить,word,popalit',,to set fire to,,,,2234,Source: RU5000 (v0.1) - RU5000.csv
попасть,word,popast',,to get there,,,,2235,Source: RU5000 (v0.1) - RU5000.csv
попасться,word,popast'sya,,to get caught,,,,2236,Source: RU5000 (v0.1) - RU5000.csv
поперек,word,poperjok,,across,,,,2237,Source: RU5000 (v0.1) - RU5000.csv
поперёк,word,poperjok,,across,,,,2238,Source: RU5000 (v0.1) - RU5000.csv
поплыть,word,poplyt',,to swim,,,,2239,Source: RU5000 (v0.1) - RU5000.csv
пополам,word,popolam,,in half,,,,2240,Source: RU5000 (v0.1) - RU5000.csv
поползти,word,popolzti,,to crawl,,,,2241,Source: RU5000 (v0.1) - RU5000.csv
поправить,word,popravit',,to correct,,,,2242,Source: RU5000 (v0.1) - RU5000.csv
попробовать,word,poprobovat',,to try,,,,2243,Source: RU5000 (v0.1) - RU5000.csv
попросить,word,poprosit',,to ask,,,,2244,Source: RU5000 (v0.1) - RU5000.csv
попросту,word,poprostu,,simply,,,,2245,Source: RU5000 (v0.1) - RU5000.csv
попрощаться,word,poproshchat'sya,,to say goodbye,,,,2246,Source: RU5000 (v0.1) - RU5000.csv
популярный,word,populyarnyy,,popular,,,,2247,Source: RU5000 (v0.1) - RU5000.csv
попытаться,word,popytat'sya,,to try,,,,2248,Source: RU5000 (v0.1) - RU5000.csv
пора,word,pora,,it's time,,,,2249,Source: RU5000 (v0.1) - RU5000.csv
поражать,word,porazhat',,to hit,,,,2250,Source: RU5000 (v0.1) - RU5000.csv
поражение,word,porazhenije,,defeat,,,,2251,Source: RU5000 (v0.1) - RU5000.csv
поразить,word,porazit',,to strike,,,,2252,Source: RU5000 (v0.1) - RU5000.csv
порода,word,poroda,,breed,,,,2253,Source: RU5000 (v0.1) - RU5000.csv
порт,word,port,,port,,,,2254,Source: RU5000 (v0.1) - RU5000.csv
портрет,word,portrait,,portrait,,,,2255,Source: RU5000 (v0.1) - RU5000.csv
поручить,word,poruchit',,to assign,,,,2256,Source: RU5000 (v0.1) - RU5000.csv
порыв,word,poryv,,impulse,,,,2257,Source: RU5000 (v0.1) - RU5000.csv
порядок,word,poryadok,,order,,,,2258,Source: RU5000 (v0.1) - RU5000.csv
порядочный,word,poryadochnyy,,decent,,,,2259,Source: RU5000 (v0.1) - RU5000.csv
посадить,word,posadit',,to plant,,,,2260,Source: RU5000 (v0.1) - RU5000.csv
посадка,word,posadka,,landing,,,,2261,Source: RU5000 (v0.1) - RU5000.csv
посвятить,word,posvjatit',,to dedicate,,,,2262,Source: RU5000 (v0.1) - RU5000.csv
посетить,word,posetit',,to visit,,,,2263,Source: RU5000 (v0.1) - RU5000.csv
посещать,word,poseshchat',,to visit,,,,2264,Source: RU5000 (v0.1) - RU5000.csv
посидеть,word,posidet',,to sit down,,,,2265,Source: RU5000 (v0.1) - RU5000.csv
поскольку,word,poskol'ku,,because,,,,2266,Source: RU5000 (v0.1) - RU5000.csv
послать,word,poslat',,to send,,,,2267,Source: RU5000 (v0.1) - RU5000.csv
после,word,posle,,after,,,,2268,Source: RU5000 (v0.1) - RU5000.csv
последний,word,posledniy,,last,,,,2269,Source: RU5000 (v0.1) - RU5000.csv
последовать,word,posledovat',,to follow,,,,2270,Source: RU5000 (v0.1) - RU5000.csv
последствие,word,posledstvije,,consequence,,,,2271,Source: RU5000 (v0.1) - RU5000.csv
последующий,word,posleduyushchiy,,subsequent,,,,2272,Source: RU5000 (v0.1) - RU5000.csv
послушать,word,poslushat',,to listen,,,,2273,Source: RU5000 (v0.1) - RU5000.csv
послышаться,word,poslyshat'sya,,to be heard,,,,2274,Source: RU5000 (v0.1) - RU5000.csv
посмотреть,word,posmotret',,to look,,,,2275,Source: RU5000 (v0.1) - RU5000.csv
посоветовать,word,posovetovat',,to advise,,,,2276,Source: RU5000 (v0.1) - RU5000.csv
посольство,word,posol'stvo,,embassy,,,,2277,Source: RU5000 (v0.1) - RU5000.csv
поспешить,word,pospeshit',,to hurry,,,,2278,Source: RU5000 (v0.1) - RU5000.csv
поспешно,word,pospeshno,,hastily,,,,2279,Source: RU5000 (v0.1) - RU5000.csv
посреди,word,posredi,,in the middle,,,,2280,Source: RU5000 (v0.1) - RU5000.csv
поставить,word,postavit',,to put,,,,2281,Source: RU5000 (v0.1) - RU5000.csv
постараться,word,postarat'sya,,to try hard,,,,2282,Source: RU5000 (v0.1) - RU5000.csv
постель,word,postel',,bed,,,,2283,Source: RU5000 (v0.1) - RU5000.csv
постепенно,word,postepenno,,gradually,,,,2284,Source: RU5000 (v0.1) - RU5000.csv
посторонний,word,postoronnyy,,outsider,,,,2285,Source: RU5000 (v0.1) - RU5000.csv
постоялый,word,postoyalyy,,innkeeper,,,,2286,Source: RU5000 (v0.1) - RU5000.csv
постоянно,word,postoyanno,,constantly,,,,2287,Source: RU5000 (v0.1) - RU5000.csv
постоянный,word,postoyannyy,,constant,,,,2288,Source: RU5000 (v0.1) - RU5000.csv
постоять,word,postoyat',,to stand,,,,2289,Source: RU5000 (v0.1) - RU5000.csv
построить,word,pas-TROY-it',,to build,,,,2290,Source: RU5000 (v0.1) - RU5000.csv
поступать,word,postupat',,to enter,,,,2291,Source: RU5000 (v0.1) - RU5000.csv
поступить,word,postupit',,to enroll,,,,2292,Source: RU5000 (v0.1) - RU5000.csv
поступок,word,postupok,,act,,,,2293,Source: RU5000 (v0.1) - RU5000.csv
постучать,word,postuchat',,to knock,,,,2294,Source: RU5000 (v0.1) - RU5000.csv
посуда,word,posuda,,dishes,,,,2295,Source: RU5000 (v0.1) - RU5000.csv
посылать,word,posylat',,to send,,,,2296,Source: RU5000 (v0.1) - RU5000.csv
пот,word,pot,,sweat,,,,2297,Source: RU5000 (v0.1) - RU5000.csv
потерпеть,word,poterpet',,to be patient,,,,2298,Source: RU5000 (v0.1) - RU5000.csv
потерять,word,poterjat',,to lose,,,,2299,Source: RU5000 (v0.1) - RU5000.csv
потихоньку,word,potikhonku,,little by little,,,,2300,Source: RU5000 (v0.1) - RU5000.csv
поток,word,potok,,flow,,,,2301,Source: RU5000 (v0.1) - RU5000.csv
потолок,word,potolok,,ceiling,,,,2302,Source: RU5000 (v0.1) - RU5000.csv
потом,word,potom,,then,,,,2303,Source: RU5000 (v0.1) - RU5000.csv
потому,word,potomu,,that's why,,,,2304,Source: RU5000 (v0.1) - RU5000.csv
потребность,word,potrebnost',,need,,,,2305,Source: RU5000 (v0.1) - RU5000.csv
потребовать,word,potrebovat',,to demand,,,,2306,Source: RU5000 (v0.1) - RU5000.csv
потребоваться,word,potrebovat'sya,,to be required,,,,2307,Source: RU5000 (v0.1) - RU5000.csv
потрясать,word,potryasat',,to shake,,,,2308,Source: RU5000 (v0.1) - RU5000.csv
потрясти,word,potrjastí,,to shake,,,,2309,Source: RU5000 (v0.1) - RU5000.csv
потянуть,word,potjanut',,to pull,,,,2310,Source: RU5000 (v0.1) - RU5000.csv
потянуться,word,potyanutsya,,to stretch,,,,2311,Source: RU5000 (v0.1) - RU5000.csv
походить,word,pokhodit',,to walk around,,,,2312,Source: RU5000 (v0.1) - RU5000.csv
похожий,word,Pohozhij,,similar,,,,2313,Source: RU5000 (v0.1) - RU5000.csv
похоронить,word,pokhoronit',,to bury,,,,2314,Source: RU5000 (v0.1) - RU5000.csv
похороны,word,pokhorony,,funeral,,,,2315,Source: RU5000 (v0.1) - RU5000.csv
поцеловать,word,potselovat',,to kiss,,,,2316,Source: RU5000 (v0.1) - RU5000.csv
поцелуй,word,potseluj,,kiss,,,,2317,Source: RU5000 (v0.1) - RU5000.csv
почему,word,pochemu,,why,,,,2318,Source: RU5000 (v0.1) - RU5000.csv
почетный,word,pochetnyy,,honorable,,,,2319,Source: RU5000 (v0.1) - RU5000.csv
почитать,word,pochitat',,to read,,,,2320,Source: RU5000 (v0.1) - RU5000.csv
почка,word,pochka,,bud,,,,2321,Source: RU5000 (v0.1) - RU5000.csv
почта,word,pochta,,mail,,,,2322,Source: RU5000 (v0.1) - RU5000.csv
почти,word,pochti,,almost,,,,2323,Source: RU5000 (v0.1) - RU5000.csv
почтительный,word,pochtitel'nyy,,respectful,,,,2324,Source: RU5000 (v0.1) - RU5000.csv
почувствовать,word,pochuvstvovat',,to feel,,,,2325,Source: RU5000 (v0.1) - RU5000.csv
пошло,word,poshlo,,vulgar,,,,2326,Source: RU5000 (v0.1) - RU5000.csv
пошлый,word,poshlyy,,vulgar,,,,2327,Source: RU5000 (v0.1) - RU5000.csv
пошутить,word,poshutit',,to make a joke,,,,2328,Source: RU5000 (v0.1) - RU5000.csv
поэзия,word,poeziya,,poetry,,,,2329,Source: RU5000 (v0.1) - RU5000.csv
поэт,word,poet,,poet,,,,2330,Source: RU5000 (v0.1) - RU5000.csv
поэтому,word,poetomu,,that's why,,,,2331,Source: RU5000 (v0.1) - RU5000.csv
появиться,word,poyavit'sya,,to appear,,,,2332,Source: RU5000 (v0.1) - RU5000.csv
появляться,word,poyavlyat'sya,,to appear,,,,2333,Source: RU5000 (v0.1) - RU5000.csv
пояс,word,poyas,,belt,,,,2334,Source: RU5000 (v0.1) - RU5000.csv
пояснить,word,poyasnit',,to explain,,,,2335,Source: RU5000 (v0.1) - RU5000.csv
правда,word,pravda,,truth,,,,2336,Source: RU5000 (v0.1) - RU5000.csv
правильно,word,pravil'no,,right,,,,2337,Source: RU5000 (v0.1) - RU5000.csv
правильный,word,pravil'nyy,,correct,,,,2338,Source: RU5000 (v0.1) - RU5000.csv
правитель,word,pravitel',,ruler,,,,2339,Source: RU5000 (v0.1) - RU5000.csv
правительственный,word,pravítelʹstvennyj,,government,,,,2340,Source: RU5000 (v0.1) - RU5000.csv
правительство,word,poyas,,government,,,,2341,Source: RU5000 (v0.1) - RU5000.csv
правый,word,pravyj,,right,,,,2342,Source: RU5000 (v0.1) - RU5000.csv
праздничный,word,prazdnichnyy,,festive,,,,2343,Source: RU5000 (v0.1) - RU5000.csv
практика,word,praktika,,practice,,,,2344,Source: RU5000 (v0.1) - RU5000.csv
практически,word,prakticheski,,practically,,,,2345,Source: RU5000 (v0.1) - RU5000.csv
практический,word,prakticheskiy,,practical,,,,2346,Source: RU5000 (v0.1) - RU5000.csv
пребывать,word,prebyvat',,to stay,,,,2347,Source: RU5000 (v0.1) - RU5000.csv
превратить,word,prevratit',,to transform,,,,2348,Source: RU5000 (v0.1) - RU5000.csv
превратиться,word,prevratit'sya,,to transform into,,,,2349,Source: RU5000 (v0.1) - RU5000.csv
превращаться,word,prevrashchat'sya,,to transform,,,,2350,Source: RU5000 (v0.1) - RU5000.csv
предел,word,predel,,limit,,,,2351,Source: RU5000 (v0.1) - RU5000.csv
предлагать,word,predlagat',,to suggest,,,,2352,Source: RU5000 (v0.1) - RU5000.csv
предложить,word,predlozhit',,to offer,,,,2353,Source: RU5000 (v0.1) - RU5000.csv
предназначить,word,prednaznachit',,to dedicate,,,,2354,Source: RU5000 (v0.1) - RU5000.csv
предоставить,word,predostavit',,to provide,,,,2355,Source: RU5000 (v0.1) - RU5000.csv
предполагать,word,predpolagat',,to assume,,,,2356,Source: RU5000 (v0.1) - RU5000.csv
предположение,word,plot',,assumption,,,,2357,Source: RU5000 (v0.1) - RU5000.csv
предположить,word,predpolozhit',,to assume,,,,2358,Source: RU5000 (v0.1) - RU5000.csv
предпочитать,word,predpochitat',,to prefer,,,,2359,Source: RU5000 (v0.1) - RU5000.csv
предприятие,word,predpriyatiye,,enterprise,,,,2360,Source: RU5000 (v0.1) - RU5000.csv
представить,word,predstavit',,to introduce,,,,2361,Source: RU5000 (v0.1) - RU5000.csv
представиться,word,predstavit'sja,,to introduce oneself,,,,2362,Source: RU5000 (v0.1) - RU5000.csv
представление,word,predstavlenie,,performance,,,,2363,Source: RU5000 (v0.1) - RU5000.csv
представлять,word,predstavlyat',,to introduce,,,,2364,Source: RU5000 (v0.1) - RU5000.csv
представляться,word,predstavlyat'sya,,to introduce oneself,,,,2365,Source: RU5000 (v0.1) - RU5000.csv
предстоять,word,predstoyat',,to come,,,,2366,Source: RU5000 (v0.1) - RU5000.csv
предстоящий,word,predstoyashchiy,,upcoming,,,,2367,Source: RU5000 (v0.1) - RU5000.csv
предупредить,word,predupredit',,to warn,,,,2368,Source: RU5000 (v0.1) - RU5000.csv
предупреждать,word,preduprezhdat',,to warn,,,,2369,Source: RU5000 (v0.1) - RU5000.csv
предчувствие,word,predchustvie,,premonition,,,,2370,Source: RU5000 (v0.1) - RU5000.csv
предыдущий,word,predydushchiy,,previous,,,,2371,Source: RU5000 (v0.1) - RU5000.csv
прежде,word,prezhde,,before,,,,2372,Source: RU5000 (v0.1) - RU5000.csv
прежний,word,prezhniy,,former,,,,2373,Source: RU5000 (v0.1) - RU5000.csv
презирать,word,prezirat',,to despise,,,,2374,Source: RU5000 (v0.1) - RU5000.csv
презрение,word,prezreniye,,contempt,,,,2375,Source: RU5000 (v0.1) - RU5000.csv
презрительный,word,prezrítelʹnyj,,contemptuous,,,,2376,Source: RU5000 (v0.1) - RU5000.csv
прекрасно,word,prekrasno,,wonderful,,,,2377,Source: RU5000 (v0.1) - RU5000.csv
прекрасный,word,prekrasnyy,,beautiful,,,,2378,Source: RU5000 (v0.1) - RU5000.csv
прекратить,word,prekratit',,to stop,,,,2379,Source: RU5000 (v0.1) - RU5000.csv
преодолеть,word,preodolet',,to overcome,,,,2380,Source: RU5000 (v0.1) - RU5000.csv
прервать,word,prervat',,to interrupt,,,,2381,Source: RU5000 (v0.1) - RU5000.csv
преследовать,word,presledovat',,to chase,,,,2382,Source: RU5000 (v0.1) - RU5000.csv
преступный,word,prestupnyy,,criminal,,,,2383,Source: RU5000 (v0.1) - RU5000.csv
при,word,pri,,at,,,,2384,Source: RU5000 (v0.1) - RU5000.csv
прибавить,word,pribavit',,to add,,,,2385,Source: RU5000 (v0.1) - RU5000.csv
прибежать,word,pribezhat',,to come running,,,,2386,Source: RU5000 (v0.1) - RU5000.csv
приближаться,word,priblizhat'sya,,to approach,,,,2387,Source: RU5000 (v0.1) - RU5000.csv
приблизиться,word,priblízitʹsja,,to get closer,,,,2388,Source: RU5000 (v0.1) - RU5000.csv
прибыть,word,pribyt',,to arrive,,,,2389,Source: RU5000 (v0.1) - RU5000.csv
привезти,word,privezti,,to bring,,,,2390,Source: RU5000 (v0.1) - RU5000.csv
привести,word,privesti,,to bring,,,,2391,Source: RU5000 (v0.1) - RU5000.csv
приветствовать,word,privetstvovat',,to welcome,,,,2392,Source: RU5000 (v0.1) - RU5000.csv
привлекать,word,privlekátʹ,,to attract,,,,2393,Source: RU5000 (v0.1) - RU5000.csv
привлечь,word,privlech',,to attract,,,,2394,Source: RU5000 (v0.1) - RU5000.csv
приводить,word,privodit',,to drive,,,,2395,Source: RU5000 (v0.1) - RU5000.csv
привыкать,word,privykat',,to get used to,,,,2396,Source: RU5000 (v0.1) - RU5000.csv
привыкнуть,word,privyknut',,to get used to,,,,2397,Source: RU5000 (v0.1) - RU5000.csv
привычка,word,privychka,,habit,,,,2398,Source: RU5000 (v0.1) - RU5000.csv
привычный,word,privychnyy,,habitual,,,,2399,Source: RU5000 (v0.1) - RU5000.csv
привязать,word,privyazat',,to tie,,,,2400,Source: RU5000 (v0.1) - RU5000.csv
пригласить,word,priglasit',,to invite,,,,2401,Source: RU5000 (v0.1) - RU5000.csv
приглашать,word,priglashat',,to invite,,,,2402,Source: RU5000 (v0.1) - RU5000.csv
пригодиться,word,prigodit'sya,,to come in handy,,,,2403,Source: RU5000 (v0.1) - RU5000.csv
приготовить,word,prigotovit',,to cook,,,,2404,Source: RU5000 (v0.1) - RU5000.csv
придавать,word,pridavat',,to give,,,,2405,Source: RU5000 (v0.1) - RU5000.csv
придать,word,pridat',,to give,,,,2406,Source: RU5000 (v0.1) - RU5000.csv
придтись,word,pridtis',,to come,,,,2407,Source: RU5000 (v0.1) - RU5000.csv
придумать,word,pridumat',,to come up with,,,,2408,Source: RU5000 (v0.1) - RU5000.csv
приезд,word,priezd,,arrival,,,,2409,Source: RU5000 (v0.1) - RU5000.csv
приезжать,word,priyezzhat',,to come,,,,2410,Source: RU5000 (v0.1) - RU5000.csv
приезжий,word,priezzhij,,newcomer,,,,2411,Source: RU5000 (v0.1) - RU5000.csv
прием,word,priem,,reception,,,,2412,Source: RU5000 (v0.1) - RU5000.csv
приемный,word,priyemnyy,,foster,,,,2413,Source: RU5000 (v0.1) - RU5000.csv
приехать,word,priyekhat',,to come,,,,2414,Source: RU5000 (v0.1) - RU5000.csv
прижать,word,prizhat',,to press,,,,2415,Source: RU5000 (v0.1) - RU5000.csv
прижаться,word,prizhat'sya,,to cuddle up,,,,2416,Source: RU5000 (v0.1) - RU5000.csv
прижимать,word,prizhimat',,to press,,,,2417,Source: RU5000 (v0.1) - RU5000.csv
признание,word,priznaniye,,confession,,,,2418,Source: RU5000 (v0.1) - RU5000.csv
признать,word,priznat',,to admit,,,,2419,Source: RU5000 (v0.1) - RU5000.csv
признаться,word,priznat'sya,,to confess,,,,2420,Source: RU5000 (v0.1) - RU5000.csv
призыв,word,polotno,,call,,,,2421,Source: RU5000 (v0.1) - RU5000.csv
призывать,word,prizyvat',,to call,,,,2422,Source: RU5000 (v0.1) - RU5000.csv
прийти,word,priyti,,to come,,,,2423,Source: RU5000 (v0.1) - RU5000.csv
прийтись,word,priytis',,to come along,,,,2424,Source: RU5000 (v0.1) - RU5000.csv
приказ,word,prikaz,,order,,,,2425,Source: RU5000 (v0.1) - RU5000.csv
приказать,word,prikazat',,to order,,,,2426,Source: RU5000 (v0.1) - RU5000.csv
приказывать,word,prikazyvat',,to order,,,,2427,Source: RU5000 (v0.1) - RU5000.csv
прикрывать,word,prikryvat',,to cover up,,,,2428,Source: RU5000 (v0.1) - RU5000.csv
прикрыть,word,prikryt',,to cover up,,,,2429,Source: RU5000 (v0.1) - RU5000.csv
прилететь,word,priletet',,to fly in,,,,2430,Source: RU5000 (v0.1) - RU5000.csv
приличный,word,prilichnyy,,decent,,,,2431,Source: RU5000 (v0.1) - RU5000.csv
приложить,word,prilozhit',,to attach,,,,2432,Source: RU5000 (v0.1) - RU5000.csv
применять,word,primenyat',,to apply,,,,2433,Source: RU5000 (v0.1) - RU5000.csv
применяться,word,primenyat'sya,,to apply,,,,2434,Source: RU5000 (v0.1) - RU5000.csv
пример,word,primer,,example,,,,2435,Source: RU5000 (v0.1) - RU5000.csv
примерно,word,primerno,,approximately,,,,2436,Source: RU5000 (v0.1) - RU5000.csv
примета,word,primeta,,omen,,,,2437,Source: RU5000 (v0.1) - RU5000.csv
принадлежать,word,prinadlezhat',,to belong,,,,2438,Source: RU5000 (v0.1) - RU5000.csv
принести,word,prinestí,,to bring,,,,2439,Source: RU5000 (v0.1) - RU5000.csv
принимать,word,prinimat',,to accept,,,,2440,Source: RU5000 (v0.1) - RU5000.csv
приниматься,word,prinimat'sya,,to be accepted,,,,2441,Source: RU5000 (v0.1) - RU5000.csv
приносить,word,prinosit',,to bring,,,,2442,Source: RU5000 (v0.1) - RU5000.csv
принцесса,word,printsessa,,princess,,,,2443,Source: RU5000 (v0.1) - RU5000.csv
принцип,word,printsip,,principle,,,,2444,Source: RU5000 (v0.1) - RU5000.csv
принятый,word,prinyatyy,,accepted,,,,2445,Source: RU5000 (v0.1) - RU5000.csv
принять,word,prinyat',,to accept,,,,2446,Source: RU5000 (v0.1) - RU5000.csv
приняться,word,prinyat'sya,,to get started,,,,2447,Source: RU5000 (v0.1) - RU5000.csv
приобрести,word,priobresti,,to purchase,,,,2448,Source: RU5000 (v0.1) - RU5000.csv
приобретать,word,priobretat',,to acquire,,,,2449,Source: RU5000 (v0.1) - RU5000.csv
приоткрыть,word,priotkryt',,to open slightly,,,,2450,Source: RU5000 (v0.1) - RU5000.csv
приподнять,word,pripodnjat',,to lift up,,,,2451,Source: RU5000 (v0.1) - RU5000.csv
природа,word,priroda,,nature,,,,2452,Source: RU5000 (v0.1) - RU5000.csv
природный,word,prirodnyy,,natural,,,,2453,Source: RU5000 (v0.1) - RU5000.csv
присесть,word,priset'sja,,to sit down,,,,2454,Source: RU5000 (v0.1) - RU5000.csv
прислать,word,prislat,,to send,,,,2455,Source: RU5000 (v0.1) - RU5000.csv
прислушаться,word,prislushat'sya,,to listen closely,,,,2456,Source: RU5000 (v0.1) - RU5000.csv
прислушиваться,word,prislushivat'sya,,to listen,,,,2457,Source: RU5000 (v0.1) - RU5000.csv
пристально,word,pristalno,,intently,,,,2458,Source: RU5000 (v0.1) - RU5000.csv
приступ,word,pristup,,attack,,,,2459,Source: RU5000 (v0.1) - RU5000.csv
приступить,word,pristupit',,to get started,,,,2460,Source: RU5000 (v0.1) - RU5000.csv
присутствие,word,prisutstvie,,presence,,,,2461,Source: RU5000 (v0.1) - RU5000.csv
присутствовать,word,prisutstvovat',,to be present,,,,2462,Source: RU5000 (v0.1) - RU5000.csv
присутствующий,word,prisutstvuyushchiy,,present,,,,2463,Source: RU5000 (v0.1) - RU5000.csv
прихватить,word,prikhvatit',,to grab,,,,2464,Source: RU5000 (v0.1) - RU5000.csv
приход,word,prikhod,,coming,,,,2465,Source: RU5000 (v0.1) - RU5000.csv
приходить,word,prikhodit',,to come,,,,2466,Source: RU5000 (v0.1) - RU5000.csv
приходиться,word,prikhodit'sya,,to have to,,,,2467,Source: RU5000 (v0.1) - RU5000.csv
причем,word,prichem,,and,,,,2468,Source: RU5000 (v0.1) - RU5000.csv
причина,word,prichina,,cause,,,,2469,Source: RU5000 (v0.1) - RU5000.csv
пришлый,word,prishlyj,,newcomer,,,,2470,Source: RU5000 (v0.1) - RU5000.csv
приятно,word,priyatno,,nice,,,,2471,Source: RU5000 (v0.1) - RU5000.csv
приятный,word,priyatnyy,,nice,,,,2472,Source: RU5000 (v0.1) - RU5000.csv
про,word,pro,,about,,,,2473,Source: RU5000 (v0.1) - RU5000.csv
пробежать,word,to run,,to run,,,,2474,Source: RU5000 (v0.1) - RU5000.csv
пробираться,word,probirat'sja,,to wade,,,,2475,Source: RU5000 (v0.1) - RU5000.csv
пробить,word,probit',,to break through,,,,2476,Source: RU5000 (v0.1) - RU5000.csv
проблема,word,problema,,problem,,,,2477,Source: RU5000 (v0.1) - RU5000.csv
пробовать,word,probovat',,to try,,,,2478,Source: RU5000 (v0.1) - RU5000.csv
пробормотать,word,probormotat',,to mumble,,,,2479,Source: RU5000 (v0.1) - RU5000.csv
провал,word,proval,,failure,,,,2480,Source: RU5000 (v0.1) - RU5000.csv
провалиться,word,provalit'sya,,to fail,,,,2481,Source: RU5000 (v0.1) - RU5000.csv
проведение,word,provedenie,,conducting,,,,2482,Source: RU5000 (v0.1) - RU5000.csv
проверить,word,proverit',,to check,,,,2483,Source: RU5000 (v0.1) - RU5000.csv
проверка,word,proverka,,examination,,,,2484,Source: RU5000 (v0.1) - RU5000.csv
проверять,word,proveryat',,to check,,,,2485,Source: RU5000 (v0.1) - RU5000.csv
провести,word,pravʲistí,,to conduct,,,,2486,Source: RU5000 (v0.1) - RU5000.csv
проводить,word,provodit',,to conduct,,,,2487,Source: RU5000 (v0.1) - RU5000.csv
проводиться,word,provodit'sya,,to be carried out,,,,2488,Source: RU5000 (v0.1) - RU5000.csv
проводник,word,provodnik,,conductor,,,,2489,Source: RU5000 (v0.1) - RU5000.csv
провожать,word,provozhat',,to see off,,,,2490,Source: RU5000 (v0.1) - RU5000.csv
проглотить,word,proglotit',,to swallow,,,,2491,Source: RU5000 (v0.1) - RU5000.csv
проговорить,word,progovorit',,to talk it out,,,,2492,Source: RU5000 (v0.1) - RU5000.csv
прогресс,word,progress,,progress,,,,2493,Source: RU5000 (v0.1) - RU5000.csv
продавать,word,prodavat',,to sell,,,,2494,Source: RU5000 (v0.1) - RU5000.csv
продавецпродавщица,word,prodavets prodavshchitsa,,salesmansaleswoman,,,,2495,Source: RU5000 (v0.1) - RU5000.csv
продажа,word,prodazha,,sale,,,,2496,Source: RU5000 (v0.1) - RU5000.csv
продать,word,prodat',,to sell,,,,2497,Source: RU5000 (v0.1) - RU5000.csv
продолжать,word,prodolzhat',,to continue,,,,2498,Source: RU5000 (v0.1) - RU5000.csv
продолжаться,word,prodolzhat'sja,,to continue,,,,2499,Source: RU5000 (v0.1) - RU5000.csv
продолжение,word,partizan,,continuation,,,,2500,Source: RU5000 (v0.1) - RU5000.csv
продолжить,word,prodolzhit',,to continue,,,,2501,Source: RU5000 (v0.1) - RU5000.csv
проехать,word,proyekhat',,to drive through,,,,2502,Source: RU5000 (v0.1) - RU5000.csv
проживать,word,prozhivat',,to live,,,,2503,Source: RU5000 (v0.1) - RU5000.csv
прожить,word,prozhit',,to live through,,,,2504,Source: RU5000 (v0.1) - RU5000.csv
проза,word,proza,,prose,,,,2505,Source: RU5000 (v0.1) - RU5000.csv
прозвище,word,pehota,,nickname,,,,2506,Source: RU5000 (v0.1) - RU5000.csv
прозвучать,word,prozvuchat',,to sound out,,,,2507,Source: RU5000 (v0.1) - RU5000.csv
прозрачный,word,prozrachnyy,,transparent,,,,2508,Source: RU5000 (v0.1) - RU5000.csv
проиграть,word,proigrat',,to lose,,,,2509,Source: RU5000 (v0.1) - RU5000.csv
произведение,word,proizvedeniye,,work,,,,2510,Source: RU5000 (v0.1) - RU5000.csv
произвести,word,proizvesti,,to produce,,,,2511,Source: RU5000 (v0.1) - RU5000.csv
производить,word,proizvodit',,to produce,,,,2512,Source: RU5000 (v0.1) - RU5000.csv
производственный,word,proizvodstvennyy,,industrial,,,,2513,Source: RU5000 (v0.1) - RU5000.csv
произнести,word,proiznesti,,to pronounce,,,,2514,Source: RU5000 (v0.1) - RU5000.csv
произносить,word,proiznosit',,to pronounce,,,,2515,Source: RU5000 (v0.1) - RU5000.csv
произойти,word,proizoyti,,to happen,,,,2516,Source: RU5000 (v0.1) - RU5000.csv
происходить,word,proiskhodit',,to happen,,,,2517,Source: RU5000 (v0.1) - RU5000.csv
происхождение,word,primeta,,origin,,,,2518,Source: RU5000 (v0.1) - RU5000.csv
пройти,word,proyti,,to pass,,,,2519,Source: RU5000 (v0.1) - RU5000.csv
пройтись,word,proytis',,to take a walk,,,,2520,Source: RU5000 (v0.1) - RU5000.csv
проклятый,word,prókljatyj,,cursed,,,,2521,Source: RU5000 (v0.1) - RU5000.csv
прокуратура,word,prokuratura,,prosecutor's office,,,,2522,Source: RU5000 (v0.1) - RU5000.csv
промолчать,word,promolchat',,to keep silent,,,,2523,Source: RU5000 (v0.1) - RU5000.csv
промышленность,word,promyshlennostʹ,,industry,,,,2524,Source: RU5000 (v0.1) - RU5000.csv
промышленный,word,promyshlennyy,,industrial,,,,2525,Source: RU5000 (v0.1) - RU5000.csv
проникать,word,pronikat',,to permeate,,,,2526,Source: RU5000 (v0.1) - RU5000.csv
проникнуть,word,proniknut',,to penetrate,,,,2527,Source: RU5000 (v0.1) - RU5000.csv
пропаганда,word,plenka,,propaganda,,,,2528,Source: RU5000 (v0.1) - RU5000.csv
пропадать,word,propadatysya,,to disappear,,,,2529,Source: RU5000 (v0.1) - RU5000.csv
пропасть,word,propast',,to abyss,,,,2530,Source: RU5000 (v0.1) - RU5000.csv
пропускать,word,propuskat,,to miss,,,,2531,Source: RU5000 (v0.1) - RU5000.csv
пропустить,word,propustit',,to skip,,,,2532,Source: RU5000 (v0.1) - RU5000.csv
прорваться,word,prorvat'sja,,to break through,,,,2533,Source: RU5000 (v0.1) - RU5000.csv
просидеть,word,prosidet',,to sit out,,,,2534,Source: RU5000 (v0.1) - RU5000.csv
просить,word,prosit',,to ask,,,,2535,Source: RU5000 (v0.1) - RU5000.csv
проснуться,word,prosnut'sya,,to wake up,,,,2536,Source: RU5000 (v0.1) - RU5000.csv
проспект,word,prospekt,,avenue,,,,2537,Source: RU5000 (v0.1) - RU5000.csv
простить,word,prostit',,to forgive,,,,2538,Source: RU5000 (v0.1) - RU5000.csv
просто,word,prosto,,just,,,,2539,Source: RU5000 (v0.1) - RU5000.csv
простой,word,prostój,,simple,,,,2540,Source: RU5000 (v0.1) - RU5000.csv
просторный,word,prostornyy,,spacious,,,,2541,Source: RU5000 (v0.1) - RU5000.csv
пространство,word,prostranstvo,,space,,,,2542,Source: RU5000 (v0.1) - RU5000.csv
просыпаться,word,prosypat'sya,,to wake up,,,,2543,Source: RU5000 (v0.1) - RU5000.csv
просьба,word,proz'ba,,request,,,,2544,Source: RU5000 (v0.1) - RU5000.csv
протекать,word,protekat',,to leak,,,,2545,Source: RU5000 (v0.1) - RU5000.csv
против,word,protiv,,against,,,,2546,Source: RU5000 (v0.1) - RU5000.csv
противник,word,protivnik,,enemy,,,,2547,Source: RU5000 (v0.1) - RU5000.csv
противно,word,protivno,,disgusting,,,,2548,Source: RU5000 (v0.1) - RU5000.csv
противный,word,protivnyy,,nasty,,,,2549,Source: RU5000 (v0.1) - RU5000.csv
противоположный,word,protivopolozhnyy,,opposite,,,,2550,Source: RU5000 (v0.1) - RU5000.csv
протягивать,word,protyagivat',,to stretch,,,,2551,Source: RU5000 (v0.1) - RU5000.csv
протянуть,word,protjanut',,to stretch out,,,,2552,Source: RU5000 (v0.1) - RU5000.csv
профессионал,word,prokuratura,,professional,,,,2553,Source: RU5000 (v0.1) - RU5000.csv
профессиональный,word,professional'nyy,,professional,,,,2554,Source: RU5000 (v0.1) - RU5000.csv
профессор,word,professor,,professor,,,,2555,Source: RU5000 (v0.1) - RU5000.csv
прохладный,word,prokhladnyy,,chill,,,,2556,Source: RU5000 (v0.1) - RU5000.csv
проход,word,prokhod,,passage,,,,2557,Source: RU5000 (v0.1) - RU5000.csv
проходить,word,proxodítʹ,,to pass,,,,2558,Source: RU5000 (v0.1) - RU5000.csv
прохожий,word,prokhozhiy,,passer-by,,,,2559,Source: RU5000 (v0.1) - RU5000.csv
процесс,word,protsess,,process,,,,2560,Source: RU5000 (v0.1) - RU5000.csv
прочее,word,prochee,,other,,,,2561,Source: RU5000 (v0.1) - RU5000.csv
прочесть,word,prochest',,to read,,,,2562,Source: RU5000 (v0.1) - RU5000.csv
прочий,word,prochiy,,other,,,,2563,Source: RU5000 (v0.1) - RU5000.csv
прочитать,word,prochitat',,to read,,,,2564,Source: RU5000 (v0.1) - RU5000.csv
прочный,word,prochnyy,,lasting,,,,2565,Source: RU5000 (v0.1) - RU5000.csv
прочь,word,proch,,away,,,,2566,Source: RU5000 (v0.1) - RU5000.csv
прошедший,word,prošedšij,,past,,,,2567,Source: RU5000 (v0.1) - RU5000.csv
прошептать,word,prosheptat',,to whisper,,,,2568,Source: RU5000 (v0.1) - RU5000.csv
прошлый,word,próšlyj,,last,,,,2569,Source: RU5000 (v0.1) - RU5000.csv
прощать,word,proshchat',,to forgive,,,,2570,Source: RU5000 (v0.1) - RU5000.csv
прощаться,word,proshchat'sya,,to say goodbye,,,,2571,Source: RU5000 (v0.1) - RU5000.csv
прощение,word,proshcheniye,,forgiveness,,,,2572,Source: RU5000 (v0.1) - RU5000.csv
проявить,word,proyavit',,to show,,,,2573,Source: RU5000 (v0.1) - RU5000.csv
проявление,word,promyshlennostʹ,,manifestation,,,,2574,Source: RU5000 (v0.1) - RU5000.csv
проявлять,word,proyavlyat',,to show,,,,2575,Source: RU5000 (v0.1) - RU5000.csv
проявляться,word,proyavlyat'sya,,to manifest itself,,,,2576,Source: RU5000 (v0.1) - RU5000.csv
пруд,word,prud,,pond,,,,2577,Source: RU5000 (v0.1) - RU5000.csv
прыгать,word,prygat',,to jump,,,,2578,Source: RU5000 (v0.1) - RU5000.csv
прыгнуть,word,prygnut',,to jump,,,,2579,Source: RU5000 (v0.1) - RU5000.csv
прыжок,word,pryzhok,,bounce,,,,2580,Source: RU5000 (v0.1) - RU5000.csv
прямо,word,pryamo,,directly,,,,2581,Source: RU5000 (v0.1) - RU5000.csv
прямой,word,pryamoy,,direct,,,,2582,Source: RU5000 (v0.1) - RU5000.csv
прятать,word,pryatat',,to hide,,,,2583,Source: RU5000 (v0.1) - RU5000.csv
прятаться,word,prjátatʹsja,,to hide,,,,2584,Source: RU5000 (v0.1) - RU5000.csv
психика,word,psikhika,,psyche,,,,2585,Source: RU5000 (v0.1) - RU5000.csv
психический,word,psikhicheskij,,mental,,,,2586,Source: RU5000 (v0.1) - RU5000.csv
психологический,word,psikhologicheskiy,,psychological,,,,2587,Source: RU5000 (v0.1) - RU5000.csv
публика,word,publika,,public,,,,2588,Source: RU5000 (v0.1) - RU5000.csv
публикация,word,publikatsiya,,publication,,,,2589,Source: RU5000 (v0.1) - RU5000.csv
пугать,word,pugat',,to frighten,,,,2590,Source: RU5000 (v0.1) - RU5000.csv
пулемет,word,pulemet,,machine gun,,,,2591,Source: RU5000 (v0.1) - RU5000.csv
пускать,word,puskat',,to let go,,,,2592,Source: RU5000 (v0.1) - RU5000.csv
пустить,word,pustit,,to let go,,,,2593,Source: RU5000 (v0.1) - RU5000.csv
пусто,word,pusto,,empty,,,,2594,Source: RU5000 (v0.1) - RU5000.csv
пустой,word,pustoj,,empty,,,,2595,Source: RU5000 (v0.1) - RU5000.csv
пустота,word,pustota,,emptiness,,,,2596,Source: RU5000 (v0.1) - RU5000.csv
пустынный,word,pustynnyy,,deserted,,,,2597,Source: RU5000 (v0.1) - RU5000.csv
пусть,word,pust',,let,,,,2598,Source: RU5000 (v0.1) - RU5000.csv
путем,word,putem,,by way,,,,2599,Source: RU5000 (v0.1) - RU5000.csv
путь,word,put',,path,,,,2600,Source: RU5000 (v0.1) - RU5000.csv
пыльный,word,pýl'nyj,,dusty,,,,2601,Source: RU5000 (v0.1) - RU5000.csv
пытаться,word,pytat'sya,,to try,,,,2602,Source: RU5000 (v0.1) - RU5000.csv
пышный,word,pyshnyy,,lush,,,,2603,Source: RU5000 (v0.1) - RU5000.csv
пьяный,word,pyanyy,,drunk,,,,2604,Source: RU5000 (v0.1) - RU5000.csv
пятеро,word,pyátero,,five,,,,2605,Source: RU5000 (v0.1) - RU5000.csv
пятнадцать,word,pyatnádtsat',,fifteen,,,,2606,Source: RU5000 (v0.1) - RU5000.csv
пятно,word,pjatno,,spot,,,,2607,Source: RU5000 (v0.1) - RU5000.csv
пяток,word,pyatok,,heels,,,,2608,Source: RU5000 (v0.1) - RU5000.csv
пятый,word,pjátyj,,fifth,,,,2609,Source: RU5000 (v0.1) - RU5000.csv
пять,word,pyat,,five,,,,2610,Source: RU5000 (v0.1) - RU5000.csv
пятьдесят,word,pyat'desyat',,fifty,,,,2611,Source: RU5000 (v0.1) - RU5000.csv
пятьсот,word,pyat'sót,,five hundred,,,,2612,Source: RU5000 (v0.1) - RU5000.csv
пёстрыйпестрый,word,pjóstryj,,motleymotley,,,,2613,Source: RU5000 (v0.1) - RU5000.csv
раб,word,rab,,slave,,,,2614,Source: RU5000 (v0.1) - RU5000.csv
работа,word,rabota,,job,,,,2615,Source: RU5000 (v0.1) - RU5000.csv
работать,word,rabotat',,to work,,,,2616,Source: RU5000 (v0.1) - RU5000.csv
работник,word,rabotnik,,worker,,,,2617,Source: RU5000 (v0.1) - RU5000.csv
рабочий,word,rabóchij,,worker,,,,2618,Source: RU5000 (v0.1) - RU5000.csv
равно,word,ravno,,equals,,,,2619,Source: RU5000 (v0.1) - RU5000.csv
равновесие,word,ravnovesie,,equilibrium,,,,2620,Source: RU5000 (v0.1) - RU5000.csv
равнодушно,word,ravnodushno,,indifferently,,,,2621,Source: RU5000 (v0.1) - RU5000.csv
равнодушный,word,ravnodushnyy,,indifferent,,,,2622,Source: RU5000 (v0.1) - RU5000.csv
равный,word,ravnyy,,equal,,,,2623,Source: RU5000 (v0.1) - RU5000.csv
ради,word,radi,,for the sake of,,,,2624,Source: RU5000 (v0.1) - RU5000.csv
радоваться,word,radovat'sya,,to rejoice,,,,2625,Source: RU5000 (v0.1) - RU5000.csv
радостно,word,radostno,,joyfully,,,,2626,Source: RU5000 (v0.1) - RU5000.csv
радостный,word,rádostnyj,,glad,,,,2627,Source: RU5000 (v0.1) - RU5000.csv
радость,word,radost,,joy,,,,2628,Source: RU5000 (v0.1) - RU5000.csv
раз,word,raz,,once,,,,2629,Source: RU5000 (v0.1) - RU5000.csv
разбирать,word,razbirat',,to disassemble,,,,2630,Source: RU5000 (v0.1) - RU5000.csv
разбираться,word,razbirat'sya,,to sort it out,,,,2631,Source: RU5000 (v0.1) - RU5000.csv
разбитый,word,razbityj,,broken,,,,2632,Source: RU5000 (v0.1) - RU5000.csv
разбить,word,razbit',,to break,,,,2633,Source: RU5000 (v0.1) - RU5000.csv
разбудить,word,razbudit',,to wake,,,,2634,Source: RU5000 (v0.1) - RU5000.csv
разве,word,razve,,really,,,,2635,Source: RU5000 (v0.1) - RU5000.csv
развернуть,word,razvernut',,to expand,,,,2636,Source: RU5000 (v0.1) - RU5000.csv
развернуться,word,razvernut'sya,,to turn around,,,,2637,Source: RU5000 (v0.1) - RU5000.csv
развести,word,razvesti,,to divorce,,,,2638,Source: RU5000 (v0.1) - RU5000.csv
развиваться,word,razvivat'sja,,to develop,,,,2639,Source: RU5000 (v0.1) - RU5000.csv
развитие,word,razvitie,,development,,,,2640,Source: RU5000 (v0.1) - RU5000.csv
развитый,word,razvityy,,developed,,,,2641,Source: RU5000 (v0.1) - RU5000.csv
развод,word,razvod,,divorce,,,,2642,Source: RU5000 (v0.1) - RU5000.csv
разводить,word,razvodit',,to breed,,,,2643,Source: RU5000 (v0.1) - RU5000.csv
разглядеть,word,razglyadet',,to make out,,,,2644,Source: RU5000 (v0.1) - RU5000.csv
разглядывать,word,razglyadyvat',,to look at,,,,2645,Source: RU5000 (v0.1) - RU5000.csv
разговаривать,word,razgovarivat',,to talk,,,,2646,Source: RU5000 (v0.1) - RU5000.csv
разговор,word,razgovor,,talk,,,,2647,Source: RU5000 (v0.1) - RU5000.csv
раздаваться,word,razdavat'sya,,to be heard,,,,2648,Source: RU5000 (v0.1) - RU5000.csv
раздавить,word,razdavit',,to crush,,,,2649,Source: RU5000 (v0.1) - RU5000.csv
раздаться,word,razdatsya,,to be heard,,,,2650,Source: RU5000 (v0.1) - RU5000.csv
разделить,word,razdelit',,to divide,,,,2651,Source: RU5000 (v0.1) - RU5000.csv
раздражать,word,razdrazhat',,to annoy,,,,2652,Source: RU5000 (v0.1) - RU5000.csv
различать,word,razlichat',,to distinguish,,,,2653,Source: RU5000 (v0.1) - RU5000.csv
различный,word,razlichnyj,,different,,,,2654,Source: RU5000 (v0.1) - RU5000.csv
разложить,word,razlozhiť,,to lay out,,,,2655,Source: RU5000 (v0.1) - RU5000.csv
размах,word,razmakh,,scope,,,,2656,Source: RU5000 (v0.1) - RU5000.csv
размахивать,word,razmakhivat',,to swing,,,,2657,Source: RU5000 (v0.1) - RU5000.csv
размышление,word,razmyshlenie,,reflection,,,,2658,Source: RU5000 (v0.1) - RU5000.csv
размышлять,word,razmyshlyat',,to reflect,,,,2659,Source: RU5000 (v0.1) - RU5000.csv
разнообразный,word,raznoobraznyy,,various,,,,2660,Source: RU5000 (v0.1) - RU5000.csv
разноцветный,word,raznocvetnyy,,multi-colored,,,,2661,Source: RU5000 (v0.1) - RU5000.csv
разный,word,raznyj,,different,,,,2662,Source: RU5000 (v0.1) - RU5000.csv
разобрать,word,razobrat',,to disassemble,,,,2663,Source: RU5000 (v0.1) - RU5000.csv
разобраться,word,razobrat'sya,,to figure out,,,,2664,Source: RU5000 (v0.1) - RU5000.csv
разойтись,word,razoytis',,to disperse,,,,2665,Source: RU5000 (v0.1) - RU5000.csv
разорвать,word,razorvat',,to tear apart,,,,2666,Source: RU5000 (v0.1) - RU5000.csv
разработать,word,razrabotat',,to develop,,,,2667,Source: RU5000 (v0.1) - RU5000.csv
разрешение,word,razreshenie,,permission,,,,2668,Source: RU5000 (v0.1) - RU5000.csv
разрешить,word,razreshit',,to allow,,,,2669,Source: RU5000 (v0.1) - RU5000.csv
разрушить,word,razrushit',,to destroy,,,,2670,Source: RU5000 (v0.1) - RU5000.csv
разуметься,word,razumet'sya,,to it goes without saying,,,,2671,Source: RU5000 (v0.1) - RU5000.csv
разумный,word,razumnyy,,reasonable,,,,2672,Source: RU5000 (v0.1) - RU5000.csv
разыскать,word,razyskat',,to find,,,,2673,Source: RU5000 (v0.1) - RU5000.csv
рай,word,ray,,paradise,,,,2674,Source: RU5000 (v0.1) - RU5000.csv
районный,word,rajonnyj,,district,,,,2675,Source: RU5000 (v0.1) - RU5000.csv
ранее,word,ranee,,previously,,,,2676,Source: RU5000 (v0.1) - RU5000.csv
раненый,word,ranenyy,,wounded,,,,2677,Source: RU5000 (v0.1) - RU5000.csv
ранить,word,ranit',,to wound,,,,2678,Source: RU5000 (v0.1) - RU5000.csv
ранний,word,ranniy,,early,,,,2679,Source: RU5000 (v0.1) - RU5000.csv
рано,word,rano,,early,,,,2680,Source: RU5000 (v0.1) - RU5000.csv
раскрытый,word,raskrytyj,,disclosed,,,,2681,Source: RU5000 (v0.1) - RU5000.csv
раскрыть,word,raskryt',,to reveal,,,,2682,Source: RU5000 (v0.1) - RU5000.csv
распахнуть,word,raspakhnut',,to open wide,,,,2683,Source: RU5000 (v0.1) - RU5000.csv
распахнуться,word,raspakhnut'sya,,to swing open,,,,2684,Source: RU5000 (v0.1) - RU5000.csv
располагаться,word,raspolagat'sya,,to be located,,,,2685,Source: RU5000 (v0.1) - RU5000.csv
расположить,word,raspolozhit',,to arrange,,,,2686,Source: RU5000 (v0.1) - RU5000.csv
распорядиться,word,rasporjadit'sya,,to dispose of,,,,2687,Source: RU5000 (v0.1) - RU5000.csv
распоряжение,word,rasporyazhenie,,order,,,,2688,Source: RU5000 (v0.1) - RU5000.csv
распространение,word,rasprostranenie,,spreading,,,,2689,Source: RU5000 (v0.1) - RU5000.csv
распространить,word,rasprostranit',,to spread,,,,2690,Source: RU5000 (v0.1) - RU5000.csv
рассвет,word,rassvet,,dawn,,,,2691,Source: RU5000 (v0.1) - RU5000.csv
рассердиться,word,rasserdit'sya,,to get angry,,,,2692,Source: RU5000 (v0.1) - RU5000.csv
рассказ,word,rasskaz,,story,,,,2693,Source: RU5000 (v0.1) - RU5000.csv
рассказать,word,rasskazat',,to tell,,,,2694,Source: RU5000 (v0.1) - RU5000.csv
рассказывать,word,rasskazyvat',,to tell,,,,2695,Source: RU5000 (v0.1) - RU5000.csv
расследование,word,rassledovanie,,investigation,,,,2696,Source: RU5000 (v0.1) - RU5000.csv
рассматривать,word,rassmatrivat',,to consider,,,,2697,Source: RU5000 (v0.1) - RU5000.csv
рассмеяться,word,rassmeyat'sya,,to laugh,,,,2698,Source: RU5000 (v0.1) - RU5000.csv
рассмотреть,word,rassmotret',,to consider,,,,2699,Source: RU5000 (v0.1) - RU5000.csv
расспрашивать,word,rassprashivat',,to ask questions,,,,2700,Source: RU5000 (v0.1) - RU5000.csv
расставаться,word,rasstavat'sja,,to break up,,,,2701,Source: RU5000 (v0.1) - RU5000.csv
расставить,word,rasstavit',,to arrange,,,,2702,Source: RU5000 (v0.1) - RU5000.csv
расстаться,word,rasstat'sja,,to break up,,,,2703,Source: RU5000 (v0.1) - RU5000.csv
расстегнуть,word,rasstegnut',,to unbutton,,,,2704,Source: RU5000 (v0.1) - RU5000.csv
расстрелять,word,rasstrelyat',,to shoot,,,,2705,Source: RU5000 (v0.1) - RU5000.csv
рассуждать,word,rassuzhdat',,to reason,,,,2706,Source: RU5000 (v0.1) - RU5000.csv
рассчитать,word,rasschitat',,to calculate,,,,2707,Source: RU5000 (v0.1) - RU5000.csv
рассчитывать,word,rasschityvat',,to count on,,,,2708,Source: RU5000 (v0.1) - RU5000.csv
рассыпаться,word,rassypat'sya,,to fall apart,,,,2709,Source: RU5000 (v0.1) - RU5000.csv
раствор,word,rastvor,,solution,,,,2710,Source: RU5000 (v0.1) - RU5000.csv
растерянно,word,rasteryanno,,confused,,,,2711,Source: RU5000 (v0.1) - RU5000.csv
растерять,word,rasteryat',,to lose,,,,2712,Source: RU5000 (v0.1) - RU5000.csv
растеряться,word,rasterjátʹsja,,to get confused,,,,2713,Source: RU5000 (v0.1) - RU5000.csv
расти,word,rasti,,to grow,,,,2714,Source: RU5000 (v0.1) - RU5000.csv
расход,word,rashod,,consumption,,,,2715,Source: RU5000 (v0.1) - RU5000.csv
расходиться,word,raskhodit'sya,,to diverge,,,,2716,Source: RU5000 (v0.1) - RU5000.csv
рвануть,word,rvanut',,to rush,,,,2717,Source: RU5000 (v0.1) - RU5000.csv
рвануться,word,rvanutsya,,to rush,,,,2718,Source: RU5000 (v0.1) - RU5000.csv
рвать,word,rvat',,to tear,,,,2719,Source: RU5000 (v0.1) - RU5000.csv
рваться,word,rvat'sja,,to tear,,,,2720,Source: RU5000 (v0.1) - RU5000.csv
реагировать,word,reagirovat',,to react,,,,2721,Source: RU5000 (v0.1) - RU5000.csv
реакция,word,reaktsiya,,reaction,,,,2722,Source: RU5000 (v0.1) - RU5000.csv
реальный,word,reál'nyj,,real,,,,2723,Source: RU5000 (v0.1) - RU5000.csv
ребята,word,rebyata,,guys,,,,2724,Source: RU5000 (v0.1) - RU5000.csv
ребятишки,word,rebjatishki,,kids,,,,2725,Source: RU5000 (v0.1) - RU5000.csv
реветь,word,revet',,to roar,,,,2726,Source: RU5000 (v0.1) - RU5000.csv
революционный,word,revolyutsionnyy,,revolutionary,,,,2727,Source: RU5000 (v0.1) - RU5000.csv
редкий,word,redkiy,,rare,,,,2728,Source: RU5000 (v0.1) - RU5000.csv
редко,word,redko,,rarely,,,,2729,Source: RU5000 (v0.1) - RU5000.csv
редкость,word,redkost',,rarity,,,,2730,Source: RU5000 (v0.1) - RU5000.csv
режиссер,word,rezhisser,,director,,,,2731,Source: RU5000 (v0.1) - RU5000.csv
резать,word,rezat',,to cut,,,,2732,Source: RU5000 (v0.1) - RU5000.csv
резиновый,word,rezinovyy,,rubber,,,,2733,Source: RU5000 (v0.1) - RU5000.csv
резкий,word,rezkiy,,cutting,,,,2734,Source: RU5000 (v0.1) - RU5000.csv
резко,word,rezko,,sharp,,,,2735,Source: RU5000 (v0.1) - RU5000.csv
результат,word,rezul'tat,,result,,,,2736,Source: RU5000 (v0.1) - RU5000.csv
река,word,reka,,river,,,,2737,Source: RU5000 (v0.1) - RU5000.csv
рекомендовать,word,rekomendovat',,to recommend,,,,2738,Source: RU5000 (v0.1) - RU5000.csv
религиозный,word,religioznyy,,religious,,,,2739,Source: RU5000 (v0.1) - RU5000.csv
религия,word,religiya,,religion,,,,2740,Source: RU5000 (v0.1) - RU5000.csv
ресторан,word,restoran,,restaurant,,,,2741,Source: RU5000 (v0.1) - RU5000.csv
ресурс,word,resurs,,resource,,,,2742,Source: RU5000 (v0.1) - RU5000.csv
речь,word,rech',,speech,,,,2743,Source: RU5000 (v0.1) - RU5000.csv
решать,word,reshat',,to decide,,,,2744,Source: RU5000 (v0.1) - RU5000.csv
решаться,word,reshat'sya,,to decide,,,,2745,Source: RU5000 (v0.1) - RU5000.csv
решительно,word,reshitelno,,decisively,,,,2746,Source: RU5000 (v0.1) - RU5000.csv
решительный,word,rešítelʹnyj,,decisive,,,,2747,Source: RU5000 (v0.1) - RU5000.csv
решить,word,reshit',,to decide,,,,2748,Source: RU5000 (v0.1) - RU5000.csv
решиться,word,reshit'sja,,to decide,,,,2749,Source: RU5000 (v0.1) - RU5000.csv
ржавый,word,rzhavyy,,rusty,,,,2750,Source: RU5000 (v0.1) - RU5000.csv
римский,word,rimskiy,,Roman,,,,2751,Source: RU5000 (v0.1) - RU5000.csv
риск,word,risk,,risk,,,,2752,Source: RU5000 (v0.1) - RU5000.csv
рисковать,word,riskovat',,to risk,,,,2753,Source: RU5000 (v0.1) - RU5000.csv
рисовать,word,risovat',,to paint,,,,2754,Source: RU5000 (v0.1) - RU5000.csv
рисунок,word,risunok,,drawing,,,,2755,Source: RU5000 (v0.1) - RU5000.csv
робко,word,robko,,timidly,,,,2756,Source: RU5000 (v0.1) - RU5000.csv
ровно,word,rovno,,smooth,,,,2757,Source: RU5000 (v0.1) - RU5000.csv
ровный,word,rovnyy,,smooth,,,,2758,Source: RU5000 (v0.1) - RU5000.csv
родить,word,rodit',,to give birth,,,,2759,Source: RU5000 (v0.1) - RU5000.csv
родиться,word,roditsya,,to be born,,,,2760,Source: RU5000 (v0.1) - RU5000.csv
родной,word,rodnoj,,native,,,,2761,Source: RU5000 (v0.1) - RU5000.csv
родственник,word,rodstvennik,,relative,,,,2762,Source: RU5000 (v0.1) - RU5000.csv
рождаться,word,rozhdat'sya,,to be born,,,,2763,Source: RU5000 (v0.1) - RU5000.csv
розовый,word,rozovyy,,pink,,,,2764,Source: RU5000 (v0.1) - RU5000.csv
роса,word,rosa,,dew,,,,2765,Source: RU5000 (v0.1) - RU5000.csv
роскошный,word,roskoshnyj,,luxurious,,,,2766,Source: RU5000 (v0.1) - RU5000.csv
рослый,word,roslyy,,tall,,,,2767,Source: RU5000 (v0.1) - RU5000.csv
российский,word,rossiyskiy,,Russian,,,,2768,Source: RU5000 (v0.1) - RU5000.csv
Россия,word,Rossiya,,russia,,,,2769,Source: RU5000 (v0.1) - RU5000.csv
рота,word,rota,,company,,,,2770,Source: RU5000 (v0.1) - RU5000.csv
рубаха,word,rubakha,,shirt,,,,2771,Source: RU5000 (v0.1) - RU5000.csv
рубашка,word,rubashka,,shirt,,,,2772,Source: RU5000 (v0.1) - RU5000.csv
рубеж,word,rubezh,,frontier,,,,2773,Source: RU5000 (v0.1) - RU5000.csv
рубль,word,ruble,,ruble,,,,2774,Source: RU5000 (v0.1) - RU5000.csv
ругать,word,rugat',,to scold,,,,2775,Source: RU5000 (v0.1) - RU5000.csv
ругаться,word,rugat'sya,,to swear,,,,2776,Source: RU5000 (v0.1) - RU5000.csv
рука,word,ruka,,hand,,,,2777,Source: RU5000 (v0.1) - RU5000.csv
рукав,word,rukav,,sleeve,,,,2778,Source: RU5000 (v0.1) - RU5000.csv
руководить,word,rukovodit',,to lead,,,,2779,Source: RU5000 (v0.1) - RU5000.csv
русский,word,russkiy,,russian; Russian,,,,2780,Source: RU5000 (v0.1) - RU5000.csv
рухнуть,word,rukhnut',,to collapse,,,,2781,Source: RU5000 (v0.1) - RU5000.csv
ручной,word,ruchnoy,,manual,,,,2782,Source: RU5000 (v0.1) - RU5000.csv
рыба,word,ryba,,fish,,,,2783,Source: RU5000 (v0.1) - RU5000.csv
рыбак,word,rybak,,fisherman,,,,2784,Source: RU5000 (v0.1) - RU5000.csv
рывок,word,ryvok,,jerk,,,,2785,Source: RU5000 (v0.1) - RU5000.csv
рыжий,word,ryzhiy,,ginger,,,,2786,Source: RU5000 (v0.1) - RU5000.csv
рыцарь,word,rytsar',,knight,,,,2787,Source: RU5000 (v0.1) - RU5000.csv
рюкзак,word,rjukzak,,backpack,,,,2788,Source: RU5000 (v0.1) - RU5000.csv
ряд,word,ryad,,row,,,,2789,Source: RU5000 (v0.1) - RU5000.csv
рядовой,word,ryadovoy,,private,,,,2790,Source: RU5000 (v0.1) - RU5000.csv
рёврев,word,ryov,,roarroar,,,,2791,Source: RU5000 (v0.1) - RU5000.csv
с,word,s,,with,,,,2792,Source: RU5000 (v0.1) - RU5000.csv
сад,word,sad,,garden,,,,2793,Source: RU5000 (v0.1) - RU5000.csv
садиться,word,sadit'sya,,to sit down,,,,2794,Source: RU5000 (v0.1) - RU5000.csv
сажать,word,sazhat',,to plant,,,,2795,Source: RU5000 (v0.1) - RU5000.csv
сало,word,salo,,salo,,,,2796,Source: RU5000 (v0.1) - RU5000.csv
сам,word,sam,,myself,,,,2797,Source: RU5000 (v0.1) - RU5000.csv
самовар,word,samovar,,samovar,,,,2798,Source: RU5000 (v0.1) - RU5000.csv
самолет,word,samolyot,,airplane,,,,2799,Source: RU5000 (v0.1) - RU5000.csv
самостоятельно,word,samostoyatel'no,,on one's own,,,,2800,Source: RU5000 (v0.1) - RU5000.csv
самостоятельный,word,samostoyatel'nyy,,independent,,,,2801,Source: RU5000 (v0.1) - RU5000.csv
самоубийство,word,samoubiystvo,,suicide,,,,2802,Source: RU5000 (v0.1) - RU5000.csv
самый,word,samyy,,most,,,,2803,Source: RU5000 (v0.1) - RU5000.csv
сантиметр,word,santimetr,,centimeter,,,,2804,Source: RU5000 (v0.1) - RU5000.csv
сбегать,word,sbegat',,to run away,,,,2805,Source: RU5000 (v0.1) - RU5000.csv
сбежать,word,sbezhat',,to run away,,,,2806,Source: RU5000 (v0.1) - RU5000.csv
сбить,word,sbit',,to knock down,,,,2807,Source: RU5000 (v0.1) - RU5000.csv
сбоку,word,sboku,,from the side,,,,2808,Source: RU5000 (v0.1) - RU5000.csv
сбор,word,sbor,,collection,,,,2809,Source: RU5000 (v0.1) - RU5000.csv
сбросить,word,sbrosit',,to reset,,,,2810,Source: RU5000 (v0.1) - RU5000.csv
свадьба,word,svad'ba,,wedding,,,,2811,Source: RU5000 (v0.1) - RU5000.csv
свалить,word,svalítʹ,,to dump,,,,2812,Source: RU5000 (v0.1) - RU5000.csv
свалиться,word,svalit'sya,,to fall down,,,,2813,Source: RU5000 (v0.1) - RU5000.csv
свежий,word,svezhij,,fresh,,,,2814,Source: RU5000 (v0.1) - RU5000.csv
сверкать,word,sverkat',,to sparkle,,,,2815,Source: RU5000 (v0.1) - RU5000.csv
сверкающий,word,sverkayushchiy,,sparkling,,,,2816,Source: RU5000 (v0.1) - RU5000.csv
свернуть,word,svernut',,to collapse,,,,2817,Source: RU5000 (v0.1) - RU5000.csv
сверху,word,sverkhu,,above,,,,2818,Source: RU5000 (v0.1) - RU5000.csv
свести,word,svesti,,to bring together,,,,2819,Source: RU5000 (v0.1) - RU5000.csv
светило,word,svetilo,,light,,,,2820,Source: RU5000 (v0.1) - RU5000.csv
светиться,word,svetit'sja,,to shine,,,,2821,Source: RU5000 (v0.1) - RU5000.csv
светло,word,svetlo,,light,,,,2822,Source: RU5000 (v0.1) - RU5000.csv
светлый,word,svetlyj,,light,,,,2823,Source: RU5000 (v0.1) - RU5000.csv
свеча,word,svecha,,candle,,,,2824,Source: RU5000 (v0.1) - RU5000.csv
свидание,word,svidanie,,date,,,,2825,Source: RU5000 (v0.1) - RU5000.csv
свидетель,word,svidetel,,witness,,,,2826,Source: RU5000 (v0.1) - RU5000.csv
свидетельство,word,svidetel'stvo,,certificate,,,,2827,Source: RU5000 (v0.1) - RU5000.csv
свидетельствовать,word,svidételʹstvovatʹ,,to testify,,,,2828,Source: RU5000 (v0.1) - RU5000.csv
свинья,word,svin'ya,,pig,,,,2829,Source: RU5000 (v0.1) - RU5000.csv
свист,word,svist,,whistling,,,,2830,Source: RU5000 (v0.1) - RU5000.csv
свободно,word,svobodno,,free,,,,2831,Source: RU5000 (v0.1) - RU5000.csv
свободный,word,svobódnyj,,free,,,,2832,Source: RU5000 (v0.1) - RU5000.csv
сводить,word,svodit',,to bring together,,,,2833,Source: RU5000 (v0.1) - RU5000.csv
свое,word,svoyo,,your own,,,,2834,Source: RU5000 (v0.1) - RU5000.csv
своеобразный,word,svojeobráznyj,,peculiar,,,,2835,Source: RU5000 (v0.1) - RU5000.csv
свой,word,svoy,,mine,,,,2836,Source: RU5000 (v0.1) - RU5000.csv
свойственный,word,svoystvennyy,,characteristic,,,,2837,Source: RU5000 (v0.1) - RU5000.csv
связанный,word,svjazannyj,,connected,,,,2838,Source: RU5000 (v0.1) - RU5000.csv
связаться,word,svyazat'sya,,to contact,,,,2839,Source: RU5000 (v0.1) - RU5000.csv
связывать,word,svyazyvat',,to tie,,,,2840,Source: RU5000 (v0.1) - RU5000.csv
связь,word,svyaz',,connection,,,,2841,Source: RU5000 (v0.1) - RU5000.csv
святой,word,svyatoy,,saint,,,,2842,Source: RU5000 (v0.1) - RU5000.csv
священник,word,svyaschennik,,priest,,,,2843,Source: RU5000 (v0.1) - RU5000.csv
священный,word,svyashchennyy,,sacred,,,,2844,Source: RU5000 (v0.1) - RU5000.csv
сгореть,word,sgoret',,to burn out,,,,2845,Source: RU5000 (v0.1) - RU5000.csv
сдавать,word,sdavat',,to hand over,,,,2846,Source: RU5000 (v0.1) - RU5000.csv
сдаваться,word,sdavat'sja,,to give up,,,,2847,Source: RU5000 (v0.1) - RU5000.csv
сдать,word,sdat',,to pass,,,,2848,Source: RU5000 (v0.1) - RU5000.csv
сдвинуть,word,sdvinut',,to move,,,,2849,Source: RU5000 (v0.1) - RU5000.csv
сделать,word,sdelat',,to do,,,,2850,Source: RU5000 (v0.1) - RU5000.csv
сделаться,word,sdelat'sja,,to become,,,,2851,Source: RU5000 (v0.1) - RU5000.csv
сдерживать,word,sderzhivat',,to hold back,,,,2852,Source: RU5000 (v0.1) - RU5000.csv
себя,word,sebya,,myself,,,,2853,Source: RU5000 (v0.1) - RU5000.csv
северный,word,severnyy,,northern,,,,2854,Source: RU5000 (v0.1) - RU5000.csv
сегодня,word,sevodnya,,today,,,,2855,Source: RU5000 (v0.1) - RU5000.csv
сегодняшний,word,sevodnyashniy,,today's,,,,2856,Source: RU5000 (v0.1) - RU5000.csv
седой,word,sedoy,,gray-haired,,,,2857,Source: RU5000 (v0.1) - RU5000.csv
седьмой,word,sedmój,,seventh,,,,2858,Source: RU5000 (v0.1) - RU5000.csv
сезон,word,sezon,,season,,,,2859,Source: RU5000 (v0.1) - RU5000.csv
сей,word,sey,,this,,,,2860,Source: RU5000 (v0.1) - RU5000.csv
сейф,word,seyf,,safe,,,,2861,Source: RU5000 (v0.1) - RU5000.csv
сейчас,word,seychas,,now,,,,2862,Source: RU5000 (v0.1) - RU5000.csv
секрет,word,sekret,,secret,,,,2863,Source: RU5000 (v0.1) - RU5000.csv
секретарь,word,sekretar',,secretary,,,,2864,Source: RU5000 (v0.1) - RU5000.csv
секретный,word,sekretnyy,,secret,,,,2865,Source: RU5000 (v0.1) - RU5000.csv
сексуальный,word,seksual'nyy,,sexual,,,,2866,Source: RU5000 (v0.1) - RU5000.csv
сектор,word,sektor,,sector,,,,2867,Source: RU5000 (v0.1) - RU5000.csv
секунда,word,sekunda,,second,,,,2868,Source: RU5000 (v0.1) - RU5000.csv
село,word,selo,,village,,,,2869,Source: RU5000 (v0.1) - RU5000.csv
сельский,word,selskiy,,rural,,,,2870,Source: RU5000 (v0.1) - RU5000.csv
семейный,word,semejnyj,,family,,,,2871,Source: RU5000 (v0.1) - RU5000.csv
семнадцать,word,semnádcat',,seventeen,,,,2872,Source: RU5000 (v0.1) - RU5000.csv
семь,word,sem',,seven,,,,2873,Source: RU5000 (v0.1) - RU5000.csv
семьдесят,word,sem'desyat,,seventy,,,,2874,Source: RU5000 (v0.1) - RU5000.csv
семья,word,sem'ya,,family,,,,2875,Source: RU5000 (v0.1) - RU5000.csv
сердечный,word,serdechnyj,,cordial,,,,2876,Source: RU5000 (v0.1) - RU5000.csv
сердито,word,serdito,,angrily,,,,2877,Source: RU5000 (v0.1) - RU5000.csv
сердиться,word,serdit'sja,,to be angry,,,,2878,Source: RU5000 (v0.1) - RU5000.csv
сердце,word,serdtse,,heart,,,,2879,Source: RU5000 (v0.1) - RU5000.csv
серебряный,word,serébrjanyj,,silver,,,,2880,Source: RU5000 (v0.1) - RU5000.csv
серый,word,seryj,,grey,,,,2881,Source: RU5000 (v0.1) - RU5000.csv
серьёзно,word,seryozno,,seriously,,,,2882,Source: RU5000 (v0.1) - RU5000.csv
серьёзный,word,ser'eznyj,,serious,,,,2883,Source: RU5000 (v0.1) - RU5000.csv
сесть,word,sest',,to sit down,,,,2884,Source: RU5000 (v0.1) - RU5000.csv
сетка,word,setka,,net,,,,2885,Source: RU5000 (v0.1) - RU5000.csv
сжать,word,szhat',,to compress,,,,2886,Source: RU5000 (v0.1) - RU5000.csv
сжечь,word,szhech',,to burn,,,,2887,Source: RU5000 (v0.1) - RU5000.csv
сжимать,word,szhimat',,to compress,,,,2888,Source: RU5000 (v0.1) - RU5000.csv
сзади,word,szadi,,behind,,,,2889,Source: RU5000 (v0.1) - RU5000.csv
сигнал,word,signal,,signal,,,,2890,Source: RU5000 (v0.1) - RU5000.csv
сидеть,word,sidet',,to sit,,,,2891,Source: RU5000 (v0.1) - RU5000.csv
сидя,word,sidya,,sitting,,,,2892,Source: RU5000 (v0.1) - RU5000.csv
сила,word,sila,,strength,,,,2893,Source: RU5000 (v0.1) - RU5000.csv
сильно,word,silno,,strongly,,,,2894,Source: RU5000 (v0.1) - RU5000.csv
сильный,word,síl'nyj,,strong,,,,2895,Source: RU5000 (v0.1) - RU5000.csv
симпатичный,word,simpatichnyy,,cute,,,,2896,Source: RU5000 (v0.1) - RU5000.csv
синий,word,sinij,,blue,,,,2897,Source: RU5000 (v0.1) - RU5000.csv
сиять,word,siyat',,to shine,,,,2898,Source: RU5000 (v0.1) - RU5000.csv
сказать,word,skazat',,to say,,,,2899,Source: RU5000 (v0.1) - RU5000.csv
скакать,word,skakat',,to jump,,,,2900,Source: RU5000 (v0.1) - RU5000.csv
скала,word,skala,,rock,,,,2901,Source: RU5000 (v0.1) - RU5000.csv
сквозь,word,skvoz',,through,,,,2902,Source: RU5000 (v0.1) - RU5000.csv
складываться,word,skladyvat'sya,,to fold up,,,,2903,Source: RU5000 (v0.1) - RU5000.csv
склониться,word,sklonit'sya,,to bow down,,,,2904,Source: RU5000 (v0.1) - RU5000.csv
склонный,word,sklonnyy,,prone,,,,2905,Source: RU5000 (v0.1) - RU5000.csv
скользить,word,skol'zit',,to slide,,,,2906,Source: RU5000 (v0.1) - RU5000.csv
сколько,word,skol'ko,,how many,,,,2907,Source: RU5000 (v0.1) - RU5000.csv
скоро,word,skoro,,soon,,,,2908,Source: RU5000 (v0.1) - RU5000.csv
скорый,word,skoryy,,fast,,,,2909,Source: RU5000 (v0.1) - RU5000.csv
скрипеть,word,skripet',,to creak,,,,2910,Source: RU5000 (v0.1) - RU5000.csv
скромно,word,skromno,,modestly,,,,2911,Source: RU5000 (v0.1) - RU5000.csv
скромный,word,skromnyj,,modest,,,,2912,Source: RU5000 (v0.1) - RU5000.csv
скрывать,word,skryvat',,to hide,,,,2913,Source: RU5000 (v0.1) - RU5000.csv
скрываться,word,skryvat'sya,,to hide,,,,2914,Source: RU5000 (v0.1) - RU5000.csv
скрытый,word,skrýtyj,,hidden,,,,2915,Source: RU5000 (v0.1) - RU5000.csv
скрыть,word,skryt',,to hide,,,,2916,Source: RU5000 (v0.1) - RU5000.csv
скрыться,word,skryt'sya,,to hide,,,,2917,Source: RU5000 (v0.1) - RU5000.csv
скучать,word,skuchat',,to miss,,,,2918,Source: RU5000 (v0.1) - RU5000.csv
скучно,word,skuchno,,boring,,,,2919,Source: RU5000 (v0.1) - RU5000.csv
скучный,word,skuchnyy,,boring,,,,2920,Source: RU5000 (v0.1) - RU5000.csv
слабый,word,slabyy,,weak,,,,2921,Source: RU5000 (v0.1) - RU5000.csv
слава,word,stantsiya,,glory,,,,2922,Source: RU5000 (v0.1) - RU5000.csv
славный,word,slavnyy,,glorious,,,,2923,Source: RU5000 (v0.1) - RU5000.csv
сладкий,word,sladkiy,,sweet,,,,2924,Source: RU5000 (v0.1) - RU5000.csv
слать,word,slat,,to send,,,,2925,Source: RU5000 (v0.1) - RU5000.csv
слева,word,sleva,,left,,,,2926,Source: RU5000 (v0.1) - RU5000.csv
слегка,word,slegka,,slightly,,,,2927,Source: RU5000 (v0.1) - RU5000.csv
следить,word,sledit',,to track,,,,2928,Source: RU5000 (v0.1) - RU5000.csv
следовательно,word,sledovatelno,,hence,,,,2929,Source: RU5000 (v0.1) - RU5000.csv
следовать,word,sledovat',,to follow,,,,2930,Source: RU5000 (v0.1) - RU5000.csv
следствие,word,sledstvie,,investigation,,,,2931,Source: RU5000 (v0.1) - RU5000.csv
следующий,word,sleduyushchiy,,next,,,,2932,Source: RU5000 (v0.1) - RU5000.csv
слепой,word,slepoj,,blind,,,,2933,Source: RU5000 (v0.1) - RU5000.csv
слизистый,word,slizistyj,,slimy,,,,2934,Source: RU5000 (v0.1) - RU5000.csv
слишком,word,slishkom,,too much,,,,2935,Source: RU5000 (v0.1) - RU5000.csv
словно,word,slovno,,as if,,,,2936,Source: RU5000 (v0.1) - RU5000.csv
слово,word,slovo,,word,,,,2937,Source: RU5000 (v0.1) - RU5000.csv
сложенный,word,složennyj,,folded,,,,2938,Source: RU5000 (v0.1) - RU5000.csv
сложить,word,slozhit',,to fold,,,,2939,Source: RU5000 (v0.1) - RU5000.csv
сложиться,word,slozhit'sya,,to fold,,,,2940,Source: RU5000 (v0.1) - RU5000.csv
сложный,word,slozhnyj,,difficult,,,,2941,Source: RU5000 (v0.1) - RU5000.csv
слой,word,sloy,,layer,,,,2942,Source: RU5000 (v0.1) - RU5000.csv
сломать,word,slomat',,to break,,,,2943,Source: RU5000 (v0.1) - RU5000.csv
слуга,word,sluga,,servant,,,,2944,Source: RU5000 (v0.1) - RU5000.csv
служба,word,sluzhba,,service,,,,2945,Source: RU5000 (v0.1) - RU5000.csv
служебный,word,sluzhebnyy,,official,,,,2946,Source: RU5000 (v0.1) - RU5000.csv
служить,word,sluzhit',,to serve,,,,2947,Source: RU5000 (v0.1) - RU5000.csv
случайно,word,sluchayno,,accidentally,,,,2948,Source: RU5000 (v0.1) - RU5000.csv
случайный,word,sluchajnyj,,random,,,,2949,Source: RU5000 (v0.1) - RU5000.csv
случаться,word,sluchat'sya,,to happen,,,,2950,Source: RU5000 (v0.1) - RU5000.csv
случиться,word,sluchit'sya,,to happen,,,,2951,Source: RU5000 (v0.1) - RU5000.csv
слушатель,word,slushatel',,listener,,,,2952,Source: RU5000 (v0.1) - RU5000.csv
слушать,word,slushat',,to listen,,,,2953,Source: RU5000 (v0.1) - RU5000.csv
слушаться,word,slushat'sya,,to listen,,,,2954,Source: RU5000 (v0.1) - RU5000.csv
слыхать,word,slykhat',,to hear,,,,2955,Source: RU5000 (v0.1) - RU5000.csv
слышать,word,slyshat',,to hear,,,,2956,Source: RU5000 (v0.1) - RU5000.csv
слышаться,word,slyshat'sya,,to be heard,,,,2957,Source: RU5000 (v0.1) - RU5000.csv
слышно,word,slyshno,,audibly,,,,2958,Source: RU5000 (v0.1) - RU5000.csv
слышный,word,slyshnyy,,audible,,,,2959,Source: RU5000 (v0.1) - RU5000.csv
смело,word,smelo,,boldly,,,,2960,Source: RU5000 (v0.1) - RU5000.csv
смелый,word,smelyy,,brave,,,,2961,Source: RU5000 (v0.1) - RU5000.csv
сменить,word,smenit',,to change,,,,2962,Source: RU5000 (v0.1) - RU5000.csv
смертельный,word,smer-tel'-nyy,,fatal,,,,2963,Source: RU5000 (v0.1) - RU5000.csv
смертный,word,smertnyy,,mortal,,,,2964,Source: RU5000 (v0.1) - RU5000.csv
смерть,word,smert',,death,,,,2965,Source: RU5000 (v0.1) - RU5000.csv
сметь,word,smet',,to dare,,,,2966,Source: RU5000 (v0.1) - RU5000.csv
смех,word,smekh,,laughter,,,,2967,Source: RU5000 (v0.1) - RU5000.csv
смешно,word,smeshno,,funny,,,,2968,Source: RU5000 (v0.1) - RU5000.csv
смешной,word,smeshnoy,,funny,,,,2969,Source: RU5000 (v0.1) - RU5000.csv
смеяться,word,smeyat'sya,,to laugh,,,,2970,Source: RU5000 (v0.1) - RU5000.csv
смотреть,word,smotret',,to look,,,,2971,Source: RU5000 (v0.1) - RU5000.csv
смочь,word,smochʹ,,to be able to,,,,2972,Source: RU5000 (v0.1) - RU5000.csv
смуглый,word,smuglyj,,dark,,,,2973,Source: RU5000 (v0.1) - RU5000.csv
смутиться,word,smutit'sya,,to be embarrassed,,,,2974,Source: RU5000 (v0.1) - RU5000.csv
смутный,word,smutnyj,,vague,,,,2975,Source: RU5000 (v0.1) - RU5000.csv
смысл,word,smysl,,meaning,,,,2976,Source: RU5000 (v0.1) - RU5000.csv
снаружи,word,snaruzhi,,outside,,,,2977,Source: RU5000 (v0.1) - RU5000.csv
сначала,word,snachala,,at first,,,,2978,Source: RU5000 (v0.1) - RU5000.csv
снег,word,sneg,,snow,,,,2979,Source: RU5000 (v0.1) - RU5000.csv
снежный,word,snezhnyj,,snow,,,,2980,Source: RU5000 (v0.1) - RU5000.csv
снизу,word,snizu,,from below,,,,2981,Source: RU5000 (v0.1) - RU5000.csv
снимать,word,snimat',,to take off,,,,2982,Source: RU5000 (v0.1) - RU5000.csv
снимок,word,snimok,,photo,,,,2983,Source: RU5000 (v0.1) - RU5000.csv
снисходительный,word,snisxodítelʹnyj,,indulgent,,,,2984,Source: RU5000 (v0.1) - RU5000.csv
сниться,word,snit'sya,,to dream,,,,2985,Source: RU5000 (v0.1) - RU5000.csv
снова,word,snova,,again,,,,2986,Source: RU5000 (v0.1) - RU5000.csv
снять,word,snyat',,to take off,,,,2987,Source: RU5000 (v0.1) - RU5000.csv
со,word,so,,with,,,,2988,Source: RU5000 (v0.1) - RU5000.csv
собака,word,sobaka,,dog,,,,2989,Source: RU5000 (v0.1) - RU5000.csv
собачий,word,sobachij,,canine,,,,2990,Source: RU5000 (v0.1) - RU5000.csv
собеседник,word,sobesednik,,companion,,,,2991,Source: RU5000 (v0.1) - RU5000.csv
собирать,word,sobirat',,to gather,,,,2992,Source: RU5000 (v0.1) - RU5000.csv
собираться,word,sobiratsya,,to going to,,,,2993,Source: RU5000 (v0.1) - RU5000.csv
собор,word,sobor,,cathedral,,,,2994,Source: RU5000 (v0.1) - RU5000.csv
собрать,word,sobrat',,to collect,,,,2995,Source: RU5000 (v0.1) - RU5000.csv
собраться,word,sobrat'sya,,to get ready,,,,2996,Source: RU5000 (v0.1) - RU5000.csv
собственно,word,sobstvenno,,actually,,,,2997,Source: RU5000 (v0.1) - RU5000.csv
собственность,word,sobstvennost',,own,,,,2998,Source: RU5000 (v0.1) - RU5000.csv
собственный,word,sobstvennyy,,own,,,,2999,Source: RU5000 (v0.1) - RU5000.csv
совершать,word,sovershat',,to commit,,,,3000,Source: RU5000 (v0.1) - RU5000.csv
совершенно,word,sovershenno,,absolutely,,,,3001,Source: RU5000 (v0.1) - RU5000.csv
совершенный,word,sovershennyy,,perfect,,,,3002,Source: RU5000 (v0.1) - RU5000.csv
совершить,word,sovershit',,to commit,,,,3003,Source: RU5000 (v0.1) - RU5000.csv
совет,word,sovet,,advice,,,,3004,Source: RU5000 (v0.1) - RU5000.csv
советовать,word,sovetovat',,to advise,,,,3005,Source: RU5000 (v0.1) - RU5000.csv
советский,word,sovetskiy,,Soviet,,,,3006,Source: RU5000 (v0.1) - RU5000.csv
совместный,word,sovmestnyj,,joint,,,,3007,Source: RU5000 (v0.1) - RU5000.csv
современный,word,sovremennyj,,modern,,,,3008,Source: RU5000 (v0.1) - RU5000.csv
совсем,word,sovsem,,at all,,,,3009,Source: RU5000 (v0.1) - RU5000.csv
согласие,word,soglasie,,agreement,,,,3010,Source: RU5000 (v0.1) - RU5000.csv
согласиться,word,soglasit'sja,,to agree,,,,3011,Source: RU5000 (v0.1) - RU5000.csv
согласно,word,soglasno,,according to,,,,3012,Source: RU5000 (v0.1) - RU5000.csv
согласный,word,soglasnyy,,consonant,,,,3013,Source: RU5000 (v0.1) - RU5000.csv
соглашаться,word,soglashat'sja,,to agree,,,,3014,Source: RU5000 (v0.1) - RU5000.csv
содержать,word,soderzhat',,to contain,,,,3015,Source: RU5000 (v0.1) - RU5000.csv
содержаться,word,soderzhat'sya,,to contain,,,,3016,Source: RU5000 (v0.1) - RU5000.csv
соединить,word,soedinit',,to connect,,,,3017,Source: RU5000 (v0.1) - RU5000.csv
создавать,word,sozdavat',,to create,,,,3018,Source: RU5000 (v0.1) - RU5000.csv
создаваться,word,sozdavat'sya,,to be created,,,,3019,Source: RU5000 (v0.1) - RU5000.csv
создание,word,sozdanie,,creation,,,,3020,Source: RU5000 (v0.1) - RU5000.csv
создать,word,sozdat',,to create,,,,3021,Source: RU5000 (v0.1) - RU5000.csv
сознание,word,soznanie,,consciousness,,,,3022,Source: RU5000 (v0.1) - RU5000.csv
сойти,word,soyti,,to get off,,,,3023,Source: RU5000 (v0.1) - RU5000.csv
сок,word,sok,,juice,,,,3024,Source: RU5000 (v0.1) - RU5000.csv
солдатский,word,soldatskiy,,soldier's,,,,3025,Source: RU5000 (v0.1) - RU5000.csv
солидный,word,solidnyy,,solid,,,,3026,Source: RU5000 (v0.1) - RU5000.csv
солнечный,word,solnechnyy,,solar,,,,3027,Source: RU5000 (v0.1) - RU5000.csv
солнце,word,solntse,,sun,,,,3028,Source: RU5000 (v0.1) - RU5000.csv
сомневаться,word,somnevat'sya,,to doubt,,,,3029,Source: RU5000 (v0.1) - RU5000.csv
сомнение,word,signal,,doubt,,,,3030,Source: RU5000 (v0.1) - RU5000.csv
сомнительный,word,somnitelnyy,,doubtful,,,,3031,Source: RU5000 (v0.1) - RU5000.csv
сон,word,son,,dream,,,,3032,Source: RU5000 (v0.1) - RU5000.csv
сонный,word,sonnyj,,sleepy,,,,3033,Source: RU5000 (v0.1) - RU5000.csv
соображать,word,soobrazhat',,to think,,,,3034,Source: RU5000 (v0.1) - RU5000.csv
сообразить,word,soobrazit',,to figure out,,,,3035,Source: RU5000 (v0.1) - RU5000.csv
сообщать,word,soobshchat',,to report,,,,3036,Source: RU5000 (v0.1) - RU5000.csv
сообщение,word,soobschenie,,message,,,,3037,Source: RU5000 (v0.1) - RU5000.csv
сообщить,word,soobshchit',,to report,,,,3038,Source: RU5000 (v0.1) - RU5000.csv
соответственно,word,sootvetstvenno,,respectively,,,,3039,Source: RU5000 (v0.1) - RU5000.csv
соответствовать,word,sootvetstvovat',,to correspond,,,,3040,Source: RU5000 (v0.1) - RU5000.csv
соответствующий,word,sootvetstvuyushchiy,,corresponding,,,,3041,Source: RU5000 (v0.1) - RU5000.csv
сопровождать,word,soprovozhdat',,to accompany,,,,3042,Source: RU5000 (v0.1) - RU5000.csv
сопровождаться,word,soprovozhdat'sya,,to be accompanied,,,,3043,Source: RU5000 (v0.1) - RU5000.csv
сопротивляться,word,soprotivlyat'sya,,to resist,,,,3044,Source: RU5000 (v0.1) - RU5000.csv
сорвать,word,sorvat',,to rip off,,,,3045,Source: RU5000 (v0.1) - RU5000.csv
сорваться,word,sorvat'sya,,to break down,,,,3046,Source: RU5000 (v0.1) - RU5000.csv
сорок,word,sórok,,fourty,,,,3047,Source: RU5000 (v0.1) - RU5000.csv
соседка,word,sosedka,,neighbor,,,,3048,Source: RU5000 (v0.1) - RU5000.csv
соседний,word,sosedniy,,neighboring,,,,3049,Source: RU5000 (v0.1) - RU5000.csv
сослаться,word,soslat'sja,,to refer,,,,3050,Source: RU5000 (v0.1) - RU5000.csv
составить,word,sostavit',,to make up,,,,3051,Source: RU5000 (v0.1) - RU5000.csv
составлять,word,sostavlyat',,to make up,,,,3052,Source: RU5000 (v0.1) - RU5000.csv
состояние,word,sostoyanie,,state,,,,3053,Source: RU5000 (v0.1) - RU5000.csv
состоять,word,sostoyat',,to consist,,,,3054,Source: RU5000 (v0.1) - RU5000.csv
состояться,word,sostoyat'sya,,to take place,,,,3055,Source: RU5000 (v0.1) - RU5000.csv
сотня,word,sotnya,,hundred,,,,3056,Source: RU5000 (v0.1) - RU5000.csv
сохранить,word,sohranit',,to save,,,,3057,Source: RU5000 (v0.1) - RU5000.csv
сохраниться,word,soxranit'sya,,to save,,,,3058,Source: RU5000 (v0.1) - RU5000.csv
сохранять,word,sokhranyat',,to save,,,,3059,Source: RU5000 (v0.1) - RU5000.csv
социализм,word,sotsializm,,socialism,,,,3060,Source: RU5000 (v0.1) - RU5000.csv
социалистический,word,socialisticheskiy,,socialist,,,,3061,Source: RU5000 (v0.1) - RU5000.csv
социальный,word,socialnyj,,social,,,,3062,Source: RU5000 (v0.1) - RU5000.csv
сочинение,word,sochinenie,,composition,,,,3063,Source: RU5000 (v0.1) - RU5000.csv
сочинять,word,sochinyat',,to compose,,,,3064,Source: RU5000 (v0.1) - RU5000.csv
сочувствие,word,sochuvstvie,,sympathy,,,,3065,Source: RU5000 (v0.1) - RU5000.csv
спалить,word,spalit',,to burn,,,,3066,Source: RU5000 (v0.1) - RU5000.csv
спальня,word,spal'nja,,bedroom,,,,3067,Source: RU5000 (v0.1) - RU5000.csv
спасать,word,spasat',,to save,,,,3068,Source: RU5000 (v0.1) - RU5000.csv
спасибо,word,spasibo,,thank you,,,,3069,Source: RU5000 (v0.1) - RU5000.csv
спасти,word,spasti,,to save,,,,3070,Source: RU5000 (v0.1) - RU5000.csv
спасть,word,spast',,to save,,,,3071,Source: RU5000 (v0.1) - RU5000.csv
спать,word,spat',,to sleep,,,,3072,Source: RU5000 (v0.1) - RU5000.csv
сперва,word,sperva,,first,,,,3073,Source: RU5000 (v0.1) - RU5000.csv
специально,word,spetsialno,,specially,,,,3074,Source: RU5000 (v0.1) - RU5000.csv
специальный,word,specialnyy,,special,,,,3075,Source: RU5000 (v0.1) - RU5000.csv
спешить,word,speshit',,to hurry,,,,3076,Source: RU5000 (v0.1) - RU5000.csv
спинка,word,spinka,,back,,,,3077,Source: RU5000 (v0.1) - RU5000.csv
список,word,spisok,,list,,,,3078,Source: RU5000 (v0.1) - RU5000.csv
спичка,word,spichka,,match,,,,3079,Source: RU5000 (v0.1) - RU5000.csv
сплошной,word,sploshnoj,,solid,,,,3080,Source: RU5000 (v0.1) - RU5000.csv
спокойно,word,spokoyno,,calmly,,,,3081,Source: RU5000 (v0.1) - RU5000.csv
спокойный,word,spokoynyy,,calm,,,,3082,Source: RU5000 (v0.1) - RU5000.csv
спокойствие,word,seriya,,calm,,,,3083,Source: RU5000 (v0.1) - RU5000.csv
спорить,word,sporit',,to argue,,,,3084,Source: RU5000 (v0.1) - RU5000.csv
спортивный,word,sportivnyy,,sports,,,,3085,Source: RU5000 (v0.1) - RU5000.csv
способ,word,sposob,,way,,,,3086,Source: RU5000 (v0.1) - RU5000.csv
способность,word,sposobnost',,ability,,,,3087,Source: RU5000 (v0.1) - RU5000.csv
способный,word,sposóbnyj,,capable,,,,3088,Source: RU5000 (v0.1) - RU5000.csv
способствовать,word,sposóbstvovat',,to contribute,,,,3089,Source: RU5000 (v0.1) - RU5000.csv
спохватиться,word,spokhvatit'sya,,to come to one's senses,,,,3090,Source: RU5000 (v0.1) - RU5000.csv
справа,word,sprava,,on the right,,,,3091,Source: RU5000 (v0.1) - RU5000.csv
справедливость,word,shturman,,justice,,,,3092,Source: RU5000 (v0.1) - RU5000.csv
справедливый,word,spravedlivyj,,fair,,,,3093,Source: RU5000 (v0.1) - RU5000.csv
справиться,word,spravit'sya,,to cope with,,,,3094,Source: RU5000 (v0.1) - RU5000.csv
спрашивать,word,sprashivat',,to ask,,,,3095,Source: RU5000 (v0.1) - RU5000.csv
спросить,word,sprosit',,to ask,,,,3096,Source: RU5000 (v0.1) - RU5000.csv
спрыгнуть,word,sprygnut',,to jump off,,,,3097,Source: RU5000 (v0.1) - RU5000.csv
спрятать,word,spryatat',,to hide,,,,3098,Source: RU5000 (v0.1) - RU5000.csv
спрятаться,word,spryatat'sya,,to hide,,,,3099,Source: RU5000 (v0.1) - RU5000.csv
спускаться,word,spuskat'sya,,to get down,,,,3100,Source: RU5000 (v0.1) - RU5000.csv
спустить,word,spustit',,to lower,,,,3101,Source: RU5000 (v0.1) - RU5000.csv
спуститься,word,spustit'sya,,to go down,,,,3102,Source: RU5000 (v0.1) - RU5000.csv
спустя,word,spustya,,later,,,,3103,Source: RU5000 (v0.1) - RU5000.csv
спутник,word,sputnik,,satellite,,,,3104,Source: RU5000 (v0.1) - RU5000.csv
сравнение,word,sravnenie,,comparison,,,,3105,Source: RU5000 (v0.1) - RU5000.csv
сравнительно,word,sravnitel'no,,relatively,,,,3106,Source: RU5000 (v0.1) - RU5000.csv
сразу,word,srazu,,straightaway,,,,3107,Source: RU5000 (v0.1) - RU5000.csv
среда,word,sreda,,wednesday,,,,3108,Source: RU5000 (v0.1) - RU5000.csv
среди,word,sredi,,among,,,,3109,Source: RU5000 (v0.1) - RU5000.csv
средний,word,srédnij,,average,,,,3110,Source: RU5000 (v0.1) - RU5000.csv
срок,word,srok,,term,,,,3111,Source: RU5000 (v0.1) - RU5000.csv
срочно,word,obychno,,urgently,,,,3112,Source: RU5000 (v0.1) - RU5000.csv
СССР,word,sssr,,ussr,,,,3113,Source: RU5000 (v0.1) - RU5000.csv
ставить,word,stavit',,to put,,,,3114,Source: RU5000 (v0.1) - RU5000.csv
сталинский,word,stalinskiy,,Stalinist,,,,3115,Source: RU5000 (v0.1) - RU5000.csv
стальной,word,stal'noy,,steel,,,,3116,Source: RU5000 (v0.1) - RU5000.csv
становиться,word,stanovit'sya,,to become,,,,3117,Source: RU5000 (v0.1) - RU5000.csv
станция,word,stantsiya,,station,,,,3118,Source: RU5000 (v0.1) - RU5000.csv
старательный,word,staratel'nyy,,diligent,,,,3119,Source: RU5000 (v0.1) - RU5000.csv
стараться,word,starat'sya,,to try,,,,3120,Source: RU5000 (v0.1) - RU5000.csv
старенький,word,stáren'kij,,old,,,,3121,Source: RU5000 (v0.1) - RU5000.csv
старик,word,starik,,old man,,,,3122,Source: RU5000 (v0.1) - RU5000.csv
старинный,word,starínnyj,,old,,,,3123,Source: RU5000 (v0.1) - RU5000.csv
староста,word,starosta,,headman,,,,3124,Source: RU5000 (v0.1) - RU5000.csv
старуха,word,starukha,,old woman,,,,3125,Source: RU5000 (v0.1) - RU5000.csv
старушка,word,starushka,,old lady,,,,3126,Source: RU5000 (v0.1) - RU5000.csv
старший,word,starshiy,,senior,,,,3127,Source: RU5000 (v0.1) - RU5000.csv
старый,word,staryy,,old,,,,3128,Source: RU5000 (v0.1) - RU5000.csv
статус,word,status,,status,,,,3129,Source: RU5000 (v0.1) - RU5000.csv
стать,word,stat',,to become,,,,3130,Source: RU5000 (v0.1) - RU5000.csv
статья,word,stat'ja,,article,,,,3131,Source: RU5000 (v0.1) - RU5000.csv
стая,word,staya,,flock,,,,3132,Source: RU5000 (v0.1) - RU5000.csv
ствол,word,svad'ba,,trunk,,,,3133,Source: RU5000 (v0.1) - RU5000.csv
стеклянный,word,stekljánnyj,,glass,,,,3134,Source: RU5000 (v0.1) - RU5000.csv
стесняться,word,stesnjátʹsja,,to be shy,,,,3135,Source: RU5000 (v0.1) - RU5000.csv
стиль,word,stilʹ,,style,,,,3136,Source: RU5000 (v0.1) - RU5000.csv
сто,word,sto,,one hundred,,,,3137,Source: RU5000 (v0.1) - RU5000.csv
стоить,word,stoit',,to cost,,,,3138,Source: RU5000 (v0.1) - RU5000.csv
столетие,word,stoletie,,century,,,,3139,Source: RU5000 (v0.1) - RU5000.csv
столица,word,stolitsa,,capital,,,,3140,Source: RU5000 (v0.1) - RU5000.csv
столичный,word,stolichnyy,,metropolitan,,,,3141,Source: RU5000 (v0.1) - RU5000.csv
столкнуться,word,stolknut'sya,,to collide,,,,3142,Source: RU5000 (v0.1) - RU5000.csv
столовый,word,stolovyy,,dining room,,,,3143,Source: RU5000 (v0.1) - RU5000.csv
столь,word,stol',,so,,,,3144,Source: RU5000 (v0.1) - RU5000.csv
столько,word,stolko,,so many,,,,3145,Source: RU5000 (v0.1) - RU5000.csv
стон,word,ston,,moan,,,,3146,Source: RU5000 (v0.1) - RU5000.csv
стонать,word,stonat',,to moan,,,,3147,Source: RU5000 (v0.1) - RU5000.csv
стоп,word,stop,,stop,,,,3148,Source: RU5000 (v0.1) - RU5000.csv
стоя,word,stoya,,standing,,,,3149,Source: RU5000 (v0.1) - RU5000.csv
стоять,word,stoyat',,to stand,,,,3150,Source: RU5000 (v0.1) - RU5000.csv
стоящий,word,stoyashchiy,,standing,,,,3151,Source: RU5000 (v0.1) - RU5000.csv
страдать,word,stradatʹ,,to suffer,,,,3152,Source: RU5000 (v0.1) - RU5000.csv
страница,word,stranitsa,,page,,,,3153,Source: RU5000 (v0.1) - RU5000.csv
странно,word,stranno,,weird,,,,3154,Source: RU5000 (v0.1) - RU5000.csv
странный,word,strannyj,,strange,,,,3155,Source: RU5000 (v0.1) - RU5000.csv
стратегический,word,strategicheskiy,,strategic,,,,3156,Source: RU5000 (v0.1) - RU5000.csv
страх,word,strakh,,fear,,,,3157,Source: RU5000 (v0.1) - RU5000.csv
страшно,word,strashno,,scary,,,,3158,Source: RU5000 (v0.1) - RU5000.csv
страшный,word,strashnyy,,scary,,,,3159,Source: RU5000 (v0.1) - RU5000.csv
стрелок,word,sasna,,shooter,,,,3160,Source: RU5000 (v0.1) - RU5000.csv
стрельба,word,strel'ba,,shooting,,,,3161,Source: RU5000 (v0.1) - RU5000.csv
стрелять,word,streljatʹ,,to fire,,,,3162,Source: RU5000 (v0.1) - RU5000.csv
стремительно,word,stremitelno,,rapidly,,,,3163,Source: RU5000 (v0.1) - RU5000.csv
стремиться,word,stremit'sya,,to pursuit,,,,3164,Source: RU5000 (v0.1) - RU5000.csv
стремление,word,stremlenije,,pursuit,,,,3165,Source: RU5000 (v0.1) - RU5000.csv
строгий,word,strogiy,,strict,,,,3166,Source: RU5000 (v0.1) - RU5000.csv
строго,word,strogo,,strictly,,,,3167,Source: RU5000 (v0.1) - RU5000.csv
строительство,word,stroitel'stvo,,construction,,,,3168,Source: RU5000 (v0.1) - RU5000.csv
строить,word,stroit',,to build,,,,3169,Source: RU5000 (v0.1) - RU5000.csv
строиться,word,stroit'sja,,to be built,,,,3170,Source: RU5000 (v0.1) - RU5000.csv
стройный,word,stroynyy,,slim,,,,3171,Source: RU5000 (v0.1) - RU5000.csv
структура,word,struktura,,structure,,,,3172,Source: RU5000 (v0.1) - RU5000.csv
струя,word,starukha,,jet,,,,3173,Source: RU5000 (v0.1) - RU5000.csv
студенческий,word,studencheskiy,,student,,,,3174,Source: RU5000 (v0.1) - RU5000.csv
студия,word,sani,,studio,,,,3175,Source: RU5000 (v0.1) - RU5000.csv
стукнуть,word,stuknut',,to knock,,,,3176,Source: RU5000 (v0.1) - RU5000.csv
стул,word,stul,,chair,,,,3177,Source: RU5000 (v0.1) - RU5000.csv
ступать,word,stupátʹ,,to step,,,,3178,Source: RU5000 (v0.1) - RU5000.csv
ступень,word,stupen',,step,,,,3179,Source: RU5000 (v0.1) - RU5000.csv
ступенька,word,soglasie,,step,,,,3180,Source: RU5000 (v0.1) - RU5000.csv
стучать,word,stuchat',,to knock,,,,3181,Source: RU5000 (v0.1) - RU5000.csv
стыд,word,styd,,shame,,,,3182,Source: RU5000 (v0.1) - RU5000.csv
стыдный,word,stydnyy,,shameful,,,,3183,Source: RU5000 (v0.1) - RU5000.csv
суббота,word,subbota,,saturday,,,,3184,Source: RU5000 (v0.1) - RU5000.csv
судебный,word,sudebnyy,,judicial,,,,3185,Source: RU5000 (v0.1) - RU5000.csv
судить,word,sudit',,to judge,,,,3186,Source: RU5000 (v0.1) - RU5000.csv
судья,word,sud'ya,,judge,,,,3187,Source: RU5000 (v0.1) - RU5000.csv
сумасшедший,word,sumasšédšij,,crazy,,,,3188,Source: RU5000 (v0.1) - RU5000.csv
сумерки,word,sumerki,,twilight,,,,3189,Source: RU5000 (v0.1) - RU5000.csv
суметь,word,sumet',,to be able to,,,,3190,Source: RU5000 (v0.1) - RU5000.csv
сунуть,word,súnutʹ,,to shove,,,,3191,Source: RU5000 (v0.1) - RU5000.csv
супруг,word,suprog,,spouse,,,,3192,Source: RU5000 (v0.1) - RU5000.csv
суровый,word,surovyj,,severe,,,,3193,Source: RU5000 (v0.1) - RU5000.csv
сухо,word,sukho,,dry,,,,3194,Source: RU5000 (v0.1) - RU5000.csv
сухой,word,sukhoy,,dry,,,,3195,Source: RU5000 (v0.1) - RU5000.csv
существенный,word,sushchestvennyy,,significant,,,,3196,Source: RU5000 (v0.1) - RU5000.csv
существо,word,sushchestvo,,creature,,,,3197,Source: RU5000 (v0.1) - RU5000.csv
существование,word,sushchestvovanije,,existence,,,,3198,Source: RU5000 (v0.1) - RU5000.csv
существовать,word,suščestvovátʹ,,to exist,,,,3199,Source: RU5000 (v0.1) - RU5000.csv
существующий,word,sushchestvuyushchiy,,existing,,,,3200,Source: RU5000 (v0.1) - RU5000.csv
сфера,word,sfera,,sphere,,,,3201,Source: RU5000 (v0.1) - RU5000.csv
схватить,word,skhvatit',,to grab,,,,3202,Source: RU5000 (v0.1) - RU5000.csv
схватиться,word,sxvatit'sya,,to grab,,,,3203,Source: RU5000 (v0.1) - RU5000.csv
сходить,word,skhodit',,to go,,,,3204,Source: RU5000 (v0.1) - RU5000.csv
сцена,word,stsena,,scene,,,,3205,Source: RU5000 (v0.1) - RU5000.csv
сценарий,word,stsenariy,,scenario,,,,3206,Source: RU5000 (v0.1) - RU5000.csv
счастливый,word,schastlivyj,,happy,,,,3207,Source: RU5000 (v0.1) - RU5000.csv
счастье,word,schast'e,,happiness,,,,3208,Source: RU5000 (v0.1) - RU5000.csv
счесть,word,shchest',,to count,,,,3209,Source: RU5000 (v0.1) - RU5000.csv
счет,word,schet,,check,,,,3210,Source: RU5000 (v0.1) - RU5000.csv
считать,word,shchitat',,to count,,,,3211,Source: RU5000 (v0.1) - RU5000.csv
считаться,word,shchitat'sya,,to be considered,,,,3212,Source: RU5000 (v0.1) - RU5000.csv
США,word,ssha,,usa,,,,3213,Source: RU5000 (v0.1) - RU5000.csv
съездить,word,syezdit',,to go,,,,3214,Source: RU5000 (v0.1) - RU5000.csv
съесть,word,syest',,to eat,,,,3215,Source: RU5000 (v0.1) - RU5000.csv
сыграть,word,sygrat',,to play,,,,3216,Source: RU5000 (v0.1) - RU5000.csv
сырой,word,syroy,,raw,,,,3217,Source: RU5000 (v0.1) - RU5000.csv
сытый,word,sytyy,,well-fed,,,,3218,Source: RU5000 (v0.1) - RU5000.csv
сюда,word,syuda,,here,,,,3219,Source: RU5000 (v0.1) - RU5000.csv
таинственный,word,tainstvennyy,,mysterious,,,,3220,Source: RU5000 (v0.1) - RU5000.csv
тайный,word,tajnyj,,secret,,,,3221,Source: RU5000 (v0.1) - RU5000.csv
так,word,tak,,so,,,,3222,Source: RU5000 (v0.1) - RU5000.csv
также,word,takzhe,,also,,,,3223,Source: RU5000 (v0.1) - RU5000.csv
таки,word,taki,,anyway,,,,3224,Source: RU5000 (v0.1) - RU5000.csv
таков,word,takov,,such is,,,,3225,Source: RU5000 (v0.1) - RU5000.csv
таковой,word,takovoy,,such,,,,3226,Source: RU5000 (v0.1) - RU5000.csv
такой,word,takoy,,such,,,,3227,Source: RU5000 (v0.1) - RU5000.csv
такси,word,taksi,,taxi,,,,3228,Source: RU5000 (v0.1) - RU5000.csv
талант,word,talant,,talent,,,,3229,Source: RU5000 (v0.1) - RU5000.csv
талантливый,word,talantlivyj,,talented,,,,3230,Source: RU5000 (v0.1) - RU5000.csv
там,word,tam,,there,,,,3231,Source: RU5000 (v0.1) - RU5000.csv
танцевать,word,tantsevat',,to dance,,,,3232,Source: RU5000 (v0.1) - RU5000.csv
танцор,word,tantsor,,dancer,,,,3233,Source: RU5000 (v0.1) - RU5000.csv
таскать,word,taskat',,to drag,,,,3234,Source: RU5000 (v0.1) - RU5000.csv
тащить,word,tashchit',,to drag,,,,3235,Source: RU5000 (v0.1) - RU5000.csv
таять,word,tayat',,to melt,,,,3236,Source: RU5000 (v0.1) - RU5000.csv
тварь,word,tvar',,creature,,,,3237,Source: RU5000 (v0.1) - RU5000.csv
твердый,word,tvjórdyj,,solid,,,,3238,Source: RU5000 (v0.1) - RU5000.csv
твой,word,tvoi,,your,,,,3239,Source: RU5000 (v0.1) - RU5000.csv
творить,word,tvorit',,to create,,,,3240,Source: RU5000 (v0.1) - RU5000.csv
твориться,word,tvorit'sya,,to happening,,,,3241,Source: RU5000 (v0.1) - RU5000.csv
творческий,word,tvorcheskiy,,creative,,,,3242,Source: RU5000 (v0.1) - RU5000.csv
твёрдо,word,tverdo,,firmly,,,,3243,Source: RU5000 (v0.1) - RU5000.csv
театр,word,teatr,,theater,,,,3244,Source: RU5000 (v0.1) - RU5000.csv
театральный,word,teatral'nyy,,theatrical,,,,3245,Source: RU5000 (v0.1) - RU5000.csv
телега,word,telega,,cart,,,,3246,Source: RU5000 (v0.1) - RU5000.csv
телефон,word,telefon,,telephone,,,,3247,Source: RU5000 (v0.1) - RU5000.csv
телефонный,word,telefonnyy,,telephone,,,,3248,Source: RU5000 (v0.1) - RU5000.csv
тело,word,telo,,body,,,,3249,Source: RU5000 (v0.1) - RU5000.csv
тема,word,tema,,topic,,,,3250,Source: RU5000 (v0.1) - RU5000.csv
темнеть,word,temnet',,to get dark,,,,3251,Source: RU5000 (v0.1) - RU5000.csv
темно,word,temno,,dark,,,,3252,Source: RU5000 (v0.1) - RU5000.csv
темный,word,temnyj,,dark,,,,3253,Source: RU5000 (v0.1) - RU5000.csv
температура,word,temperatura,,temperature,,,,3254,Source: RU5000 (v0.1) - RU5000.csv
теория,word,teoriya,,theory,,,,3255,Source: RU5000 (v0.1) - RU5000.csv
теперь,word,teper',,now,,,,3256,Source: RU5000 (v0.1) - RU5000.csv
тепло,word,teplo,,warm,,,,3257,Source: RU5000 (v0.1) - RU5000.csv
теплый,word,teplyj,,warm,,,,3258,Source: RU5000 (v0.1) - RU5000.csv
термин,word,termin,,term,,,,3259,Source: RU5000 (v0.1) - RU5000.csv
терпеливо,word,terpelivo,,patiently,,,,3260,Source: RU5000 (v0.1) - RU5000.csv
терпеть,word,terpet',,to tolerate,,,,3261,Source: RU5000 (v0.1) - RU5000.csv
терять,word,teryat',,to lose,,,,3262,Source: RU5000 (v0.1) - RU5000.csv
тесно,word,tesno,,closely,,,,3263,Source: RU5000 (v0.1) - RU5000.csv
тесный,word,tesnyy,,close,,,,3264,Source: RU5000 (v0.1) - RU5000.csv
техника,word,tekhnika,,technique,,,,3265,Source: RU5000 (v0.1) - RU5000.csv
технический,word,texnicheskij,,technical,,,,3266,Source: RU5000 (v0.1) - RU5000.csv
технология,word,tekhnologiya,,technology,,,,3267,Source: RU5000 (v0.1) - RU5000.csv
течь,word,tech',,to flow,,,,3268,Source: RU5000 (v0.1) - RU5000.csv
типичный,word,tipichnyy,,typical,,,,3269,Source: RU5000 (v0.1) - RU5000.csv
тихий,word,tikhij,,quiet,,,,3270,Source: RU5000 (v0.1) - RU5000.csv
тихо,word,tikho,,quiet,,,,3271,Source: RU5000 (v0.1) - RU5000.csv
тихонько,word,tikhon'ko,,quietly,,,,3272,Source: RU5000 (v0.1) - RU5000.csv
тишина,word,tishina,,silence,,,,3273,Source: RU5000 (v0.1) - RU5000.csv
ткань,word,tkan',,textile,,,,3274,Source: RU5000 (v0.1) - RU5000.csv
ткнуть,word,tknut',,to poke,,,,3275,Source: RU5000 (v0.1) - RU5000.csv
тогда,word,togda,,then,,,,3276,Source: RU5000 (v0.1) - RU5000.csv
тоже,word,tozhe,,same,,,,3277,Source: RU5000 (v0.1) - RU5000.csv
толк,word,tolk,,sense,,,,3278,Source: RU5000 (v0.1) - RU5000.csv
толкать,word,tolkat',,to push,,,,3279,Source: RU5000 (v0.1) - RU5000.csv
толкнуть,word,tolknut',,to push,,,,3280,Source: RU5000 (v0.1) - RU5000.csv
толпа,word,teatr,,crowd,,,,3281,Source: RU5000 (v0.1) - RU5000.csv
толстый,word,tolstyj,,thick,,,,3282,Source: RU5000 (v0.1) - RU5000.csv
толчок,word,tolchok,,push,,,,3283,Source: RU5000 (v0.1) - RU5000.csv
только,word,tol'ko,,only,,,,3284,Source: RU5000 (v0.1) - RU5000.csv
тоненький,word,tonen'kiy,,thin,,,,3285,Source: RU5000 (v0.1) - RU5000.csv
тонкий,word,tonkiy,,thin,,,,3286,Source: RU5000 (v0.1) - RU5000.csv
топор,word,topor,,axe,,,,3287,Source: RU5000 (v0.1) - RU5000.csv
торговать,word,torgovat',,to trade,,,,3288,Source: RU5000 (v0.1) - RU5000.csv
торговля,word,torgovlja,,trade,,,,3289,Source: RU5000 (v0.1) - RU5000.csv
торговый,word,torgovyy,,trade,,,,3290,Source: RU5000 (v0.1) - RU5000.csv
торжественно,word,torzhestvenno,,solemnly,,,,3291,Source: RU5000 (v0.1) - RU5000.csv
торжественный,word,torzhestvennyy,,solemn,,,,3292,Source: RU5000 (v0.1) - RU5000.csv
торжество,word,torzhestvo,,celebration,,,,3293,Source: RU5000 (v0.1) - RU5000.csv
торопиться,word,toropit'sya,,to hurry,,,,3294,Source: RU5000 (v0.1) - RU5000.csv
торопливый,word,toroplivyy,,hurried,,,,3295,Source: RU5000 (v0.1) - RU5000.csv
торчать,word,torchát',,to stick out,,,,3296,Source: RU5000 (v0.1) - RU5000.csv
тот,word,tot,,that,,,,3297,Source: RU5000 (v0.1) - RU5000.csv
тотчас,word,totchas,,immediately,,,,3298,Source: RU5000 (v0.1) - RU5000.csv
точка,word,tochka,,dot,,,,3299,Source: RU5000 (v0.1) - RU5000.csv
точно,word,tochno,,exactly,,,,3300,Source: RU5000 (v0.1) - RU5000.csv
точность,word,tochnost,,accuracy,,,,3301,Source: RU5000 (v0.1) - RU5000.csv
точный,word,tochnyy,,accurate,,,,3302,Source: RU5000 (v0.1) - RU5000.csv
тощий,word,toschij,,skinny,,,,3303,Source: RU5000 (v0.1) - RU5000.csv
трагический,word,tragicheskiy,,tragic,,,,3304,Source: RU5000 (v0.1) - RU5000.csv
традиционный,word,tradiciónnyj,,traditional,,,,3305,Source: RU5000 (v0.1) - RU5000.csv
традиция,word,traditsiya,,tradition,,,,3306,Source: RU5000 (v0.1) - RU5000.csv
тратить,word,tratit',,to spend,,,,3307,Source: RU5000 (v0.1) - RU5000.csv
требование,word,trebovanie,,requirement,,,,3308,Source: RU5000 (v0.1) - RU5000.csv
требовать,word,trebovat',,to demand,,,,3309,Source: RU5000 (v0.1) - RU5000.csv
требоваться,word,trébovatʹsja,,to be required,,,,3310,Source: RU5000 (v0.1) - RU5000.csv
тревожно,word,trevozhno,,anxious,,,,3311,Source: RU5000 (v0.1) - RU5000.csv
тревожный,word,trevozhnyj,,anxious,,,,3312,Source: RU5000 (v0.1) - RU5000.csv
трезвый,word,trezvyj,,sober,,,,3313,Source: RU5000 (v0.1) - RU5000.csv
третий,word,trétij,,third,,,,3314,Source: RU5000 (v0.1) - RU5000.csv
трещать,word,treščátʹ,,to crackle,,,,3315,Source: RU5000 (v0.1) - RU5000.csv
три,word,tri,,three,,,,3316,Source: RU5000 (v0.1) - RU5000.csv
тридцать,word,tridtsat',,thirty,,,,3317,Source: RU5000 (v0.1) - RU5000.csv
триста,word,trísta,,three hundred,,,,3318,Source: RU5000 (v0.1) - RU5000.csv
трогать,word,trogat',,to touch,,,,3319,Source: RU5000 (v0.1) - RU5000.csv
трое,word,tróje,,three,,,,3320,Source: RU5000 (v0.1) - RU5000.csv
тройка,word,troika,,troika,,,,3321,Source: RU5000 (v0.1) - RU5000.csv
тронуть,word,tronut',,to touch,,,,3322,Source: RU5000 (v0.1) - RU5000.csv
тронуться,word,tronut'sya,,to get moving,,,,3323,Source: RU5000 (v0.1) - RU5000.csv
тропинка,word,tropinka,,path,,,,3324,Source: RU5000 (v0.1) - RU5000.csv
тротуар,word,trotuar,,sidewalk,,,,3325,Source: RU5000 (v0.1) - RU5000.csv
трудиться,word,trudit'sya,,to work,,,,3326,Source: RU5000 (v0.1) - RU5000.csv
трудно,word,trudno,,difficult,,,,3327,Source: RU5000 (v0.1) - RU5000.csv
трудный,word,trudnyy,,difficult,,,,3328,Source: RU5000 (v0.1) - RU5000.csv
трудовой,word,trudovoy,,labor,,,,3329,Source: RU5000 (v0.1) - RU5000.csv
трясти,word,tryasti,,to shake,,,,3330,Source: RU5000 (v0.1) - RU5000.csv
трястись,word,trjastis',,to shake,,,,3331,Source: RU5000 (v0.1) - RU5000.csv
туго,word,tugo,,tight,,,,3332,Source: RU5000 (v0.1) - RU5000.csv
туда,word,tuda,,there,,,,3333,Source: RU5000 (v0.1) - RU5000.csv
тумбочка,word,tumbochka,,nightstand,,,,3334,Source: RU5000 (v0.1) - RU5000.csv
тупой,word,Tupoy,,blunt,,,,3335,Source: RU5000 (v0.1) - RU5000.csv
тусклый,word,tusklyy,,dim,,,,3336,Source: RU5000 (v0.1) - RU5000.csv
тут,word,tut,,here,,,,3337,Source: RU5000 (v0.1) - RU5000.csv
туфля,word,tuflya,,shoe,,,,3338,Source: RU5000 (v0.1) - RU5000.csv
тщательно,word,tshchatel'no,,thoroughly,,,,3339,Source: RU5000 (v0.1) - RU5000.csv
ты,word,ty,,you,,,,3340,Source: RU5000 (v0.1) - RU5000.csv
тыкать,word,tykat',,to poke,,,,3341,Source: RU5000 (v0.1) - RU5000.csv
тыл,word,tyl,,rear,,,,3342,Source: RU5000 (v0.1) - RU5000.csv
тысяча,word,týsjača,,thousand,,,,3343,Source: RU5000 (v0.1) - RU5000.csv
тьма,word,tma,,darkness,,,,3344,Source: RU5000 (v0.1) - RU5000.csv
тьфу,word,tfu,,ugh,,,,3345,Source: RU5000 (v0.1) - RU5000.csv
тюремный,word,tyuremnyy,,prison,,,,3346,Source: RU5000 (v0.1) - RU5000.csv
тяжело,word,tyazhelo,,hard,,,,3347,Source: RU5000 (v0.1) - RU5000.csv
тяжкий,word,tyazhkiy,,heavy,,,,3348,Source: RU5000 (v0.1) - RU5000.csv
тяжёлый,word,tjažólyj,,heavy,,,,3349,Source: RU5000 (v0.1) - RU5000.csv
тянуть,word,tyanut',,to pull,,,,3350,Source: RU5000 (v0.1) - RU5000.csv
тянуться,word,tyanut'sya,,to stretch,,,,3351,Source: RU5000 (v0.1) - RU5000.csv
у,word,u,,at,,,,3352,Source: RU5000 (v0.1) - RU5000.csv
убегать,word,ubegat',,to run away,,,,3353,Source: RU5000 (v0.1) - RU5000.csv
убедить,word,ubedit',,to convince,,,,3354,Source: RU5000 (v0.1) - RU5000.csv
убедиться,word,ubedit'sya,,to make sure,,,,3355,Source: RU5000 (v0.1) - RU5000.csv
убежать,word,ubezhat',,to run away,,,,3356,Source: RU5000 (v0.1) - RU5000.csv
убеждать,word,ubezhdat',,to convince,,,,3357,Source: RU5000 (v0.1) - RU5000.csv
убеждённыйубежденный,word,ubeždjónnyj,,convincedconvinced,,,,3358,Source: RU5000 (v0.1) - RU5000.csv
убивать,word,ubivat',,to kill,,,,3359,Source: RU5000 (v0.1) - RU5000.csv
убирать,word,ubirat,,to take away,,,,3360,Source: RU5000 (v0.1) - RU5000.csv
убитый,word,ubityy,,killed,,,,3361,Source: RU5000 (v0.1) - RU5000.csv
убить,word,ubit,,to kill,,,,3362,Source: RU5000 (v0.1) - RU5000.csv
убрать,word,ubrat',,to put away,,,,3363,Source: RU5000 (v0.1) - RU5000.csv
уважаемый,word,Uvazhaemyj,,Dear,,,,3364,Source: RU5000 (v0.1) - RU5000.csv
уважать,word,uvazhat',,to respect,,,,3365,Source: RU5000 (v0.1) - RU5000.csv
увезти,word,uvezti,,to take away,,,,3366,Source: RU5000 (v0.1) - RU5000.csv
увеличиваться,word,uvelichivat'sja,,to increase,,,,3367,Source: RU5000 (v0.1) - RU5000.csv
увеличить,word,uvelichit',,to increase,,,,3368,Source: RU5000 (v0.1) - RU5000.csv
уверенно,word,uverenno,,confidently,,,,3369,Source: RU5000 (v0.1) - RU5000.csv
уверенный,word,uverennyy,,confident,,,,3370,Source: RU5000 (v0.1) - RU5000.csv
уверять,word,uveryat',,to assure,,,,3371,Source: RU5000 (v0.1) - RU5000.csv
увести,word,uvesti,,to take away,,,,3372,Source: RU5000 (v0.1) - RU5000.csv
увидеть,word,uvidet',,to see,,,,3373,Source: RU5000 (v0.1) - RU5000.csv
уволить,word,uvólitʹ,,to fire,,,,3374,Source: RU5000 (v0.1) - RU5000.csv
увы,word,uvy,,alas,,,,3375,Source: RU5000 (v0.1) - RU5000.csv
угадать,word,ugadat',,to guess,,,,3376,Source: RU5000 (v0.1) - RU5000.csv
уговаривать,word,ugovarivat',,to persuade,,,,3377,Source: RU5000 (v0.1) - RU5000.csv
уговорить,word,ugovorit',,to persuade,,,,3378,Source: RU5000 (v0.1) - RU5000.csv
угодить,word,ugodit',,to please,,,,3379,Source: RU5000 (v0.1) - RU5000.csv
угодный,word,ugodnyy,,agreeable,,,,3380,Source: RU5000 (v0.1) - RU5000.csv
уголовный,word,ugolovnyj,,criminal,,,,3381,Source: RU5000 (v0.1) - RU5000.csv
угрожать,word,ugrozhat',,to threaten,,,,3382,Source: RU5000 (v0.1) - RU5000.csv
угрюмый,word,ugryumyy,,sullen,,,,3383,Source: RU5000 (v0.1) - RU5000.csv
удав,word,udav,,boa,,,,3384,Source: RU5000 (v0.1) - RU5000.csv
удаваться,word,udavátʹsja,,to succeed,,,,3385,Source: RU5000 (v0.1) - RU5000.csv
удалиться,word,udalit'sya,,to withdraw,,,,3386,Source: RU5000 (v0.1) - RU5000.csv
удаляться,word,udalyat'sya,,to move away,,,,3387,Source: RU5000 (v0.1) - RU5000.csv
ударить,word,udarit',,to hit,,,,3388,Source: RU5000 (v0.1) - RU5000.csv
удаться,word,udat'sya,,to succeed,,,,3389,Source: RU5000 (v0.1) - RU5000.csv
удачный,word,udachnyj,,successful,,,,3390,Source: RU5000 (v0.1) - RU5000.csv
удержать,word,uderzhat',,to hold on,,,,3391,Source: RU5000 (v0.1) - RU5000.csv
удержаться,word,uderzhat'sya,,to hold on,,,,3392,Source: RU5000 (v0.1) - RU5000.csv
удерживать,word,uderzhivat',,to hold,,,,3393,Source: RU5000 (v0.1) - RU5000.csv
удивительно,word,udivitelno,,marvelous,,,,3394,Source: RU5000 (v0.1) - RU5000.csv
удивительный,word,udivitelnyy,,amazing,,,,3395,Source: RU5000 (v0.1) - RU5000.csv
удивить,word,udivit',,to surprise,,,,3396,Source: RU5000 (v0.1) - RU5000.csv
удивиться,word,udivit'sya,,to be surprised,,,,3397,Source: RU5000 (v0.1) - RU5000.csv
удивление,word,udivlenie,,astonishment,,,,3398,Source: RU5000 (v0.1) - RU5000.csv
удивленно,word,udivlenno,,surprised,,,,3399,Source: RU5000 (v0.1) - RU5000.csv
удивляться,word,udivlyat'sya,,to be surprised,,,,3400,Source: RU5000 (v0.1) - RU5000.csv
удобно,word,udobno,,comfortable,,,,3401,Source: RU5000 (v0.1) - RU5000.csv
удобный,word,udobnyy,,comfortable,,,,3402,Source: RU5000 (v0.1) - RU5000.csv
удовольствие,word,udovol'stvie,,pleasure,,,,3403,Source: RU5000 (v0.1) - RU5000.csv
уезжать,word,uezzhat',,to leave,,,,3404,Source: RU5000 (v0.1) - RU5000.csv
уехать,word,uyekhat',,to leave,,,,3405,Source: RU5000 (v0.1) - RU5000.csv
уж,word,uzh,,already,,,,3406,Source: RU5000 (v0.1) - RU5000.csv
ужас,word,uzhas,,horror,,,,3407,Source: RU5000 (v0.1) - RU5000.csv
ужасно,word,uzhasno,,terrible,,,,3408,Source: RU5000 (v0.1) - RU5000.csv
ужасный,word,uzhasnyj,,horrible,,,,3409,Source: RU5000 (v0.1) - RU5000.csv
уже,word,uzhe,,already,,,,3410,Source: RU5000 (v0.1) - RU5000.csv
узкий,word,uzkiy,,narrow,,,,3411,Source: RU5000 (v0.1) - RU5000.csv
узнавать,word,uznavat',,to learn,,,,3412,Source: RU5000 (v0.1) - RU5000.csv
узнать,word,uznat',,to know,,,,3413,Source: RU5000 (v0.1) - RU5000.csv
уйти,word,uyti,,to leave,,,,3414,Source: RU5000 (v0.1) - RU5000.csv
указ,word,ukaz,,decree,,,,3415,Source: RU5000 (v0.1) - RU5000.csv
указанный,word,ukazannyj,,specified,,,,3416,Source: RU5000 (v0.1) - RU5000.csv
указать,word,ukazat',,to indicate,,,,3417,Source: RU5000 (v0.1) - RU5000.csv
указывать,word,ukazyvat',,to indicate,,,,3418,Source: RU5000 (v0.1) - RU5000.csv
украинский,word,ukrainskiy,,Ukrainian,,,,3419,Source: RU5000 (v0.1) - RU5000.csv
украсить,word,ukrasit',,to decorate,,,,3420,Source: RU5000 (v0.1) - RU5000.csv
украсть,word,ukrast',,to steal,,,,3421,Source: RU5000 (v0.1) - RU5000.csv
улететь,word,uletét',,to fly away,,,,3422,Source: RU5000 (v0.1) - RU5000.csv
улица,word,ulitsa,,street,,,,3423,Source: RU5000 (v0.1) - RU5000.csv
уличный,word,ulichnyy,,street,,,,3424,Source: RU5000 (v0.1) - RU5000.csv
уловить,word,ulovit',,to catch,,,,3425,Source: RU5000 (v0.1) - RU5000.csv
уложить,word,ulozhit',,to put to bed,,,,3426,Source: RU5000 (v0.1) - RU5000.csv
улыбаться,word,ulybat'sya,,to smile,,,,3427,Source: RU5000 (v0.1) - RU5000.csv
улыбка,word,ulybka,,smile,,,,3428,Source: RU5000 (v0.1) - RU5000.csv
улыбнуться,word,ulybnut'sja,,to smile,,,,3429,Source: RU5000 (v0.1) - RU5000.csv
ум,word,um,,mind,,,,3430,Source: RU5000 (v0.1) - RU5000.csv
умереть,word,umeret',,to die,,,,3431,Source: RU5000 (v0.1) - RU5000.csv
уметь,word,umet',,to be able to,,,,3432,Source: RU5000 (v0.1) - RU5000.csv
умирать,word,umirat',,to die,,,,3433,Source: RU5000 (v0.1) - RU5000.csv
умный,word,umnyj,,smart,,,,3434,Source: RU5000 (v0.1) - RU5000.csv
умолять,word,umolyat',,to beg,,,,3435,Source: RU5000 (v0.1) - RU5000.csv
унести,word,unesti,,to carry away,,,,3436,Source: RU5000 (v0.1) - RU5000.csv
уникальный,word,unikalnyy,,unique,,,,3437,Source: RU5000 (v0.1) - RU5000.csv
уничтожать,word,unichtozhat',,to destroy,,,,3438,Source: RU5000 (v0.1) - RU5000.csv
уничтожить,word,unichtozhit',,to destroy,,,,3439,Source: RU5000 (v0.1) - RU5000.csv
упасть,word,upast',,to fell,,,,3440,Source: RU5000 (v0.1) - RU5000.csv
упереться,word,uperet'sya,,to resist,,,,3441,Source: RU5000 (v0.1) - RU5000.csv
упираться,word,upirat'sya,,to resist,,,,3442,Source: RU5000 (v0.1) - RU5000.csv
упомянуть,word,upomyanut',,to mention,,,,3443,Source: RU5000 (v0.1) - RU5000.csv
упорно,word,uporno,,persistently,,,,3444,Source: RU5000 (v0.1) - RU5000.csv
употреблять,word,upotreblyat',,to use,,,,3445,Source: RU5000 (v0.1) - RU5000.csv
управление,word,upravlenie,,control,,,,3446,Source: RU5000 (v0.1) - RU5000.csv
управлять,word,upravljat',,to manage,,,,3447,Source: RU5000 (v0.1) - RU5000.csv
упустить,word,upustit,,to miss,,,,3448,Source: RU5000 (v0.1) - RU5000.csv
ура,word,ura,,hooray,,,,3449,Source: RU5000 (v0.1) - RU5000.csv
урок,word,urok,,lesson,,,,3450,Source: RU5000 (v0.1) - RU5000.csv
уронить,word,uronit',,to drop,,,,3451,Source: RU5000 (v0.1) - RU5000.csv
усадьба,word,usad'ba,,estate,,,,3452,Source: RU5000 (v0.1) - RU5000.csv
усесться,word,usest'sya,,to sit down,,,,3453,Source: RU5000 (v0.1) - RU5000.csv
услать,word,uslat',,to send away,,,,3454,Source: RU5000 (v0.1) - RU5000.csv
услышать,word,uslyshat',,to hear,,,,3455,Source: RU5000 (v0.1) - RU5000.csv
усмехнуться,word,usmekhnut'sya,,to smile,,,,3456,Source: RU5000 (v0.1) - RU5000.csv
уснуть,word,usnut',,to fall asleep,,,,3457,Source: RU5000 (v0.1) - RU5000.csv
успевать,word,uspevat',,to be on time,,,,3458,Source: RU5000 (v0.1) - RU5000.csv
успеть,word,uspet',,to be on time,,,,3459,Source: RU5000 (v0.1) - RU5000.csv
успех,word,uspekh,,success,,,,3460,Source: RU5000 (v0.1) - RU5000.csv
успешно,word,uspeshno,,successfully,,,,3461,Source: RU5000 (v0.1) - RU5000.csv
успокаивать,word,uspokaivat',,to calm down,,,,3462,Source: RU5000 (v0.1) - RU5000.csv
успокоить,word,uspokoit',,to calm down,,,,3463,Source: RU5000 (v0.1) - RU5000.csv
успокоиться,word,uspokoit'sya,,to calm down,,,,3464,Source: RU5000 (v0.1) - RU5000.csv
уставиться,word,ustavit'sya,,to stare,,,,3465,Source: RU5000 (v0.1) - RU5000.csv
устало,word,ustalo,,wearily,,,,3466,Source: RU5000 (v0.1) - RU5000.csv
усталость,word,ustalost',,fatigue,,,,3467,Source: RU5000 (v0.1) - RU5000.csv
усталый,word,ustályj,,tired,,,,3468,Source: RU5000 (v0.1) - RU5000.csv
установить,word,ustanovit',,to install,,,,3469,Source: RU5000 (v0.1) - RU5000.csv
устать,word,ustat',,to get tired,,,,3470,Source: RU5000 (v0.1) - RU5000.csv
устраивать,word,ustraivat',,to arrange,,,,3471,Source: RU5000 (v0.1) - RU5000.csv
устроить,word,ustroit',,to arrange,,,,3472,Source: RU5000 (v0.1) - RU5000.csv
устроиться,word,ustroit'sya,,to get settled,,,,3473,Source: RU5000 (v0.1) - RU5000.csv
устройство,word,ustroystvo,,device,,,,3474,Source: RU5000 (v0.1) - RU5000.csv
уступать,word,ustupat',,to give in,,,,3475,Source: RU5000 (v0.1) - RU5000.csv
уступить,word,ustupit',,to give in,,,,3476,Source: RU5000 (v0.1) - RU5000.csv
утверждать,word,utverzhdat',,to approve,,,,3477,Source: RU5000 (v0.1) - RU5000.csv
утверждение,word,utverzhdenie,,statement,,,,3478,Source: RU5000 (v0.1) - RU5000.csv
утонуть,word,utonut',,to drown,,,,3479,Source: RU5000 (v0.1) - RU5000.csv
уточнить,word,utochnit',,to specify,,,,3480,Source: RU5000 (v0.1) - RU5000.csv
утратить,word,utratit',,to lose,,,,3481,Source: RU5000 (v0.1) - RU5000.csv
утренний,word,utrenniy,,morning,,,,3482,Source: RU5000 (v0.1) - RU5000.csv
ухо,word,ukho,,ear,,,,3483,Source: RU5000 (v0.1) - RU5000.csv
уходить,word,ukhodit',,to leave,,,,3484,Source: RU5000 (v0.1) - RU5000.csv
уцелеть,word,utselet',,to survive,,,,3485,Source: RU5000 (v0.1) - RU5000.csv
участвовать,word,uchastvovat',,to participate,,,,3486,Source: RU5000 (v0.1) - RU5000.csv
участник,word,uchastnik,,participant,,,,3487,Source: RU5000 (v0.1) - RU5000.csv
учебник,word,uchebnik,,textbook,,,,3488,Source: RU5000 (v0.1) - RU5000.csv
учебный,word,učébnyj,,training,,,,3489,Source: RU5000 (v0.1) - RU5000.csv
ученик,word,uchenik,,student,,,,3490,Source: RU5000 (v0.1) - RU5000.csv
учесть,word,uchest',,to take into account,,,,3491,Source: RU5000 (v0.1) - RU5000.csv
учет,word,uchet,,accounting,,,,3492,Source: RU5000 (v0.1) - RU5000.csv
учительница,word,uchitel'nitsa,,teacher,,,,3493,Source: RU5000 (v0.1) - RU5000.csv
учитывать,word,učítyvatʹ,,to consider,,,,3494,Source: RU5000 (v0.1) - RU5000.csv
учить,word,uchit',,to learn,,,,3495,Source: RU5000 (v0.1) - RU5000.csv
учиться,word,uchit'sya,,to study,,,,3496,Source: RU5000 (v0.1) - RU5000.csv
учёбаучеба,word,uchyoba,,studystudy,,,,3497,Source: RU5000 (v0.1) - RU5000.csv
учёный,word,uchonyy,,scientist,,,,3498,Source: RU5000 (v0.1) - RU5000.csv
уютный,word,uyutnyy,,cosy,,,,3499,Source: RU5000 (v0.1) - RU5000.csv
фабрика,word,fabrika,,factory,,,,3500,Source: RU5000 (v0.1) - RU5000.csv
фактически,word,fakticheski,,actually,,,,3501,Source: RU5000 (v0.1) - RU5000.csv
фактор,word,faktor,,factor,,,,3502,Source: RU5000 (v0.1) - RU5000.csv
фальшивый,word,fal'shivyy,,false,,,,3503,Source: RU5000 (v0.1) - RU5000.csv
фамилия,word,familiya,,surname,,,,3504,Source: RU5000 (v0.1) - RU5000.csv
фантастический,word,fantastičeskij,,fantastic,,,,3505,Source: RU5000 (v0.1) - RU5000.csv
фигура,word,figura,,figure,,,,3506,Source: RU5000 (v0.1) - RU5000.csv
фигурка,word,figurka,,figurine,,,,3507,Source: RU5000 (v0.1) - RU5000.csv
физический,word,fizicheskiy,,physical,,,,3508,Source: RU5000 (v0.1) - RU5000.csv
философия,word,filosofiya,,philosophy,,,,3509,Source: RU5000 (v0.1) - RU5000.csv
фильм,word,fil'm,,movie,,,,3510,Source: RU5000 (v0.1) - RU5000.csv
финансовый,word,finansovyy,,financial,,,,3511,Source: RU5000 (v0.1) - RU5000.csv
фирма,word,firma,,firm,,,,3512,Source: RU5000 (v0.1) - RU5000.csv
флот,word,flot,,fleet,,,,3513,Source: RU5000 (v0.1) - RU5000.csv
фонарик,word,fonarik,,flashlight,,,,3514,Source: RU5000 (v0.1) - RU5000.csv
фонарь,word,fonar',,flashlight,,,,3515,Source: RU5000 (v0.1) - RU5000.csv
форма,word,forma,,form,,,,3516,Source: RU5000 (v0.1) - RU5000.csv
фраза,word,fraza,,phrase,,,,3517,Source: RU5000 (v0.1) - RU5000.csv
француз,word,frantsuz,,frenchman,,,,3518,Source: RU5000 (v0.1) - RU5000.csv
французский,word,frantsuzskij,,french; French,,,,3519,Source: RU5000 (v0.1) - RU5000.csv
фрукт,word,frukt,,fruit,,,,3520,Source: RU5000 (v0.1) - RU5000.csv
ха,word,kha,,ha,,,,3521,Source: RU5000 (v0.1) - RU5000.csv
характерный,word,kharakternyy,,characteristic,,,,3522,Source: RU5000 (v0.1) - RU5000.csv
хватать,word,khvatat',,to grab,,,,3523,Source: RU5000 (v0.1) - RU5000.csv
хватить,word,khvatit',,to enough,,,,3524,Source: RU5000 (v0.1) - RU5000.csv
химический,word,khimicheskiy,,chemical,,,,3525,Source: RU5000 (v0.1) - RU5000.csv
хитрый,word,khitryy,,cunning,,,,3526,Source: RU5000 (v0.1) - RU5000.csv
хлопать,word,khlopat',,to clap,,,,3527,Source: RU5000 (v0.1) - RU5000.csv
хлопнуть,word,khlopnut',,to clap,,,,3528,Source: RU5000 (v0.1) - RU5000.csv
ходить,word,khodit',,to walk,,,,3529,Source: RU5000 (v0.1) - RU5000.csv
хозяйственный,word,xozjájstvennyj,,economic,,,,3530,Source: RU5000 (v0.1) - RU5000.csv
холодно,word,kholodno,,cold,,,,3531,Source: RU5000 (v0.1) - RU5000.csv
холодный,word,xolodnyj,,cold,,,,3532,Source: RU5000 (v0.1) - RU5000.csv
хоронить,word,khoronit',,to bury,,,,3533,Source: RU5000 (v0.1) - RU5000.csv
хорошенький,word,khoroshen'kiy,,pretty,,,,3534,Source: RU5000 (v0.1) - RU5000.csv
хороший,word,khoroshiy,,good,,,,3535,Source: RU5000 (v0.1) - RU5000.csv
хорошо,word,khorosho,,fine,,,,3536,Source: RU5000 (v0.1) - RU5000.csv
хотеть,word,xotétʹ,,to want,,,,3537,Source: RU5000 (v0.1) - RU5000.csv
хотеться,word,xotétʹsja,,to want,,,,3538,Source: RU5000 (v0.1) - RU5000.csv
хоть,word,khot',,at least,,,,3539,Source: RU5000 (v0.1) - RU5000.csv
хотя,word,khotya,,although,,,,3540,Source: RU5000 (v0.1) - RU5000.csv
хохотать,word,khokhotat',,to laugh,,,,3541,Source: RU5000 (v0.1) - RU5000.csv
хранить,word,khranit',,to keep,,,,3542,Source: RU5000 (v0.1) - RU5000.csv
храниться,word,khranit'sya,,to be stored,,,,3543,Source: RU5000 (v0.1) - RU5000.csv
хронический,word,khronicheskiy,,chronic,,,,3544,Source: RU5000 (v0.1) - RU5000.csv
художественный,word,xudožestvennyj,,art,,,,3545,Source: RU5000 (v0.1) - RU5000.csv
худой,word,khudoy,,thin,,,,3546,Source: RU5000 (v0.1) - RU5000.csv
царский,word,tsarskiy,,royal,,,,3547,Source: RU5000 (v0.1) - RU5000.csv
цветной,word,cvetnój,,color,,,,3548,Source: RU5000 (v0.1) - RU5000.csv
целиком,word,tselikom,,entirely,,,,3549,Source: RU5000 (v0.1) - RU5000.csv
целовать,word,tselovat',,to kiss,,,,3550,Source: RU5000 (v0.1) - RU5000.csv
целый,word,tselyy,,whole,,,,3551,Source: RU5000 (v0.1) - RU5000.csv
ценить,word,tsenit',,to value,,,,3552,Source: RU5000 (v0.1) - RU5000.csv
ценный,word,tsennyy,,valuable,,,,3553,Source: RU5000 (v0.1) - RU5000.csv
центральный,word,centrálʹnyj,,central,,,,3554,Source: RU5000 (v0.1) - RU5000.csv
цепляться,word,tseplyat'sya,,to cling,,,,3555,Source: RU5000 (v0.1) - RU5000.csv
часовой,word,časovój,,hourly,,,,3556,Source: RU5000 (v0.1) - RU5000.csv
частный,word,chastnyy,,private,,,,3557,Source: RU5000 (v0.1) - RU5000.csv
часто,word,chasto,,often,,,,3558,Source: RU5000 (v0.1) - RU5000.csv
частый,word,chastyj,,frequent,,,,3559,Source: RU5000 (v0.1) - RU5000.csv
чей,word,chey,,whose,,,,3560,Source: RU5000 (v0.1) - RU5000.csv
человеческий,word,chelovecheskij,,human,,,,3561,Source: RU5000 (v0.1) - RU5000.csv
чем,word,chem,,how,,,,3562,Source: RU5000 (v0.1) - RU5000.csv
через,word,cherez,,through,,,,3563,Source: RU5000 (v0.1) - RU5000.csv
чересчур,word,chereschur,,too,,,,3564,Source: RU5000 (v0.1) - RU5000.csv
черный,word,chernyy,,black,,,,3565,Source: RU5000 (v0.1) - RU5000.csv
честно,word,chestno,,honestly,,,,3566,Source: RU5000 (v0.1) - RU5000.csv
честный,word,chestnyy,,honest,,,,3567,Source: RU5000 (v0.1) - RU5000.csv
четверо,word,čétvero,,four,,,,3568,Source: RU5000 (v0.1) - RU5000.csv
четвёртый,word,četvjórtyj,,fourth,,,,3569,Source: RU5000 (v0.1) - RU5000.csv
четыре,word,chetýre,,four,,,,3570,Source: RU5000 (v0.1) - RU5000.csv
чеченский,word,chechenskij,,Chechen,,,,3571,Source: RU5000 (v0.1) - RU5000.csv
чистить,word,chistit',,to clean,,,,3572,Source: RU5000 (v0.1) - RU5000.csv
чисто,word,chisto,,purely,,,,3573,Source: RU5000 (v0.1) - RU5000.csv
чистый,word,chistyj,,clean,,,,3574,Source: RU5000 (v0.1) - RU5000.csv
читать,word,chitat',,to read,,,,3575,Source: RU5000 (v0.1) - RU5000.csv
чрезвычайно,word,chrezvychayno,,extremely,,,,3576,Source: RU5000 (v0.1) - RU5000.csv
что,word,shto,,what,,,,3577,Source: RU5000 (v0.1) - RU5000.csv
чтоб,word,shtob,,so that,,,,3578,Source: RU5000 (v0.1) - RU5000.csv
чтобы,word,shtoby,,to,,,,3579,Source: RU5000 (v0.1) - RU5000.csv
чувствовать,word,chuvstvovat',,to feel,,,,3580,Source: RU5000 (v0.1) - RU5000.csv
чувствоваться,word,chuvstvovat'sya,,to be felt,,,,3581,Source: RU5000 (v0.1) - RU5000.csv
чудесный,word,chudesnyy,,wonderful,,,,3582,Source: RU5000 (v0.1) - RU5000.csv
чудовищный,word,chudovishchnyy,,monstrous,,,,3583,Source: RU5000 (v0.1) - RU5000.csv
чужой,word,chuzhoj,,stranger,,,,3584,Source: RU5000 (v0.1) - RU5000.csv
чуть,word,chut',,a little,,,,3585,Source: RU5000 (v0.1) - RU5000.csv
чёртовыйчертовый,word,chortovyy,,damndamn,,,,3586,Source: RU5000 (v0.1) - RU5000.csv
чёткийчеткий,word,chotkiy,,clearclear,,,,3587,Source: RU5000 (v0.1) - RU5000.csv
чётко,word,chotko,,clearly,,,,3588,Source: RU5000 (v0.1) - RU5000.csv
шагать,word,shagat',,to step,,,,3589,Source: RU5000 (v0.1) - RU5000.csv
шагнуть,word,shagnut',,to take a step,,,,3590,Source: RU5000 (v0.1) - RU5000.csv
шампанский,word,shampanskiy,,champagne,,,,3591,Source: RU5000 (v0.1) - RU5000.csv
швырнуть,word,shvyrnut',,to throw,,,,3592,Source: RU5000 (v0.1) - RU5000.csv
шевелить,word,shevelit',,to stir,,,,3593,Source: RU5000 (v0.1) - RU5000.csv
шевелиться,word,shevelit'sya,,to stir,,,,3594,Source: RU5000 (v0.1) - RU5000.csv
шепнуть,word,shepnut',,to whisper,,,,3595,Source: RU5000 (v0.1) - RU5000.csv
шептать,word,sheptat',,to whisper,,,,3596,Source: RU5000 (v0.1) - RU5000.csv
шестнадцать,word,shestnádtsat',,sixteen,,,,3597,Source: RU5000 (v0.1) - RU5000.csv
шестой,word,shestój,,sixth,,,,3598,Source: RU5000 (v0.1) - RU5000.csv
шесть,word,shest',,six,,,,3599,Source: RU5000 (v0.1) - RU5000.csv
шестьдесят,word,shest'desyát,,sixty,,,,3600,Source: RU5000 (v0.1) - RU5000.csv
широкий,word,širókij,,wide,,,,3601,Source: RU5000 (v0.1) - RU5000.csv
широко,word,shiroko,,wide,,,,3602,Source: RU5000 (v0.1) - RU5000.csv
школьный,word,shkolnyj,,school,,,,3603,Source: RU5000 (v0.1) - RU5000.csv
шуметь,word,shumet',,to make noise,,,,3604,Source: RU5000 (v0.1) - RU5000.csv
шумно,word,shumno,,noisy,,,,3605,Source: RU5000 (v0.1) - RU5000.csv
шумный,word,shumnyy,,noisy,,,,3606,Source: RU5000 (v0.1) - RU5000.csv
шутить,word,shutit',,to joke,,,,3607,Source: RU5000 (v0.1) - RU5000.csv
шёлковыйшелковый,word,shólkovyj,,silksilk,,,,3608,Source: RU5000 (v0.1) - RU5000.csv
щёлкнутьщелкнуть,word,shchyolknut',,to clickclick,,,,3609,Source: RU5000 (v0.1) - RU5000.csv
эй,word,ey,,hey,,,,3610,Source: RU5000 (v0.1) - RU5000.csv
экипаж,word,ekipazh,,crew,,,,3611,Source: RU5000 (v0.1) - RU5000.csv
экономический,word,ekonomicheskij,,economic,,,,3612,Source: RU5000 (v0.1) - RU5000.csv
экран,word,ekran,,screen,,,,3613,Source: RU5000 (v0.1) - RU5000.csv
электрический,word,elektríčeskij,,electric,,,,3614,Source: RU5000 (v0.1) - RU5000.csv
электронный,word,elektronnyy,,electronic,,,,3615,Source: RU5000 (v0.1) - RU5000.csv
эмоциональный,word,emocional'nyj,,emotional,,,,3616,Source: RU5000 (v0.1) - RU5000.csv
энергичный,word,energichnyy,,vigorous,,,,3617,Source: RU5000 (v0.1) - RU5000.csv
эпизод,word,epizod,,episode,,,,3618,Source: RU5000 (v0.1) - RU5000.csv
эпоха,word,epokha,,era,,,,3619,Source: RU5000 (v0.1) - RU5000.csv
Эстония,word,estoniya,,estonia,,,,3620,Source: RU5000 (v0.1) - RU5000.csv
этакий,word,etakiy,,sort of,,,,3621,Source: RU5000 (v0.1) - RU5000.csv
этап,word,etap,,stage,,,,3622,Source: RU5000 (v0.1) - RU5000.csv
это,word,eto,,this,,,,3623,Source: RU5000 (v0.1) - RU5000.csv
этот,word,etot,,this,,,,3624,Source: RU5000 (v0.1) - RU5000.csv
эфир,word,efir,,ether,,,,3625,Source: RU5000 (v0.1) - RU5000.csv
эффективный,word,effektivnyy,,effective,,,,3626,Source: RU5000 (v0.1) - RU5000.csv
эшелон,word,echelon,,echelon,,,,3627,Source: RU5000 (v0.1) - RU5000.csv
южный,word,yuzhnyy,,southern,,,,3628,Source: RU5000 (v0.1) - RU5000.csv
юный,word,júnyj,,young,,,,3629,Source: RU5000 (v0.1) - RU5000.csv
я,word,ya,,I (as in oneself),,,,3630,Source: RU5000 (v0.1) - RU5000.csv
явиться,word,javit'sja,,to show up,,,,3631,Source: RU5000 (v0.1) - RU5000.csv
являться,word,javljat'sya,,to be,,,,3632,Source: RU5000 (v0.1) - RU5000.csv
явно,word,yavno,,obviously,,,,3633,Source: RU5000 (v0.1) - RU5000.csv
явный,word,yavnyy,,obvious,,,,3634,Source: RU5000 (v0.1) - RU5000.csv
якобы,word,yakoby,,allegedly,,,,3635,Source: RU5000 (v0.1) - RU5000.csv
японский,word,yaponskiy,,Japanese,,,,3636,Source: RU5000 (v0.1) - RU5000.csv
яркий,word,yarkiy,,bright,,,,3637,Source: RU5000 (v0.1) - RU5000.csv
ярко,word,yarko,,bright,,,,3638,Source: RU5000 (v0.1) - RU5000.csv
ясно,word,yasno,,it's clear,,,,3639,Source: RU5000 (v0.1) - RU5000.csv
ясный,word,yasnyy,,clear,,,,3640,Source: RU5000 (v0.1) - RU5000.csv
