source_row,frequency_rank,complexity,word,romanized,pos_ko,classification,hanja_ref,english,note,word_group_size,word_group_index,review_flags
2,1.0,A,것,geos,의,noun,,A thing or an object,,1,1,
3,2.0,A,하다,hada,동,verb,,To do,,2,1,surface_duplicate
4,3.0,A,있다,issda,보,auxiliary verb,,1. to be (in a place); to exist 2. to have,after the 어/아 (-eo/a) infinitive) to be (in a state),3,1,surface_duplicate
5,4.0,A,있다,issda,형,adjective,,To be,after the 고 (-go) connective) to be in the process of,3,2,surface_duplicate
6,5.0,A,되다,doeda,동,verb,어른이~,"to become; (of a time) to come, to arrive",,1,1,
7,6.0,A,수,su,의,noun,방법,"way, method, means",,3,1,surface_duplicate
8,7.0,A,하다,hada,보,auxiliary verb,,To do,,2,2,surface_duplicate
9,8.0,A,나,na,대,pronoun,,I,,1,1,
10,9.0,A,그,geu,관,attributive,,"He, That",,3,1,surface_duplicate
11,10.0,A,없다,eopsda,형,adjective,,"Do not exist, absent",,1,1,
12,11.0,A,않다,anhda,보,auxiliary verb,,To not do,,2,1,surface_duplicate
13,12.0,A,사람,saram,명,noun,,Person,,1,1,
14,13.0,A,우리,uri,대,pronoun,,"we, our",,1,1,
15,14.0,A,이,i,관,attributive,,"A person, This",,5,1,surface_duplicate
16,15.0,A,그,geu,대,pronoun,,"He, That",,3,2,surface_duplicate
17,16.0,A,아니다,anida,형,adjective,,To not be,,1,1,
18,17.0,A,보다,boda,동,verb,,"To see, to watch, to look at",,3,1,surface_duplicate
19,18.0,B,등,deung,의,noun,等,rank,,3,1,surface_duplicate
20,19.0,A,때,ttae,명,noun,시간,occasion; time,,2,1,surface_duplicate
21,20.0,A,거,geo,의,noun,것,thing,,2,1,surface_duplicate
22,21.0,A,보다,boda,보,auxiliary verb,,to try out (+auxiliary),,3,2,surface_duplicate
23,22.0,A,같다,gatda,형,adjective,,To be similar,,1,1,
24,23.0,A,주다,juda,보,auxiliary verb,,"To give, to do for a person",,2,1,surface_duplicate
25,24.0,B,대하다,daehada,동,verb,對-,"Face, confront",,1,1,
26,25.0,A,가다,gada,동,verb,,To go,,2,1,surface_duplicate
27,26.0,A,년,nyeon,의,noun,年,Year,,1,1,
28,27.0,A,한,han,관,attributive,,"One, a single",,3,1,surface_duplicate
29,28.0,A,말,mal,명,noun,~과글,"words,speaking",,3,1,surface_duplicate
30,29.0,A,일,il,명,noun,,Work,,3,1,surface_duplicate
31,30.0,A,이,i,대,pronoun,,"A person, This",,5,2,surface_duplicate
32,31.0,A,때문,ttaemun,의,noun,,Because of,,1,1,
33,32.0,A,말하다,malhada,동,verb,,Speak,,1,1,
34,33.0,B,위하다,wihada,동,verb,爲-,To do for the sake of,,1,1,
35,34.0,A,그러나,geureona,부,adverb,,However or but still,,1,1,
36,35.0,A,오다,oda,동,verb,,To come,,2,1,surface_duplicate
37,36.0,A,알다,alda,동,verb,,To know,,1,1,
38,37.0,A,씨,ssi,의,noun,氏,~ Mr.,,2,1,surface_duplicate
39,38.0,A,그렇다,geureohda,형,adjective,,That is right or yes.,,1,1,
40,39.0,A,크다,keuda,형,adjective,,"To be big, large",,2,1,surface_duplicate
41,40.0,A,또,tto,부,adverb,,"also, too",,1,1,
42,41.0,A,일,il,의,noun,하루,day,,3,2,surface_duplicate
43,42.0,B,사회,sahoe,명,noun,社會,"culture,society",,1,1,
44,43.0,A,많다,manhda,형,adjective,,"many, much",,1,1,
45,44.0,A,안,an,부,adverb,아니,~ not ~ + VERB,,3,1,surface_duplicate
46,45.0,A,좋다,johda,형,adjective,,To be good,,1,1,
47,46.0,A,더,deo,부,adverb,,More,,1,1,
48,47.0,A,받다,batda,동,verb,선물을~,Receive,,1,1,
49,48.0,A,그것,geugeos,대,pronoun,,That thing,,1,1,
50,49.0,A,집,jip,명,noun,,House,,1,1,
51,50.0,A,나오다,naoda,동,verb,,Come out,,1,1,
52,51.0,B,따르다,ttareuda,동,verb,뒤를~,follow,,2,1,surface_duplicate
53,52.0,A,그리고,geurigo,부,adverb,,And or and then,,1,1,
54,53.0,A,문제,munje,명,noun,問題,"question,problem",,1,1,
55,54.0,B,그런,geureon,관,attributive,,Such a,,1,1,
56,55.0,A,살다,salda,동,verb,,To live,,1,1,
57,56.0,A,저,jeo,대,pronoun,일인칭대명사,That,,4,1,surface_duplicate
58,57.0,A,못하다,moshada,보,auxiliary verb,,Be impossible,,3,1,surface_duplicate
59,58.0,A,생각하다,saenggakhada,동,verb,,To think,,1,1,
60,59.0,A,모르다,moreuda,동,verb,,To not know,,1,1,
61,60.0,A,속,sok,명,noun,,The inside,,1,1,
62,61.0,A,만들다,mandeulda,동,verb,,To make,,1,1,
63,62.0,B,데,de,의,noun,,"Place, point, instance",,1,1,
64,63.0,A,두,du,관,attributive,,two,,1,1,
65,64.0,A,앞,ap,명,noun,,"In front of, before",,1,1,
66,65.0,B,경우,gyeongu,명,noun,境遇,A case or an instance,,1,1,
67,66.0,B,중,jung,의,noun,中,"The center, the middle",,1,1,
68,67.0,A,어떤,eotteon,관,attributive,,"What kind of, what sort of",,1,1,
69,68.0,A,잘,jal,부,adverb,,Well,,1,1,
70,69.0,C,그녀,geunyeo,대,pronoun,-女,She,,1,1,
71,70.0,A,먹다,meokda,동,verb,밥을~,"Eat, chow down on",,3,1,surface_duplicate
72,71.0,A,오다,oda,보,auxiliary verb,,To come,,2,2,surface_duplicate
73,72.0,B,자신,jasin,명,noun,自身,"one’s own self, one\’s own body",,2,1,surface_duplicate
74,73.0,B,문화,munhwa,명,noun,文化,culture,,1,1,
75,74.0,A,원,won,의,noun,화폐단위,"A unit of south korean money, KRW",,3,1,surface_duplicate
76,75.0,A,생각,saenggak,명,noun,,Thought,,1,1,
77,76.0,A,어떻다,eotteohda,형,adjective,,"how,what.. do you think of",,1,1,
78,77.0,A,명,myeong,의,noun,名.한~,Person counter,,1,1,
79,78.0,B,통하다,tonghada,동,verb,通-,"Run, lead; flow; go through",,1,1,
80,79.0,C,그러다,geureoda,동,verb,,"and so, and then, well",,1,1,
81,80.0,B,소리,sori,명,noun,,"A sound,noise",,1,1,
82,81.0,A,다시,dasi,부,adverb,,Again,,1,1,
83,82.0,A,다른,dareun,관,attributive,,Different,,1,1,
84,83.0,A,이런,ireon,관,attributive,,"Such, like this",,1,1,
85,84.0,A,여자,yeoja,명,noun,女子,"woman,female",,1,1,
86,85.0,A,개,gae,의,noun,個,Unit or piece,,2,1,surface_duplicate
87,86.0,B,정도,jeongdo,명,noun,程度,"grade,degree",,1,1,
88,87.0,A,뒤,dwi,명,noun,,"back, latter, rear",,1,1,
89,88.0,A,듣다,deutda,동,verb,소리를~,"to listen, to hear",,1,1,
90,89.0,A,다,da,부,adverb,,"All, everything",,2,1,surface_duplicate
91,90.0,A,좀,jom,부,adverb,조금,A little,,1,1,
92,91.0,A,들다,deulda,동,verb,여관에~,to enter/go into ; stay at hotel or inn,,3,1,surface_duplicate
93,92.0,A,싶다,sipda,보,auxiliary verb,,"want,hope",,1,1,
94,93.0,B,보이다,boida,동,verb,보다'의피동사,"see,catch sight of",,2,1,surface_duplicate
95,94.0,A,가지다,gajida,동,verb,,To have or take or hold,,2,1,surface_duplicate
96,95.0,A,함께,hamkke,부,adverb,,"Together, with",,1,1,
97,96.0,A,아이,ai,명,noun,,Child,,2,1,surface_duplicate
98,97.0,B,지나다,jinada,동,verb,,"pass,elapse,go on",,1,1,
99,98.0,A,많이,manhi,부,adverb,,A lot,,1,1,
100,99.0,A,시간,sigan,명,noun,時間,Time,,2,1,surface_duplicate
101,100.0,A,너,neo,대,pronoun,,You,,1,1,
102,101.0,A,주다,juda,동,verb,,"To give, to do for a person",,2,2,surface_duplicate
103,102.0,B,인간,ingan,명,noun,人間,"A person, a human being",,1,1,
104,103.0,B,사실,sasil,명,noun,事實,"The truth, a fact",,2,1,surface_duplicate
105,104.0,A,나다,nada,동,verb,,To be born,,2,1,surface_duplicate
106,105.0,A,이렇다,ireohda,형,adjective,,Like this,,1,1,
107,106.0,A,어머니,eomeoni,명,noun,,Mom,,1,1,
108,107.0,A,눈,nun,명,noun,신체의일부,Eyes,,2,1,surface_duplicate
109,108.0,A,뭐,mwo,대,pronoun,,Huh? (2) something,,2,1,surface_duplicate
110,109.0,B,점,jeom,명,noun,點,"point, spot",,2,1,surface_duplicate
111,110.0,B,의하다,uihada,동,verb,依-,"To be due to, owing to",,1,1,
112,111.0,B,시대,sidae,명,noun,時代,"An age,period",,1,1,
113,112.0,A,다음,daeum,명,noun,,Next,,1,1,
114,113.0,B,이러하다,ireohada,형,adjective,,"Be this way, be like follows",,1,1,
115,114.0,A,누구,nugu,대,pronoun,,Who,,1,1,
116,115.0,A,전,jeon,명,noun,前,Before,,3,1,surface_duplicate
117,116.0,A,곳,gos,명,noun,,a,,1,1,
118,117.0,A,여러,yeoreo,관,attributive,,"many,various",,1,1,
119,118.0,A,안,an,명,noun,집~,~ not ~ + VERB,,3,2,surface_duplicate
120,119.0,A,하나,hana,수,numeral,,One,,2,1,surface_duplicate
121,120.0,B,세계,segye,명,noun,世界,World,,1,1,
122,121.0,A,버리다,beorida,보,auxiliary verb,,"(following a verb) the verb\’s action is over, perhaps in a sad way",,2,1,surface_duplicate
123,122.0,A,위,wi,명,noun,~아래,"The upper part, above",,3,1,surface_duplicate
124,123.0,A,운동,undong,명,noun,運動,"Motion, movement",,1,1,
125,124.0,A,퍼센트,peosenteu,의,noun,percent,Percent,,1,1,
126,125.0,A,학교,hakgyo,명,noun,學校,School,,1,1,
127,126.0,B,자기,jagi,대,pronoun,自己,"Oneself, number one, numerouno, self",,2,1,surface_duplicate
128,127.0,A,가장,gajang,부,adverb,,Most,,2,1,surface_duplicate
129,128.0,B,대통령,daetongryeong,명,noun,大統領,The president,,1,1,
130,129.0,B,가지,gaji,의,noun,한~,One of the kind or a sort,,2,1,surface_duplicate
131,130.0,A,들다,deulda,동,verb,꽃을~,"to hold, to carry; to give",,3,2,surface_duplicate
132,131.0,A,시작하다,sijakhada,동,verb,始作-,"To start,begin",,1,1,
133,132.0,A,바로,baro,부,adverb,,"Right, correctly",,1,1,
134,133.0,A,어느,eoneu,관,attributive,,"Some, a certain",,1,1,
135,134.0,A,그래서,geuraeseo,부,adverb,,And so accordingly,,2,1,surface_duplicate
136,135.0,A,무엇,mueos,대,pronoun,,"That thing,whatever",,1,1,
137,136.0,C,정부,jeongbu,명,noun,政府,Government,,1,1,
138,137.0,A,모든,modeun,관,attributive,,Every one,,1,1,
139,138.0,A,번,beon,의,noun,番,"Number, how many times",,1,1,
140,139.0,A,그거,geugeo,대,pronoun,,That thing,,1,1,
141,140.0,A,돈,don,명,noun,,Money,,1,1,
142,141.0,B,국가,gukga,명,noun,國家,A state or a nation,,1,1,
143,142.0,A,그런데,geureonde,부,adverb,,But or however,,1,1,
144,143.0,A,날,nal,명,noun,어느~,Day,,1,1,
145,144.0,A,여기,yeogi,대,pronoun,,A hobby,,1,1,
146,145.0,A,모두,modu,부,adverb,,Everybody,,2,1,surface_duplicate
147,146.0,B,여성,yeoseong,명,noun,女性,Female,,1,1,
148,147.0,A,동무,dongmu,명,noun,同-,A friend,alternative:  친구 (Hanj: 親舊) a friend,1,1,
149,148.0,A,마음,maeum,명,noun,,Heart,,1,1,
150,149.0,A,후,hu,명,noun,後,After,,1,1,
151,150.0,A,가다,gada,보,auxiliary verb,,To go,,2,2,surface_duplicate
152,151.0,A,놓다,nohda,보,auxiliary verb,,"Put, place",,2,1,surface_duplicate
153,152.0,B,관계,gwangye,명,noun,關係,Connection or relation,,1,1,
154,153.0,A,아버지,abeoji,명,noun,,Father,,1,1,
155,154.0,A,남자,namja,명,noun,男子,Boy,,1,1,
156,155.0,A,어디,eodi,대,pronoun,,Where?,,2,1,surface_duplicate
157,156.0,A,몸,mom,명,noun,,"body,physique",,1,1,
158,157.0,A,얼굴,eolgul,명,noun,,Face,,1,1,
159,158.0,A,들어가다,deureogada,동,verb,,to go into; to enter,,1,1,
160,159.0,A,왜,wae,부,adverb,,Why?,,1,1,
161,160.0,B,나타나다,natanada,동,verb,,"Come out, appear",,1,1,
162,161.0,A,말다,malda,보,auxiliary verb,,Cease,,3,1,surface_duplicate
163,162.0,B,지역,jiyeok,명,noun,地域,"An area, region",,1,1,
164,163.0,A,다르다,dareuda,형,adjective,,Be different,,1,1,
165,164.0,B,모습,moseup,명,noun,,"shape,body",,1,1,
166,165.0,A,물,mul,명,noun,바닷~,Water,,1,1,
167,166.0,A,만나다,mannada,동,verb,,Meet,,1,1,
168,167.0,A,내다,naeda,동,verb,길을~,produce something,,2,1,surface_duplicate
169,168.0,B,보이다,boida,동,verb,보다'의사동사,"to show, to cause to see",,2,2,surface_duplicate
170,169.0,A,쓰다,sseuda,동,verb,글씨를~,To write,,4,1,surface_duplicate
171,170.0,A,이것,igeos,대,pronoun,,This thing,,1,1,
172,171.0,B,없이,eopsi,부,adverb,,Without,,1,1,
173,172.0,A,이번,ibeon,명,noun,-番,This time,,1,1,
174,173.0,A,길,gil,명,noun,도로,Road,,1,1,
175,174.0,A,생활,saenghwal,명,noun,生活,"lifestyle,livelihood",,1,1,
176,175.0,A,쓰다,sseuda,동,verb,약을~,"to use, to take (medicine)",,4,2,surface_duplicate
177,176.0,A,지금,jigeum,명,noun,只今,Now,,2,1,surface_duplicate
178,177.0,B,뿐,ppun,의,noun,,"only,alone,merely",,1,1,
179,178.0,A,사이,sai,명,noun,,space between 2 points; the relationship between 2 people,,1,1,
180,179.0,B,방법,bangbeop,명,noun,方法,"Way, method",,1,1,
181,180.0,C,새롭다,saeropda,형,adjective,,"To be new,novel",,1,1,
182,181.0,A,우리나라,urinara,명,noun,,Korea,,1,1,
183,182.0,A,내다,naeda,보,auxiliary verb,참아~,produce something,,2,2,surface_duplicate
184,183.0,A,앉다,anjda,동,verb,,To sit down,,1,1,
185,184.0,A,처음,cheoeum,명,noun,,First,,1,1,
186,185.0,A,손,son,명,noun,신체의일부,The hand,,1,1,
187,186.0,A,몇,myeocc,관,attributive,,A few,,2,1,surface_duplicate
188,187.0,A,그때,geuttae,명,noun,,Then or at that time,,1,1,
189,188.0,C,과정,gwajeong,명,noun,過程,"Process,  course of events",,2,1,surface_duplicate
190,189.0,C,삶,salm,명,noun,,Life,,1,1,
191,190.0,B,갖다,gajda,동,verb,가지다,"to have, hold, own",,2,1,surface_duplicate
192,191.0,A,찾다,chajda,동,verb,,"seek,look for",,1,1,
193,192.0,B,특히,teukhi,부,adverb,特-,Especially,,1,1,
194,193.0,A,시,si,의,noun,時,Time,,3,1,surface_duplicate
195,194.0,B,이상,isang,명,noun,以上,"More than, above",,3,1,surface_duplicate
196,195.0,A,지금,jigeum,부,adverb,只今,Now,,2,2,surface_duplicate
197,196.0,A,나가다,nagada,동,verb,,To go out,,2,1,surface_duplicate
198,197.0,A,이야기,iyagi,명,noun,,"Conversation, talk",,1,1,
199,198.0,B,교육,gyoyuk,명,noun,敎育,Education,,1,1,
200,199.0,A,사다,sada,동,verb,,"To buy, purchase",,1,1,
201,200.0,B,경제,gyeongje,명,noun,經濟,Economy,,1,1,
202,201.0,A,아직,ajik,부,adverb,,Still,,1,1,
203,202.0,A,잡다,japda,동,verb,,"seize,catch",,1,1,
204,203.0,A,같이,gati,부,adverb,,Together,,1,1,
205,204.0,A,선생님,seonsaengnim,명,noun,先生-,Teacher,,1,1,
206,205.0,B,예술,yesul,명,noun,藝術,"Art, an art",,1,1,
207,206.0,A,서다,seoda,동,verb,,To stand,,1,1,
208,207.0,A,못,mos,부,adverb,,Cannot,,2,1,surface_duplicate
209,208.0,A,역사,yeoksa,명,noun,歷史,History,,1,1,
210,209.0,A,읽다,ilkda,동,verb,,To read,,1,1,
211,210.0,A,이제,ije,부,adverb,,Now,,2,1,surface_duplicate
212,211.0,B,결과,gyeolgwa,명,noun,結果,Result,,1,1,
213,212.0,B,내용,naeyong,명,noun,內容,Contents,,1,1,
214,213.0,A,물론,mullon,부,adverb,勿論,Of course,,2,1,surface_duplicate
215,214.0,A,동안,dongan,명,noun,시간의길이,"interval, period of time",,1,1,
216,215.0,A,책,chaek,명,noun,冊,A book,,1,1,
217,216.0,A,일어나다,ireonada,동,verb,,"To rise, get up",,1,1,
218,217.0,B,당신,dangsin,대,pronoun,當身,Formal you,,1,1,
219,218.0,A,시장,sijang,명,noun,市場,"market,fair",,2,1,surface_duplicate
220,219.0,A,넣다,neohda,동,verb,,"Put in, set in",,1,1,
221,220.0,A,중요하다,jungyohada,형,adjective,重要-,"To be important,weighty",,1,1,
222,221.0,A,무슨,museun,관,attributive,,"What, what kind of",,1,1,
223,222.0,B,느끼다,neukkida,동,verb,추위를~,To feel,,1,1,
224,223.0,A,어렵다,eoryeopda,형,adjective,,"To be hard, difficult",,1,1,
225,224.0,A,힘,him,명,noun,,Power,,1,1,
226,225.0,A,너무,neomu,부,adverb,,Too much,,1,1,
227,226.0,A,나라,nara,명,noun,,A country,,1,1,
228,227.0,A,부르다,bureuda,동,verb,이름을~,To call,,2,1,surface_duplicate
229,228.0,B,의미,uimi,명,noun,意味,"A meaning, a sense",,1,1,
230,229.0,A,자리,jari,명,noun,~가없다,"seat,spot",,2,1,surface_duplicate
231,230.0,B,밝히다,balkhida,동,verb,,To light up,,1,1,
232,231.0,A,죽다,jukda,동,verb,굶어~,"die,pass away",,2,1,surface_duplicate
233,232.0,B,이미,imi,부,adverb,,Already,,1,1,
234,233.0,A,쪽,jjok,의,noun,방향,"Way, direction",,3,1,surface_duplicate
235,234.0,B,정치,jeongchi,명,noun,政治,Politics,,1,1,
236,235.0,B,국민,gukmin,명,noun,國民,The people or a nationality,,1,1,
237,236.0,C,생명,saengmyeong,명,noun,生命,Life,,1,1,
238,237.0,A,얘기,yaegi,명,noun,이야기,Story,,1,1,
239,238.0,A,학생,haksaeng,명,noun,學生,Student,,1,1,
240,239.0,B,연구,yeongu,명,noun,硏究,Research,,1,1,
241,240.0,A,엄마,eomma,명,noun,,Mamma,,1,1,
242,241.0,A,이름,ireum,명,noun,,Name,,1,1,
243,242.0,A,하나,hana,명,noun,,One,,2,2,surface_duplicate
244,243.0,A,내리다,naerida,동,verb,눈이~,Descend,,1,1,
245,244.0,C,사건,sageon,명,noun,事件,"An event,incident",,1,1,
246,245.0,B,및,micc,부,adverb,,As well as,,1,1,
247,246.0,A,쉽다,swipda,형,adjective,,To be easy,,1,1,
248,247.0,B,짓다,jisda,동,verb,,"To make, build ; to form a line (a group)",,1,1,
249,248.0,B,또한,ttohan,부,adverb,,"also, too, furthermore",,1,1,
250,249.0,B,이유,iyu,명,noun,理由,Reason,,1,1,
251,250.0,B,또는,ttoneun,부,adverb,,if not; alternatively,,1,1,
252,251.0,A,필요하다,piryohada,형,adjective,必要-,To need,,1,1,
253,252.0,B,글,geul,명,noun,,"words, a verse",,1,1,
254,253.0,A,생기다,saenggida,동,verb,,"arise,occur,happen",,1,1,
255,254.0,A,사용하다,sayonghada,동,verb,使用-,To use,,1,1,
256,255.0,A,남편,nampyeon,명,noun,男便,Husband,,1,1,
257,256.0,A,들어오다,deureooda,동,verb,,"to enter, to come in",,1,1,
258,257.0,A,밖,bakk,명,noun,,The outside,,1,1,
259,258.0,B,세상,sesang,명,noun,世上,"The world,society",,1,1,
260,259.0,A,작다,jakda,형,adjective,,Small,,1,1,
261,260.0,A,타다,tada,동,verb,버스에~,Ride (bus),,4,1,surface_duplicate
262,261.0,A,대학,daehak,명,noun,大學,University,,1,1,
263,262.0,C,작품,jakpum,명,noun,作品,A work of art,,1,1,
264,263.0,C,상황,sanghwang,명,noun,狀況,State of things,,1,1,
265,264.0,A,가운데,gaunde,명,noun,,In the middle,,1,1,
266,265.0,A,보내다,bonaeda,동,verb,,Send,,1,1,
267,266.0,B,두다,duda,동,verb,,"To put, to leave behind, to preseive",,2,1,surface_duplicate
268,267.0,B,즉,jeuk,부,adverb,卽,"namely,that is to say",,1,1,
269,268.0,C,따라서,ttaraseo,부,adverb,,therefore; in accordance with,,1,1,
270,269.0,C,상태,sangtae,명,noun,狀態,"condition,state",,1,1,
271,270.0,B,이후,ihu,명,noun,以後,After that,,1,1,
272,271.0,C,당시,dangsi,명,noun,當時,At that time,,1,1,
273,272.0,B,문학,munhak,명,noun,文學,Literature,,1,1,
274,273.0,C,더욱,deouk,부,adverb,,More and more,,1,1,
275,274.0,A,아주,aju,부,adverb,,Extremely,,1,1,
276,275.0,B,지방,jibang,명,noun,地方,"A locality, district",,2,1,surface_duplicate
277,276.0,A,밤,bam,명,noun,어두운때,Night,,2,1,surface_duplicate
278,277.0,A,높다,nopda,형,adjective,,High,,1,1,
279,278.0,B,최근,choegeun,명,noun,最近,Recently,,1,1,
280,279.0,C,채,chae,의,noun,옷을입은~로,"As it is, no change",,3,1,surface_duplicate
281,280.0,C,현실,hyeonsil,명,noun,現實,"Actuality, reality",,1,1,
282,281.0,B,환경,hwangyeong,명,noun,環境,Environment,,1,1,
283,282.0,A,컴퓨터,keompyuteo,명,noun,computer,Computer,,1,1,
284,283.0,A,먼저,meonjeo,부,adverb,,First,,1,1,
285,284.0,A,다니다,danida,동,verb,,Go to and from a aplace,,1,1,
286,285.0,A,얼마나,eolmana,부,adverb,,"How many, how much",,1,1,
287,286.0,B,자체,jache,명,noun,自體,one’s own body,,1,1,
288,287.0,A,열다,yeolda,동,verb,문을~,Open,,1,1,
289,288.0,A,머리,meori,명,noun,,Head,,1,1,
290,289.0,A,묻다,mutda,동,verb,길을~,to Ask,,3,1,surface_duplicate
291,290.0,B,남다,namda,동,verb,,"Remain, be left over",,1,1,
292,291.0,B,부분,bubun,명,noun,部分,"part,portion",,1,1,
293,292.0,C,기업,gieop,명,noun,企業,An enterprise or business,,1,1,
294,293.0,A,거기,geogi,대,pronoun,,There (location),,1,1,
295,294.0,B,변화,byeonhwa,명,noun,變化,"Change, transformation",,1,1,
296,295.0,A,아들,adeul,명,noun,,"son,baby",,1,1,
297,296.0,B,뜻,tteus,명,noun,,meaning; sense,,1,1,
298,297.0,A,아,a,감,interjection,,Oh dear,,1,1,
299,298.0,A,기다리다,gidarida,동,verb,,To wait,,1,1,
300,299.0,B,떨어지다,tteoreojida,동,verb,,to fall; tumble; drop,,1,1,
301,300.0,C,선거,seongeo,명,noun,選擧,An election,,1,1,
302,301.0,B,관하다,gwanhada,동,verb,關-,Refer to or be about,,1,1,
303,302.0,A,분,bun,의,noun,10시20~; 分,Minutes,,2,1,surface_duplicate
304,303.0,B,그냥,geunyang,부,adverb,,Just because or in that condition,,1,1,
305,304.0,B,나누다,nanuda,동,verb,,To divide,,1,1,
306,305.0,B,이용하다,iyonghada,동,verb,利用-,"To use, make use of",,1,1,
307,306.0,B,거의,geoui,부,adverb,,Almost or nearly,,1,1,
308,307.0,A,곧,got,부,adverb,,Soon,,1,1,
309,308.0,B,중심,jungsim,명,noun,中心,"The nucleus, the focus, the heart",,1,1,
310,309.0,B,활동,hwaldong,명,noun,活動,Activity,,1,1,
311,310.0,A,오늘,oneul,명,noun,,Today,,2,1,surface_duplicate
312,311.0,A,서로,seoro,부,adverb,,"mutually,one another",,2,1,surface_duplicate
313,312.0,B,관심,gwansim,명,noun,關心,Concern or interest,,1,1,
314,313.0,B,역시,yeoksi,부,adverb,亦是,"As expected, likewise",,1,1,
315,314.0,A,이거,igeo,대,pronoun,,This thing,,1,1,
316,315.0,B,애,ae,명,noun,아이,"A baby, or a slightly derogative word for person",,2,1,surface_duplicate
317,316.0,B,광고,gwanggo,명,noun,廣告,Advertisement,,1,1,
318,317.0,B,나다,nada,보,auxiliary verb,,To be born,,2,2,surface_duplicate
319,318.0,A,방,bang,명,noun,房,A room,,1,1,
320,319.0,B,정신,jeongsin,명,noun,精神,"mind,spirit",,1,1,
321,320.0,B,이르다,ireuda,동,verb,도착하다,"To reach, arrive, get at",,3,1,surface_duplicate
322,321.0,B,땅,ttang,명,noun,,"earth, land, soil",,1,1,
323,322.0,B,이루다,iruda,동,verb,,"Accomplish, complete",,1,1,
324,323.0,A,아침,achim,명,noun,,Morning,,1,1,
325,324.0,A,웃다,usda,동,verb,,"To laugh, smile",,1,1,
326,325.0,C,현상,hyeonsang,명,noun,現象,"The present situation, state",,1,1,
327,326.0,B,두다,duda,보,auxiliary verb,,"To put, to leave behind, to preseive",,2,2,surface_duplicate
328,327.0,A,떠나다,tteonada,동,verb,,"to leave, to exit",,1,1,
329,328.0,B,기술,gisul,명,noun,技術,Art or technique or ability,,1,1,
330,329.0,B,전체,jeonche,명,noun,全體,"The whole, the entire section",,1,1,
331,330.0,A,그래,geurae,감,interjection,,So or yes or that’s right,,2,1,surface_duplicate
332,331.0,B,얻다,eotda,동,verb,,"Get, obtain",,1,1,
333,332.0,A,아름답다,areumdapda,형,adjective,,To be beautiful,,1,1,
334,333.0,A,끝,kkeut,명,noun,,The end,,1,1,
335,334.0,B,민족,minjok,명,noun,民族,"race,nation,people",,1,1,
336,335.0,B,간,gan,의,noun,間.서울과부산~,The interval between,,3,1,surface_duplicate
337,336.0,B,조사,josa,명,noun,調査,"investigation,inquiry",,1,1,
338,337.0,C,듯,deus,의,noun,,To be like something,,1,1,
339,338.0,A,입,ip,명,noun,,Mouth,,1,1,
340,339.0,A,뭐,mwo,감,interjection,,Huh? (2) something,,2,2,surface_duplicate
341,340.0,B,그대로,geudaero,부,adverb,,Like that,,1,1,
342,341.0,A,영화,yeonghwa,명,noun,映畵,A movie,,1,1,
343,342.0,A,필요,piryo,명,noun,必要,"Need, requirement,necessity",,1,1,
344,343.0,B,줄,jul,의,noun,방법,"way,method",,2,1,surface_duplicate
345,344.0,A,하늘,haneul,명,noun,,The sky,,1,1,
346,345.0,B,년대,nyeondae,의,noun,年代,Year,,1,1,
347,346.0,B,과학,gwahak,명,noun,科學,Science,,1,1,
348,347.0,C,듯하다,deushada,보,auxiliary verb,,to be regarded as; to appear to be,,1,1,
349,348.0,B,자연,jayeon,명,noun,自然,Nature,,1,1,
350,349.0,A,정말,jeongmal,부,adverb,正-,true or genuine; Really,,3,1,surface_duplicate
351,350.0,C,구조,gujo,명,noun,構造,Construction or structure,,1,1,
352,352.0,B,결국,gyeolguk,명,noun,結局,After all or in the end,,1,1,
353,353.0,A,밥,bap,명,noun,~을먹다,"Rice, a meal",,1,1,
354,354.0,A,입다,ipda,동,verb,옷을~,To wear,,1,1,
355,355.0,C,오히려,ohiryeo,부,adverb,,"Rather,preferably",,1,1,
356,356.0,B,프로그램,peurogeuraem,명,noun,program,Program,,1,1,
357,357.0,A,네,ne,감,interjection,,Yes,,2,1,surface_duplicate
358,359.0,B,이루어지다,irueojida,동,verb,,"Get accomplished, achieved",,1,1,
359,360.0,C,남,nam,명,noun,,"Others, other people",,3,1,surface_duplicate
360,361.0,B,하루,haru,명,noun,,A day,,1,1,
361,362.0,A,그림,geurim,명,noun,,A picture,,1,1,
362,363.0,B,적,jeok,의,noun,,"The time,the occasion,when",,2,1,surface_duplicate
363,364.0,B,터,teo,의,noun,,"one’s status, one’s lot",,2,1,surface_duplicate
364,365.0,A,마시다,masida,동,verb,,To drink,,1,1,
365,366.0,A,치다,chida,동,verb,얼굴을~,"to attack, assault",,4,1,surface_duplicate
366,367.0,A,혼자,honja,명,noun,,Alone,,1,1,
367,368.0,A,나가다,nagada,보,auxiliary verb,,To go out,,2,2,surface_duplicate
368,370.0,A,이제,ije,명,noun,,Now,,2,2,surface_duplicate
369,371.0,A,교수,gyosu,명,noun,敎授,Teaching or instruction,,1,1,
370,372.0,A,술,sul,명,noun,~을먹다,Alcohol,,2,1,surface_duplicate
371,373.0,A,사랑,sarang,명,noun,,Love,,1,1,
372,374.0,C,의식,uisik,명,noun,意識,consciousness; awareness,,2,1,surface_duplicate
373,375.0,A,전화,jeonhwa,명,noun,電話,Telephone,,1,1,
374,376.0,A,끝나다,kkeutnada,동,verb,,To draw to a close or to end,,1,1,
375,377.0,A,돌아오다,doraoda,동,verb,,"to return, to come back",,1,1,
376,378.0,B,맞다,majda,동,verb,답이~,"Be right, correct; to match, be fitting for",,3,1,surface_duplicate
377,379.0,A,아빠,appa,명,noun,,Dad,,1,1,
378,380.0,B,걸리다,geollida,동,verb,걸다'의피동사,To be hung up or suspended,,1,1,
379,381.0,B,지키다,jikida,동,verb,,"Protect, maintain",,1,1,
380,382.0,A,한번,hanbeon,명,noun,-番,Once,,1,1,
381,383.0,A,커피,keopi,명,noun,coffee,Coffee,,1,1,
382,384.0,A,가슴,gaseum,명,noun,,Chest,,1,1,
383,386.0,A,길다,gilda,형,adjective,밤이~,To be long,,1,1,
384,387.0,B,바라보다,baraboda,동,verb,,"Look at, watch ; to look forward to, hope for",,1,1,
385,388.0,C,알아보다,araboda,동,verb,,"To investigate, examine, search",,1,1,
386,389.0,A,회사,hoesa,명,noun,會社,A company,,1,1,
387,390.0,A,맛,mas,명,noun,,Flavor,,1,1,
388,391.0,B,대부분,daebubun,명,noun,大部分,Most,,1,1,
389,392.0,C,산업,saneop,명,noun,産業,Industry,,1,1,
390,393.0,A,매우,maeu,부,adverb,,Very,,1,1,
391,394.0,A,오르다,oreuda,동,verb,,"Go up, climb, ascend",,1,1,
392,395.0,A,음식,eumsik,명,noun,飮食,Food,,1,1,
393,396.0,B,표정,pyojeong,명,noun,表情,"Facial expression, look",,1,1,
394,397.0,A,꼭,kkok,부,adverb,반드시,For sure,,2,1,surface_duplicate
395,398.0,B,일부,ilbu,명,noun,一部,"A part, a portion",,1,1,
396,399.0,A,요즘,yojeum,명,noun,,"Recently, nowadays",,1,1,
397,400.0,A,계획,gyehoek,명,noun,計劃,A plan or a project,,1,1,
398,401.0,B,느낌,neukkim,명,noun,,"Touch, feel",,1,1,
399,402.0,A,얼마,eolma,명,noun,,"How many, how much",,1,1,
400,403.0,B,고개,gogae,명,noun,~를돌리다,head; nape of the neck,,2,1,surface_duplicate
401,404.0,B,성격,seonggyeok,명,noun,性格,"Personality ; character, nature",,1,1,
402,405.0,A,계속,gyesok,부,adverb,繼續,Continuously,,1,1,
403,406.0,B,세기,segi,명,noun,世紀,Century,,1,1,
404,407.0,B,세우다,seuda,동,verb,,"Stand up, erect",,1,1,
405,408.0,A,아내,anae,명,noun,,Wife,,1,1,
406,409.0,A,가족,gajok,명,noun,家族,Family,,1,1,
407,411.0,B,현재,hyeonjae,부,adverb,現在,"The present time, now, at present",,2,1,surface_duplicate
408,413.0,A,세,se,관,attributive,~권,Three,,3,1,surface_duplicate
409,415.0,A,놓다,nohda,동,verb,,"Put, place",,2,2,surface_duplicate
410,416.0,B,발전,baljeon,명,noun,發展,Development,,2,1,surface_duplicate
411,417.0,A,차,cha,명,noun,車,"A vehicle, train/auto car",,4,1,surface_duplicate
412,418.0,A,놀다,nolda,동,verb,,"Play, amuse oneself",,1,1,
413,419.0,B,향하다,hyanghada,동,verb,向-,"To face, look out on",,1,1,
414,420.0,B,관련,gwanryeon,명,noun,關聯,Relation or connection or reference,,1,1,
415,421.0,C,형태,hyeongtae,명,noun,形態,"Form, shape",,1,1,
416,422.0,B,각,gak,관,attributive,各,Each or every,,1,1,
417,423.0,A,도시,dosi,명,noun,都市,City,,1,1,
418,424.0,C,작업,jageop,명,noun,作業,Work,,1,1,
419,425.0,B,분위기,bunwigi,명,noun,雰圍氣,"atmosphere,surroundings",,1,1,
420,426.0,B,그러하다,geureohada,형,adjective,,To be so or right,,1,1,
421,427.0,B,자기,jagi,명,noun,自己,"Oneself, number one, numerouno, self",,2,2,surface_duplicate
422,429.0,A,나이,nai,명,noun,,Age,,1,1,
423,430.0,B,우선,useon,부,adverb,于先,"First of all, before everything",,1,1,
424,431.0,B,믿다,mitda,동,verb,,Believe,,1,1,
425,432.0,A,바꾸다,bakkuda,동,verb,,"change,exchange",,1,1,
426,433.0,B,낳다,nahda,동,verb,,To give birth,,1,1,
427,434.0,C,바,ba,의,noun,,"A thing, what",,2,1,surface_duplicate
428,435.0,B,정보,jeongbo,명,noun,情報,"information,intelligence",,1,1,
429,436.0,B,열리다,yeollida,동,verb,문이~,"Open, be opened, be unlocked",,2,1,surface_duplicate
430,438.0,A,좋아하다,johahada,동,verb,,"To like, be fond of",,1,1,
431,439.0,A,그리다,geurida,동,verb,그림을~,Picture or draw a picture,,1,1,
432,440.0,B,만큼,mankeum,의,noun,,Of that amount,,1,1,
433,441.0,A,배우다,baeuda,동,verb,,To learn,,1,1,
434,442.0,C,시,si,명,noun,詩,"poem, poetry",,3,2,surface_duplicate
435,443.0,B,역할,yeokhal,명,noun,役割,"A part, a role",,1,1,
436,444.0,A,옆,yeop,명,noun,,Next to,,1,1,
437,445.0,B,행동,haengdong,명,noun,行動,"Action, behavior",,1,1,
438,446.0,A,어,eo,감,interjection,,"Oh, well, why",,1,1,
439,447.0,B,국내,guknae,명,noun,國內,Inside the country,,1,1,
440,448.0,C,비하다,bihada,동,verb,比-,Compare to,,1,1,
441,449.0,C,기관,gigwan,명,noun,機關,An engine or a machine,,1,1,
442,450.0,C,입장,ipjang,명,noun,立場,"A position, situation",,1,1,
443,451.0,C,만하다,manhada,보,auxiliary verb,,Be of the extent of,,1,1,
444,452.0,B,예,ye,명,noun,例,Example,,3,1,surface_duplicate
445,453.0,A,아래,arae,명,noun,,"The bottom, the lower part",,1,1,
446,454.0,C,방식,bangsik,명,noun,方式,"A form, method, process",,1,1,
447,455.0,C,영향,yeonghyang,명,noun,影響,"Influence, consequences",,1,1,
448,457.0,A,그럼,geureom,부,adverb,그러면'의준말,Certainly or of course.,,2,1,surface_duplicate
449,458.0,B,나서다,naseoda,동,verb,,"Come out, come forth",,1,1,
450,459.0,B,흐르다,heureuda,동,verb,,"Flow, stream",,1,1,
451,460.0,A,저,jeo,관,attributive,멀리있는대상,That,,4,2,surface_duplicate
452,461.0,B,깊다,gipda,형,adjective,,Deep,,1,1,
453,462.0,A,배,bae,명,noun,~를띄우다,A boat (boating),,4,1,surface_duplicate
454,463.0,C,내,nae,의,noun,內,Inside,,1,1,
455,464.0,B,모양,moyang,명,noun,模樣,"A shape, form",,2,1,surface_duplicate
456,465.0,A,산,san,명,noun,山,A mountain,,1,1,
457,466.0,A,새,sae,관,attributive,,New,,3,1,surface_duplicate
458,467.0,A,하지만,hajiman,부,adverb,,"But, nevertheless",,1,1,
459,468.0,B,조건,jogeon,명,noun,條件,"condition,stipulation",,1,1,
460,469.0,A,문,mun,명,noun,門,Door,,1,1,
461,470.0,A,꽃,kkocc,명,noun,,Flower,,1,1,
462,471.0,C,단계,dangye,명,noun,段階,"A step, phase",,1,1,
463,472.0,C,올리다,ollida,동,verb,,"Raise, lift up",,1,1,
464,473.0,A,그동안,geudongan,명,noun,,During that time,,1,1,
465,474.0,C,교사,gyosa,명,noun,敎師,Instructor,,1,1,
466,475.0,A,갑자기,gapjagi,부,adverb,,Suddenly,,1,1,
467,476.0,B,넘다,neomda,동,verb,,Cross or go across,,1,1,
468,477.0,C,지니다,jinida,동,verb,,"Carry with, hold, possess",,1,1,
469,478.0,A,바람,baram,명,noun,~이불다,Wind,,3,1,surface_duplicate
470,479.0,A,잘하다,jalhada,동,verb,,To do well,,1,1,
471,480.0,B,마을,maeul,명,noun,,Town,,1,1,
472,481.0,B,어리다,eorida,형,adjective,나이가적다,"To be very young, juvenile",,2,1,surface_duplicate
473,482.0,B,대표,daepyo,명,noun,代表,Representative,,1,1,
474,483.0,B,가능성,ganeungseong,명,noun,可能性,Possibility,,1,1,
475,484.0,B,방향,banghyang,명,noun,方向,Direction,,1,1,
476,485.0,B,대회,daehoe,명,noun,大會,A great meeting,,1,1,
477,486.0,B,목소리,moksori,명,noun,,Voice,,1,1,
478,487.0,A,노래,norae,명,noun,,Song,,1,1,
479,488.0,A,바다,bada,명,noun,,Sea,,1,1,
480,489.0,A,힘들다,himdeulda,형,adjective,,"To be hard, difficult",,1,1,
481,490.0,A,공부,gongbu,명,noun,工夫,Study,,1,1,
482,491.0,B,움직이다,umjigida,동,verb,,"To move, stir",,1,1,
483,492.0,C,의원,uiwon,명,noun,議員,A member,,1,1,
484,494.0,B,노력,noryeok,명,noun,努力,Effort,,1,1,
485,495.0,A,못하다,moshada,동,verb,,Be impossible,,3,2,surface_duplicate
486,496.0,B,전혀,jeonhyeo,부,adverb,全-,"entirely,utterly,completely",,1,1,
487,497.0,A,언니,eonni,명,noun,,Older sister,,1,1,
488,498.0,B,단체,danche,명,noun,團體,"A corps, a group",,1,1,
489,499.0,A,분,bun,의,noun,한~,Minutes,,2,2,surface_duplicate
490,500.0,B,알려지다,allyeojida,동,verb,,To become known,,1,1,
491,501.0,B,가능하다,ganeunghada,형,adjective,可能-,To be possible,,1,1,
492,502.0,B,능력,neungryeok,명,noun,能力,"Ability, capability, how much and how well",,1,1,
493,503.0,B,주장하다,jujanghada,동,verb,主張-,"To assert,maintain",,1,1,
494,504.0,B,자식,jasik,명,noun,子息,one’s children,,1,1,
495,505.0,B,돌리다,dollida,동,verb,팽이를~,"to turn (e.g. A clock), to spin",,1,1,
496,506.0,A,불,bul,명,noun,,Fire,,1,1,
497,507.0,C,주민,jumin,명,noun,住民,"inhabitants,dwellers",,1,1,
498,508.0,B,모으다,moeuda,동,verb,,"gather,get together",,1,1,
499,509.0,B,자료,jaryo,명,noun,資料,"materials,data",,1,1,
500,510.0,C,존재,jonjae,명,noun,存在,Existence,,1,1,
501,512.0,A,학년,haknyeon,명,noun,學年,A school year,,1,1,
502,513.0,A,신문,sinmun,명,noun,新聞,A newspaper,,1,1,
503,514.0,A,가지다,gajida,보,auxiliary verb,,To have or take or hold,,2,2,surface_duplicate
504,515.0,A,이해하다,ihaehada,동,verb,理解-,To understand,,1,1,
505,516.0,B,제품,jepum,명,noun,製品,Manufactured goods,,1,1,
506,517.0,C,분야,bunya,명,noun,分野,Field,,1,1,
507,518.0,A,선생,seonsaeng,명,noun,先生,Teacher,,1,1,
508,519.0,A,돌아가다,doragada,동,verb,,"to return, to go back",,1,1,
509,520.0,B,사업,saeop,명,noun,事業,Business,,1,1,
510,521.0,C,행위,haengwi,명,noun,行爲,"An act, deed, behavior",,1,1,
511,522.0,C,수준,sujun,명,noun,水準,Level,,1,1,
512,523.0,B,지난해,jinanhae,명,noun,,Last year,,1,1,
513,524.0,B,표현,pyohyeon,명,noun,表現,"Verbal expression, representation, manifestation",,1,1,
514,525.0,A,기분,gibun,명,noun,氣分,Mood,,1,1,
515,527.0,C,대,dae,의,noun,代,generation; replacement,,5,1,surface_duplicate
516,528.0,B,젊다,jeolmda,형,adjective,,"To be young,youthful",,1,1,
517,529.0,B,동시,dongsi,명,noun,同時,the same time; concurrently,,1,1,
518,530.0,A,옷,os,명,noun,,Clothes,,1,1,
519,531.0,C,기능,gineung,명,noun,機能,Function or functionality,,2,1,surface_duplicate
520,532.0,B,순간,sungan,명,noun,瞬間,"A moment,a second",,1,1,
521,533.0,B,전쟁,jeonjaeng,명,noun,戰爭,War,,1,1,
522,534.0,A,전,jeon,관,attributive,前,Before,,3,2,surface_duplicate
523,535.0,A,꿈,kkum,명,noun,,A Dream,,1,1,
524,536.0,A,할머니,halmeoni,명,noun,,Grandmother,,1,1,
525,537.0,A,회의,hoeui,명,noun,會議,"A meeting, a conference",,2,1,surface_duplicate
526,538.0,B,방송,bangsong,명,noun,放送,Broadcast,,1,1,
527,539.0,A,이야기하다,iyagihada,동,verb,,To talk,,1,1,
528,540.0,A,나무,namu,명,noun,,Tree,,1,1,
529,541.0,A,자다,jada,동,verb,,To sleep,,1,1,
530,543.0,C,연극,yeongeuk,명,noun,演劇,"drama,a play",,1,1,
531,544.0,A,오늘,oneul,부,adverb,,Today,,2,2,surface_duplicate
532,545.0,B,마찬가지,machangaji,명,noun,,The same,,1,1,
533,546.0,A,걷다,geotda,동,verb,느릿느릿~,To walk,,3,1,surface_duplicate
534,547.0,C,노동,nodong,명,noun,勞動,"Labor, work",,1,1,
535,548.0,A,이때,ittae,명,noun,,"At this time, moment",,1,1,
536,549.0,B,과거,gwageo,명,noun,過去,The past,,2,1,surface_duplicate
537,550.0,C,가치,gachi,명,noun,價値,Price,,1,1,
538,551.0,A,시간,sigan,의,noun,時間,Time,,2,2,surface_duplicate
539,552.0,C,집단,jipdan,명,noun,集團,"A group, a collective body",,1,1,
540,553.0,B,현대,hyeondae,명,noun,現代,"The present age, times",,1,1,
541,555.0,B,살펴보다,salpyeoboda,동,verb,,Watch closely,,1,1,
542,556.0,C,장관,janggwan,명,noun,長官,A government cabinet minister,,1,1,
543,557.0,B,차이,chai,명,noun,差異,"difference,disparity",,1,1,
544,558.0,B,풀다,pulda,동,verb,,"Untie, loosen ; to melt into",,1,1,
545,559.0,B,시절,sijeol,명,noun,時節,"season,time,occasion",,1,1,
546,560.0,A,물건,mulgeon,명,noun,物件,A thing,,1,1,
547,561.0,B,직접,jikjeop,부,adverb,直接,Directly,,2,1,surface_duplicate
548,562.0,B,개인,gaein,명,noun,個人,Private or individual,,1,1,
549,563.0,B,근데,geunde,부,adverb,그런데,But or however,,1,1,
550,564.0,A,발,bal,명,noun,신체의일부,Foot,,1,1,
551,565.0,B,작가,jakga,명,noun,作家,"writer,author",,1,1,
552,566.0,B,효과,hyogwa,명,noun,效果,"Effect, effectiveness",,1,1,
553,567.0,B,불교,bulgyo,명,noun,佛敎,Buddhism,,1,1,
554,568.0,B,끌다,kkeulda,동,verb,,Pull,,1,1,
555,569.0,C,대로,daero,의,noun,,"Like, according to",,1,1,
556,572.0,A,빨리,ppalli,부,adverb,,Quickly,,1,1,
557,573.0,A,시작되다,sijakdoeda,동,verb,始作-,"To begin,start",,1,1,
558,575.0,A,둘,dul,수,numeral,,two (with counters),,1,1,
559,576.0,A,말다,malda,동,verb,그만두다,Cease,,3,2,surface_duplicate
560,577.0,A,설명하다,seolmyeonghada,동,verb,說明-,To explain,,1,1,
561,578.0,C,우주,uju,명,noun,宇宙,The universe,,1,1,
562,579.0,C,시기,sigi,명,noun,時機,"An opportunity,chance",,2,1,surface_duplicate
563,580.0,B,마치,machi,부,adverb,,"As though, as if",,1,1,
564,581.0,A,살,sal,의,noun,한~,Years old,,2,1,surface_duplicate
565,582.0,C,생산,saengsan,명,noun,生産,1) production 2)birth,,1,1,
566,583.0,B,바라다,barada,동,verb,,"Wish, hope",,1,1,
567,584.0,B,강하다,ganghada,형,adjective,强-,To be strong or powerful,,1,1,
568,585.0,B,경험,gyeongheom,명,noun,經驗,Experience or undergo or suffer,,1,1,
569,586.0,A,음악,eumak,명,noun,音樂,Music,,1,1,
570,587.0,B,최고,choego,명,noun,最高,The best,,1,1,
571,588.0,B,나타내다,natanaeda,동,verb,,"Show, display",,1,1,
572,589.0,A,아프다,apeuda,형,adjective,,To hurt,,1,1,
573,590.0,A,적다,jeokda,형,adjective,경험이~,"To be small, few in number",,2,1,surface_duplicate
574,592.0,A,비,bi,명,noun,~가내리다,Rain,,2,1,surface_duplicate
575,593.0,A,고향,gohyang,명,noun,故鄕,Hometown,,1,1,
576,594.0,A,놀라다,nollada,동,verb,,Be surprised,,1,1,
577,595.0,B,다양하다,dayanghada,형,adjective,多樣-,"To be various, diverse",,1,1,
578,596.0,A,울다,ulda,동,verb,울음을~,"To cry, weep",,1,1,
579,597.0,C,농민,nongmin,명,noun,農民,A farmer,,1,1,
580,598.0,C,드러나다,deureonada,동,verb,,"to appear, to become manifest",,1,1,
581,599.0,A,은행,eunhaeng,명,noun,銀行,A bank,,1,1,
582,600.0,A,지내다,jinaeda,동,verb,,"To pass, spend time",,1,1,
583,601.0,A,결혼,gyeolhon,명,noun,結婚,Marriage,,1,1,
584,602.0,A,동생,dongsaeng,명,noun,同生,younger sibling,,1,1,
585,603.0,B,법,beop,명,noun,法,"A law, the law",,2,1,surface_duplicate
586,604.0,B,소설,soseol,명,noun,小說,"A novel, fiction story",,1,1,
587,605.0,A,예,ye,감,interjection,,Example,,3,2,surface_duplicate
588,606.0,A,오후,ohu,명,noun,午後,The afternoon,,1,1,
589,607.0,B,질서,jilseo,명,noun,秩序,"Order, system",,1,1,
590,609.0,B,담다,damda,동,verb,넣다,Put in a bottle,,1,1,
591,610.0,B,모이다,moida,동,verb,,"Meet, assemble",,1,1,
592,611.0,B,시민,simin,명,noun,市民,Residents of a city,,1,1,
593,612.0,B,회장,hoejang,명,noun,會長,"Chariman, the president",,1,1,
594,613.0,A,빠르다,ppareuda,형,adjective,,"Be fast, quick",,1,1,
595,614.0,B,스스로,seuseuro,부,adverb,,"On its own, of its own free will",,2,1,surface_duplicate
596,615.0,A,아기,agi,명,noun,,"baby,infant",,1,1,
597,616.0,A,아저씨,ajeossi,명,noun,,"Sir, calling an unknown male",,1,1,
598,617.0,A,옛날,yesnal,명,noun,,"Ancient times, antiquity",,1,1,
599,618.0,B,이날,inal,명,noun,,"Today, this day",,1,1,
600,619.0,B,제대로,jedaero,부,adverb,,As properly is suitable,,1,1,
601,620.0,A,달,dal,의,noun,,The moon,,2,1,surface_duplicate
602,621.0,B,던지다,deonjida,동,verb,,To throw,,1,1,
603,622.0,A,참,cham,부,adverb,참으로,"really,truly",,3,1,surface_duplicate
604,623.0,B,공간,gonggan,명,noun,空間,Space or room,,1,1,
605,624.0,A,이곳,igos,대,pronoun,,"This place, here",,1,1,
606,625.0,A,딸,ttal,명,noun,,daughter (female child),,1,1,
607,626.0,A,마지막,majimak,명,noun,,"Last, final",,1,1,
608,627.0,B,벌이다,beorida,동,verb,,(1) to plan to start a job/project (2) to play a table game,,1,1,
609,628.0,A,병원,byeongwon,명,noun,病院,Hospital,,1,1,
610,630.0,C,자세,jase,명,noun,姿勢,"Position, posture",,1,1,
611,631.0,B,강조하다,gangjohada,동,verb,强調-,Place empasis upon,,1,1,
612,632.0,A,경찰,gyeongchal,명,noun,警察,The police,,1,1,
613,633.0,B,맡다,matda,동,verb,담임을~,Take charge of,,2,1,surface_duplicate
614,634.0,A,저녁,jeonyeok,명,noun,,Evening,,1,1,
615,635.0,B,한편,hanpyeon,부,adverb,-便,"One side, one way; on the other hand, while",,2,1,surface_duplicate
616,636.0,A,그러면,geureomyeon,부,adverb,,If so or if that is the case,,1,1,
617,637.0,B,기자,gija,명,noun,記者,A journalist,,1,1,
618,638.0,A,넓다,neolpda,형,adjective,,Broad,,1,1,
619,639.0,A,시험,siheom,명,noun,試驗,A test,,1,1,
620,640.0,A,잠,jam,명,noun,,Sleep,,1,1,
621,641.0,B,주로,juro,부,adverb,主-,"principally,mainly",,1,1,
622,642.0,B,훨씬,hwolssin,부,adverb,,"By far, very much so",,1,1,
623,643.0,C,면,myeon,명,noun,面.양쪽~,Side,,3,1,surface_duplicate
624,645.0,B,통일,tongil,명,noun,統一,Unification,,1,1,
625,646.0,B,들어서다,deureoseoda,동,verb,,"to enter, to take up a position, to occupy",,1,1,
626,647.0,A,건강,geongang,명,noun,健康,Health,,1,1,
627,648.0,A,가깝다,gakkapda,형,adjective,,Close,,1,1,
628,649.0,A,건물,geonmul,명,noun,建物,Building,,1,1,
629,650.0,B,시설,siseol,명,noun,施設,"establishment,institution",,1,1,
630,651.0,A,외국,oeguk,명,noun,外國,A foreign country,,1,1,
631,652.0,A,밑,mit,명,noun,,The bottom,,1,1,
632,653.0,A,어른,eoreun,명,noun,,"A man, an adult",,1,1,
633,654.0,B,주변,jubyeon,명,noun,周邊,A circumference,,1,1,
634,655.0,B,대신,daesin,명,noun,代身,Instead of,,1,1,
635,656.0,C,원인,wonin,명,noun,原因,"A cause,a factor",,1,1,
636,657.0,A,팔다,palda,동,verb,,To sell,,1,1,
637,658.0,B,차례,charye,명,noun,次例,"(1) order,precedence (2) one time, one round",,1,1,
638,659.0,B,군,gun,명,noun,軍,An army,,3,1,surface_duplicate
639,660.0,A,열심히,yeolsimhi,부,adverb,熱心-,"Enthusiastically,with zeal",,1,1,
640,661.0,A,일하다,ilhada,동,verb,,"To work, labor",,1,1,
641,662.0,B,재산,jaesan,명,noun,財産,"property,fortune, assets, possessions",,1,1,
642,663.0,A,조금,jogeum,명,noun,,A little,,2,1,surface_duplicate
643,664.0,A,팀,tim,명,noun,team,Team,,1,1,
644,665.0,A,부모,bumo,명,noun,父母,Parents,,1,1,
645,666.0,B,약간,yakgan,부,adverb,若干,"a little, a bit; somewhat",,2,1,surface_duplicate
646,667.0,C,언어,eoneo,명,noun,言語,"language,speech",,1,1,
647,668.0,B,요구하다,yoguhada,동,verb,要求-,"To demand,claim,request",,1,1,
648,669.0,A,올라가다,ollagada,동,verb,,"To go up, ascend",,1,1,
649,670.0,B,첫,cheos,관,attributive,,First,,1,1,
650,671.0,C,감독,gamdok,명,noun,監督,The director,,1,1,
651,672.0,A,그날,geunal,명,noun,,That day or that same day,,1,1,
652,673.0,B,사실,sasil,부,adverb,事實,"The truth, a fact",,2,2,surface_duplicate
653,674.0,A,자주,jaju,부,adverb,,"Always, constantly",,1,1,
654,675.0,C,당하다,danghada,동,verb,當-,"Have, encounter",,1,1,
655,676.0,C,삼다,samda,동,verb,친구로~,Make a thing of,,1,1,
656,677.0,B,약,yak,관,attributive,約,"About, approximately",,3,1,surface_duplicate
657,678.0,B,기간,gigan,명,noun,期間,A period or a time or,,1,1,
658,679.0,A,담배,dambae,명,noun,,Tobacco,,1,1,
659,680.0,B,일으키다,ireukida,동,verb,,"Riase, get up; start, commence",,1,1,
660,681.0,C,일단,ildan,부,adverb,一旦,Temporarily,,1,1,
661,682.0,A,할아버지,harabeoji,명,noun,,Grandfather,,1,1,
662,683.0,C,조직,jojik,명,noun,組織,"Organization (composition, structure)",,1,1,
663,684.0,A,태어나다,taeeonada,동,verb,,"To be born, see the light of day",,1,1,
664,685.0,B,공장,gongjang,명,noun,工場,Construction site,,1,1,
665,686.0,A,벌써,beolsseo,부,adverb,,Already,,1,1,
666,687.0,B,즐기다,jeulgida,동,verb,,"Enjoy oneself,take pleasure,delight",,1,1,
667,688.0,B,지,ji,의,noun,만난~오래되다,"since,from",,1,1,
668,689.0,A,환자,hwanja,명,noun,患者,A patient,,1,1,
669,690.0,B,변하다,byeonhada,동,verb,變-,Change,,1,1,
670,691.0,B,사고,sago,명,noun,事故,An accident,,2,1,surface_duplicate
671,692.0,B,그래도,geuraedo,불,expression,그리하여도,All the same,,1,1,
672,693.0,B,아무리,amuri,부,adverb,,However much,,1,1,
673,694.0,B,맞추다,majchuda,동,verb,,"Adjust, adapt",,1,1,
674,695.0,B,쌀,ssal,명,noun,,Uncooked rice,,1,1,
675,696.0,B,일반,ilban,명,noun,一般,"universal,common,usual",,1,1,
676,697.0,A,재미있다,jaemiissda,형,adjective,,"interesting,fun",,1,1,
677,698.0,A,가르치다,gareuchida,동,verb,,To teach,,1,1,
678,699.0,A,대화,daehwa,명,noun,對話,Conversation,,1,1,
679,700.0,B,막다,makda,동,verb,,"Stop, obstruct",,1,1,
680,701.0,A,올해,olhae,명,noun,,This year,,1,1,
681,702.0,A,형,hyeong,명,noun,兄,An elder brother,,2,1,surface_duplicate
682,703.0,C,달리,dalli,부,adverb,,Differently,,1,1,
683,704.0,B,버리다,beorida,동,verb,,"(following a verb) the verb\’s action is over, perhaps in a sad way",,2,2,surface_duplicate
684,705.0,B,붙이다,butida,동,verb,,"affix,put on",,1,1,
685,706.0,C,인물,inmul,명,noun,人物,"A man, a person",,1,1,
686,707.0,B,늘,neul,부,adverb,,Always,,1,1,
687,708.0,A,모두,modu,명,noun,,Everybody,,2,2,surface_duplicate
688,709.0,B,전국,jeonguk,명,noun,全國,The whole country,,1,1,
689,711.0,B,마치다,machida,동,verb,,"Finish, complete",,1,1,
690,712.0,C,전,jeon,관,attributive,全.~국민,whole; entire,,3,3,surface_duplicate
691,713.0,C,다만,daman,부,adverb,,"Only, merely",,1,1,
692,714.0,B,도움,doum,명,noun,,Help,,1,1,
693,715.0,B,가정,gajeong,명,noun,家庭,Famly,,2,1,surface_duplicate
694,716.0,A,걸다,geolda,동,verb,옷을~,Hang up or suspend,,1,1,
695,717.0,B,빠지다,ppajida,동,verb,물에~,To fall into,,2,1,surface_duplicate
696,718.0,A,멀다,meolda,형,adjective,갈길이~,To be far,,1,1,
697,719.0,A,버스,beoseu,명,noun,bus,Bus,,1,1,
698,721.0,B,오늘날,oneulnal,명,noun,,"These days, nowadays",,1,1,
699,722.0,A,잠시,jamsi,부,adverb,暫時,"For a little while, temporary",,2,1,surface_duplicate
700,723.0,B,농업,nongeop,명,noun,農業,Agriculture,,1,1,
701,724.0,C,대다,daeda,동,verb,귀에~,"Put, place up to",,1,1,
702,725.0,B,식,sik,의,noun,式,"form,style",,1,1,
703,726.0,B,의견,uigyeon,명,noun,意見,"An opinion,a suggestion",,1,1,
704,727.0,C,무대,mudae,명,noun,舞臺,Stage,,1,1,
705,728.0,A,사진,sajin,명,noun,寫眞,Picture,,1,1,
706,729.0,C,주장,jujang,명,noun,主張,"assertion,insistance",,1,1,
707,730.0,B,표현하다,pyohyeonhada,동,verb,表現-,"To express, make known by saying",,1,1,
708,731.0,C,인하다,inhada,동,verb,因-,"To be due to, caused by",,1,1,
709,732.0,B,이상하다,isanghada,형,adjective,異常-,"To be strange,queer",,1,1,
710,733.0,A,제일,jeil,명,noun,第一,The first,,1,1,
711,734.0,B,붙다,butda,동,verb,,"Stick, adhere to",,1,1,
712,735.0,A,아마,ama,부,adverb,,Probably,,1,1,
713,736.0,A,얘기하다,yaegihada,동,verb,,To tell a story,,1,1,
714,737.0,C,잇다,isda,동,verb,,"Join, connect",,1,1,
715,738.0,A,조금,jogeum,부,adverb,,A little,,2,2,surface_duplicate
716,739.0,B,경기,gyeonggi,명,noun,競技,Race or match or contest,,2,1,surface_duplicate
717,740.0,B,목적,mokjeok,명,noun,目的,"goal,purpose",,1,1,
718,741.0,B,태도,taedo,명,noun,態度,"attitude,comportment",,1,1,
719,742.0,B,남성,namseong,명,noun,男性,Male,,1,1,
720,743.0,B,주위,juwi,명,noun,周圍,"The circumference,the girth",,1,1,
721,744.0,C,대책,daechaek,명,noun,對策,Countermeasure,,1,1,
722,745.0,B,그만,geuman,부,adverb,그정도까지만,That much or a little amount,,1,1,
723,746.0,B,발생하다,balsaenghada,동,verb,發生-,"Originate, come from",,1,1,
724,747.0,A,다리,dari,명,noun,신체의일부,Leg,,2,1,surface_duplicate
725,748.0,A,아무,amu,관,attributive,,"anybody,everybody",,2,1,surface_duplicate
726,749.0,B,어쩌다,eojjeoda,동,verb,,"By chance, accident",,2,1,surface_duplicate
727,750.0,B,재료,jaeryo,명,noun,材料,"stuff,material",,1,1,
728,751.0,B,각각,gakgak,부,adverb,各各,Each and every,,2,1,surface_duplicate
729,752.0,C,결코,gyeolko,부,adverb,決-,Never or by no means,,1,1,
730,753.0,B,옮기다,olmgida,동,verb,,"Move, transfer (2)(sickness) communicate, transfer to",,1,1,
731,754.0,A,항상,hangsang,부,adverb,恒常,Always,,1,1,
732,755.0,A,해,hae,명,noun,,A year,,3,1,surface_duplicate
733,756.0,A,잃다,ilhda,동,verb,,"To lose, to miss, to be deprived",,1,1,
734,757.0,B,자유,jayu,명,noun,自由,Freedom,,1,1,
735,758.0,B,책임,chaegim,명,noun,責任,Responsibility,,1,1,
736,759.0,B,바뀌다,bakkwida,동,verb,,Be changed,,1,1,
737,760.0,A,비슷하다,biseushada,형,adjective,,To resemble,,1,1,
738,761.0,B,심하다,simhada,형,adjective,甚-,"To be extreme,intense",,1,1,
739,762.0,C,경쟁,gyeongjaeng,명,noun,競爭,Competition or rivalry,,1,1,
740,763.0,A,달러,dalleo,의,noun,dollar,Dollar,,2,1,surface_duplicate
741,764.0,A,사랑하다,saranghada,동,verb,,To love,,1,1,
742,765.0,B,아니,ani,감,interjection,,No!,,2,1,surface_duplicate
743,766.0,A,여름,yeoreum,명,noun,,"summer,summertime",,1,1,
744,767.0,B,자라다,jarada,동,verb,커지다,To grow up,,1,1,
745,768.0,C,회,hoe,의,noun,回,"A time, an inning, a round in a game",,1,1,
746,769.0,B,구체적,guchejeok,명,noun,具體的,Concretely,,1,1,
747,770.0,B,기회,gihoe,명,noun,機會,An opportunity,,1,1,
748,771.0,C,실시하다,silsihada,동,verb,實施-,"To enforce,put into effect",,1,1,
749,773.0,B,지구,jigu,명,noun,地球,The earth,,2,1,surface_duplicate
750,774.0,B,번째,beonjjae,의,noun,番-,How many times,,1,1,
751,775.0,B,소비자,sobija,명,noun,消費者,A consumer,,1,1,
752,776.0,A,싫다,silhda,형,adjective,,"To not like, to hate",,1,1,
753,778.0,C,규모,gyumo,명,noun,規模,Scale or scope or structure,,1,1,
754,779.0,B,기준,gijun,명,noun,基準,A standard or basis,,1,1,
755,780.0,B,말,mal,의,noun,末,end (of a period); late,,3,2,surface_duplicate
756,781.0,B,반드시,bandeusi,부,adverb,,Most certainly,,1,1,
757,782.0,C,셈,sem,의,noun,,"An intention,design,purpose",,1,1,
758,784.0,C,갖추다,gajchuda,동,verb,,Make or get ready or prepare,,1,1,
759,785.0,A,그러니까,geureonikka,부,adverb,,And so it is that,,1,1,
760,787.0,B,받아들이다,badadeurida,동,verb,,Accept,,1,1,
761,788.0,A,값,gaps,명,noun,,Price,,1,1,
762,789.0,C,현장,hyeonjang,명,noun,現場,"on site, on location, at the site in question",,1,1,
763,790.0,C,건설,geonseol,명,noun,建設,Construction,,1,1,
764,791.0,B,꺼내다,kkeonaeda,동,verb,,To get out or draw out,,1,1,
765,792.0,B,노동자,nodongja,명,noun,勞動者,"Laborer, worker",,1,1,
766,793.0,B,동네,dongne,명,noun,洞-,neighborhood,,1,1,
767,794.0,A,언제나,eonjena,부,adverb,,"everytime,always",,1,1,
768,795.0,B,완전히,wanjeonhi,부,adverb,完全-,"completely,perfectly",,1,1,
769,796.0,A,자동차,jadongcha,명,noun,自動車,Car,,1,1,
770,797.0,B,전하다,jeonhada,동,verb,傳-,"To transmit,convey",,1,1,
771,798.0,C,존재하다,jonjaehada,동,verb,存在-,To exist,,1,1,
772,799.0,A,개월,gaewol,의,noun,個月,Each and every month,,1,1,
773,800.0,B,맞다,majda,동,verb,손님을~,"to take as a courtesy, to receive a guest",,3,2,surface_duplicate
774,801.0,B,별로,byeollo,부,adverb,別-,"Especially, particularly",,1,1,
775,802.0,A,어린이,eorini,명,noun,,"A youngster, a child",,1,1,
776,803.0,B,정하다,jeonghada,동,verb,定-,"To set,determine",,1,1,
777,804.0,C,한마디,hanmadi,명,noun,,One word,,1,1,
778,805.0,C,유지하다,yujihada,동,verb,維持-,"To preserve, maintain",,1,1,
779,806.0,C,이데올로기,ideollogi,명,noun,&독Ideologie,Ideology,,1,1,
780,807.0,A,공부하다,gongbuhada,동,verb,工夫-,To study,,1,1,
781,808.0,B,대중,daejung,명,noun,大衆,The masses,,1,1,
782,809.0,B,늘어나다,neureonada,동,verb,,Grow longer,,1,1,
783,810.0,A,닦다,dakkda,동,verb,,"Wipe clean, polish",,1,1,
784,811.0,C,만,man,의,noun,십년~에,"As many as, full, complete",,5,1,surface_duplicate
785,812.0,A,말씀,malsseum,명,noun,,Speech,,1,1,
786,813.0,A,괜찮다,gwaenchanhda,형,adjective,,To be okay,,1,1,
787,814.0,A,눈물,nunmul,명,noun,,A tear,,1,1,
788,815.0,B,각종,gakjong,명,noun,各種,All sorts or varieties,,1,1,
789,816.0,B,빛,bicc,명,noun,,Light,,1,1,
790,817.0,A,아니,ani,부,adverb,,No!,,2,2,surface_duplicate
791,818.0,C,피하다,pihada,동,verb,避-,"avoid,keep away",,1,1,
792,819.0,C,거치다,geochida,동,verb,,Pass or go through,,1,1,
793,820.0,C,나아가다,naagada,동,verb,,"Advance, go forward",,1,1,
794,821.0,B,야,ya,감,interjection,,"(Word to get somebody’s attention) Hey!! (2) impolite speech for 이다, to be",,1,1,
795,822.0,C,지식,jisik,명,noun,知識,"Knowledge, information",,1,1,
796,823.0,B,현재,hyeonjae,명,noun,現在,"The present time, now, at present",,2,2,surface_duplicate
797,824.0,C,여전히,yeojeonhi,부,adverb,如前-,"As it used to be, as before ; still, persistently, even still",,1,1,
798,825.0,A,주인,juin,명,noun,主人,"The head of a family,the owner",,1,1,
799,826.0,B,발견하다,balgyeonhada,동,verb,發見-,To discover,,1,1,
800,827.0,C,선,seon,명,noun,線,"A line, a route",,1,1,
801,828.0,C,인류,inryu,명,noun,人類,The human race,,1,1,
802,829.0,B,특징,teukjing,명,noun,特徵,"A special feature, a distinguishing feature",,1,1,
803,830.0,A,드리다,deurida,보,auxiliary verb,도와~,"humble form of 주다 (juda); to offer, to give, to present",,2,1,surface_duplicate
804,831.0,B,선수,seonsu,명,noun,選手,An athlete,,1,1,
805,832.0,C,형식,hyeongsik,명,noun,形式,"A form, formality, mold",,1,1,
806,833.0,B,마련하다,maryeonhada,동,verb,,"To plan, arrange",,1,1,
807,834.0,A,반,ban,명,noun,半,Half,,2,1,surface_duplicate
808,835.0,B,발표하다,balpyohada,동,verb,發表-,To announce,,1,1,
809,836.0,B,주제,juje,명,noun,主題,"Subject, theme, topic",,1,1,
810,837.0,C,걸치다,geolchida,동,verb,,1) put a thing over or across 2) to range from A to B,,1,1,
811,838.0,C,겪다,gyeokkda,동,verb,,Experience or undergo or suffer,,1,1,
812,839.0,C,관점,gwanjeom,명,noun,觀點,A point of view or a standpoint/outlook,,1,1,
813,840.0,A,귀,gwi,명,noun,,Ear,,1,1,
814,842.0,B,기본,gibon,명,noun,基本,A foundation,,1,1,
815,843.0,A,미터,miteo,의,noun,meter,Meter,,1,1,
816,844.0,B,사라지다,sarajida,동,verb,,To disappear,,1,1,
817,845.0,A,어떠하다,eotteohada,형,adjective,,To be how,,1,1,
818,846.0,B,감정,gamjeong,명,noun,感情,Feelings,,1,1,
819,847.0,B,기억,gieok,명,noun,記憶,A memory,,1,1,
820,848.0,C,놈,nom,의,noun,,A fellow,,1,1,
821,849.0,B,인기,ingi,명,noun,人氣,Popularity,,1,1,
822,850.0,A,배,bae,명,noun,신체의일부,"abdomen, belly",,4,2,surface_duplicate
823,851.0,A,아파트,apateu,명,noun,apartment,Apartment,,1,1,
824,852.0,A,가끔,gakkeum,부,adverb,,Sometimes,,1,1,
825,853.0,C,구성,guseong,명,noun,構成,"Organization or constitution , the framework of something",,1,1,
826,854.0,A,술,sul,의,noun,밥한~,scoop; spoonful of,,2,2,surface_duplicate
827,855.0,C,실제로,siljero,부,adverb,實際-,In reality,,1,1,
828,856.0,A,짧다,jjalpda,형,adjective,,"Short, brief",,1,1,
829,857.0,A,고맙다,gomapda,형,adjective,,To thank,,1,1,
830,858.0,B,관리,gwanri,명,noun,管理,Management or administration,,2,1,surface_duplicate
831,860.0,A,그곳,geugos,대,pronoun,,That place,,1,1,
832,861.0,C,달다,dalda,보,auxiliary verb,빌려다오,to ask to do: to demand,,5,1,surface_duplicate
833,862.0,A,보다,boda,부,adverb,한층더,"relatively, more",,3,3,surface_duplicate
834,863.0,C,비롯하다,biroshada,동,verb,,"begin,start",,1,1,
835,865.0,C,과연,gwayeon,부,adverb,果然,Just as one thought,,1,1,
836,866.0,B,들리다,deullida,동,verb,소리가~,(passive) to be heard; (causative) to cause to hear,,1,1,
837,867.0,B,달리다,dallida,동,verb,말을~,"run, make do fast",,2,1,surface_duplicate
838,868.0,A,바쁘다,bappeuda,형,adjective,,Busy,,1,1,
839,869.0,B,이전,ijeon,명,noun,以前,Former days/times,,1,1,
840,870.0,C,인정하다,injeonghada,동,verb,認定-,"To acknowledge,authorize",,1,1,
841,871.0,C,자,ja,의,noun,者,A person,,4,1,surface_duplicate
842,872.0,C,중앙,jungang,명,noun,中央,The middle and the heart,,1,1,
843,873.0,A,나쁘다,nappeuda,형,adjective,,To be bad,,1,1,
844,874.0,C,불구하다,bulguhada,동,verb,不拘-,"Deformity, malformation",,1,1,
845,876.0,B,시키다,sikida,동,verb,,To make,,1,1,
846,877.0,A,게임,geim,명,noun,game,Game,,1,1,
847,878.0,B,국제,gukje,명,noun,國際,International,,1,1,
848,879.0,B,그룹,geurup,명,noun,group,Group,,1,1,
849,880.0,B,인생,insaeng,명,noun,人生,Life,,1,1,
850,881.0,B,전통,jeontong,명,noun,傳統,"tradition,convention",,1,1,
851,882.0,B,기르다,gireuda,동,verb,,Educate or train or cultivate,,1,1,
852,884.0,A,잔,jan,명,noun,盞,"A cup, wine glass",,1,1,
853,885.0,B,조사하다,josahada,동,verb,調査-,"To examine,investigate",,1,1,
854,886.0,B,커다랗다,keodarahda,형,adjective,,To be very big/large,,1,1,
855,888.0,A,있다,issda,동,verb,,To be,,3,3,surface_duplicate
856,890.0,B,시인,siin,명,noun,詩人,A poet,,1,1,
857,891.0,A,언제,eonje,부,adverb,,"when,at what time",,2,1,surface_duplicate
858,892.0,B,외,oe,의,noun,外,"Except, save for",,1,1,
859,893.0,C,평가,pyeongga,명,noun,評價,"Evaluation, appraisal",,1,1,
860,894.0,A,내려오다,naeryeooda,동,verb,,Come down,,1,1,
861,895.0,B,위치,wichi,명,noun,位置,"A position, a location",,1,1,
862,896.0,B,줄이다,jurida,동,verb,,"reduce,decrease",,1,1,
863,898.0,B,가격,gagyeok,명,noun,價格,Price,,1,1,
864,899.0,B,달라지다,dallajida,동,verb,,"To change, vary",,1,1,
865,900.0,C,비다,bida,동,verb,,"To be empty, vacant",,1,1,
866,901.0,C,삼국,samguk,명,noun,三國,Three countries,,1,1,
867,902.0,A,손님,sonnim,명,noun,,Customer,,1,1,
868,903.0,B,원하다,wonhada,동,verb,願-,To want,,1,1,
869,904.0,B,통신,tongsin,명,noun,通信,"communications,correspondance",,1,1,
870,905.0,B,확인하다,hwaginhada,동,verb,確認-,"To confirm,corroborate",,1,1,
871,906.0,B,모임,moim,명,noun,,"A group, a party",,1,1,
872,907.0,C,수,su,명,noun,數.~를세다,number,,3,2,surface_duplicate
873,908.0,A,아무,amu,대,pronoun,,"anybody,everybody",,2,2,surface_duplicate
874,909.0,B,웃음,useum,명,noun,,"Laughter, a smile",,1,1,
875,910.0,B,기계,gigye,명,noun,機械,An instrument or a machine,,1,1,
876,911.0,B,모양,moyang,의,noun,模樣,"A shape, form",,2,2,surface_duplicate
877,912.0,C,물질,muljil,명,noun,物質,"matter,material",,1,1,
878,913.0,B,아나운서,anaunseo,명,noun,announcer,Announcer,,1,1,
879,914.0,A,뉴스,nyuseu,명,noun,news,News,,1,1,
880,915.0,C,살아가다,saragada,동,verb,,"Lead a life, get along",,1,1,
881,916.0,B,펴다,pyeoda,동,verb,,"Spread out, unfold",,1,1,
882,918.0,C,배,bae,명,noun,倍,"double, twice, twofold; times, -fold",,4,3,surface_duplicate
883,919.0,A,수업,sueop,명,noun,授業,"school,teaching",,2,1,surface_duplicate
884,920.0,A,겨울,gyeoul,명,noun,,Winter,,1,1,
885,921.0,B,종교,jonggyo,명,noun,宗敎,"religion,a faith",,1,1,
886,922.0,A,층,cheung,명,noun,層,"floor,grade,class",,1,1,
887,924.0,B,자연스럽다,jayeonseureopda,형,adjective,自然-,To be natural,,1,1,
888,925.0,A,장,jang,의,noun,張.종이한~,One piece of sth flat (paper); sheets,,2,1,surface_duplicate
889,927.0,B,돌다,dolda,동,verb,,"to revolve, rotate, spin, turn",,1,1,
890,928.0,A,식사,siksa,명,noun,食事,A meal,,1,1,
891,929.0,A,안다,anda,동,verb,,"To hold, embrace",,1,1,
892,930.0,B,이해,ihae,명,noun,理解,Understanding,,2,1,surface_duplicate
893,931.0,A,잊다,ijda,동,verb,,To forget,,1,1,
894,932.0,C,제시하다,jesihada,동,verb,提示-,To present,,1,1,
895,933.0,A,반,ban,명,noun,班,party; group; class at school,,2,2,surface_duplicate
896,934.0,C,불과하다,bulgwahada,형,adjective,不過-,Nothing more than,,1,1,
897,936.0,B,혹은,hogeun,부,adverb,或-,If that’s not the case,,1,1,
898,937.0,C,엄청나다,eomcheongnada,형,adjective,,"To be absurd,wild,terribly large",,1,1,
899,939.0,C,편,pyeon,의,noun,바람이부는~,"Direction, way (the wind is blowing that ~)",,3,1,surface_duplicate
900,940.0,A,텔레비전,tellebijeon,명,noun,television,Television,,1,1,
901,941.0,C,파악하다,paakhada,동,verb,把握-,"Grasp, seize, understand",,1,1,
902,942.0,B,편,pyeon,의,noun,篇,volume (of set of books),,3,2,surface_duplicate
903,943.0,C,실천,silcheon,명,noun,實踐,Practice,,1,1,
904,944.0,B,노력하다,noryeokhada,동,verb,努力-,"To try hard, strive",,1,1,
905,945.0,B,보호,boho,명,noun,保護,"protection,shelter",,1,1,
906,947.0,A,씻다,ssisda,동,verb,,"To wash,cleanse",,1,1,
907,948.0,B,한편,hanpyeon,명,noun,-便,"One side, one way",,2,2,surface_duplicate
908,949.0,A,늦다,neujda,형,adjective,,To be late (time),,2,1,surface_duplicate
909,951.0,B,이웃,ius,명,noun,,The neighborhood,,1,1,
910,952.0,A,편지,pyeonji,명,noun,便紙,Letter,,1,1,
911,953.0,B,공동,gongdong,명,noun,共同,Association or union or collaboration,,1,1,
912,954.0,B,까닭,kkatalk,명,noun,,Reason,,1,1,
913,955.0,C,방안,bangan,명,noun,方案,"A plan, scheme",,1,1,
914,956.0,A,센티미터,sentimiteo,의,noun,centimeter,Centimeter,,1,1,
915,957.0,A,팔,pal,명,noun,신체의일부,An arm,,2,1,surface_duplicate
916,958.0,C,분명하다,bunmyeonghada,형,adjective,分明-,To be clear/obvious,,1,1,
917,959.0,C,분석,bunseok,명,noun,分析,Analysis,,1,1,
918,960.0,B,소녀,sonyeo,명,noun,少女,A young girl,,1,1,
919,961.0,B,지나가다,jinagada,동,verb,,"To pass, elapse",,1,1,
920,962.0,C,차,cha,의,noun,次,"second; next, subsequent",,4,2,surface_duplicate
921,963.0,B,상품,sangpum,명,noun,商品,Product,,1,1,
922,965.0,A,설명,seolmyeong,명,noun,說明,Explanation,,1,1,
923,966.0,B,훌륭하다,hullyunghada,형,adjective,,To be excellent,,1,1,
924,967.0,C,관계자,gwangyeja,명,noun,關係者,The interested or affected parties,,1,1,
925,968.0,B,새로,saero,부,adverb,,"newly,anew",,1,1,
926,969.0,A,세,se,의,noun,歲,"years, years old",,3,2,surface_duplicate
927,970.0,C,이어지다,ieojida,동,verb,,"Get joined, be connected",,1,1,
928,971.0,A,티브이,tibeui,명,noun,TV,TV,,1,1,
929,972.0,A,봄,bom,명,noun,,Spring,,1,1,
930,973.0,B,종류,jongryu,명,noun,種類,"kind,sort,species",,1,1,
931,974.0,A,낮다,najda,형,adjective,,Be low,,1,1,
932,975.0,A,어깨,eokkae,명,noun,,Shoulder,,1,1,
933,976.0,C,지적하다,jijeokhada,동,verb,指摘-,"To indicate, point out",,1,1,
934,977.0,A,부부,bubu,명,noun,夫婦,Man and wife,,1,1,
935,978.0,A,오래,orae,부,adverb,,"Long, for a long time",,1,1,
936,979.0,C,요구,yogu,명,noun,要求,"A demand, claim, request",,1,1,
937,980.0,B,키우다,kiuda,동,verb,,"To raise, bring up, rear",,1,1,
938,981.0,B,눕다,nupda,동,verb,,Lie down,,1,1,
939,982.0,B,발달하다,baldalhada,동,verb,發達-,To advance,,1,1,
940,983.0,B,발전하다,baljeonhada,동,verb,發展-,"To develop, grow",,1,1,
941,984.0,A,여행,yeohaeng,명,noun,旅行,Trip,,1,1,
942,985.0,B,죽음,jugeum,명,noun,,Death,,1,1,
943,986.0,B,고통,gotong,명,noun,苦痛,Suffering or agony,,1,1,
944,987.0,C,등장하다,deungjanghada,동,verb,登場-,1. to enter the stage; to come into play,,1,1,
945,988.0,A,공,gong,명,noun,축구~,Ball,,1,1,
946,989.0,B,듯이,deusi,의,noun,,"nearly, as if",,1,1,
947,990.0,B,어울리다,eoullida,동,verb,,"To be becoming, suiting",,1,1,
948,991.0,A,오월,owol,명,noun,五月,May,,1,1,
949,992.0,A,쉬다,swida,동,verb,편안히~,"to relax, take a break",,2,1,surface_duplicate
950,993.0,B,알리다,allida,동,verb,,"To inform, tell a person",,1,1,
951,994.0,C,차다,chada,동,verb,가득~,"To be full, to be filled with (PASSIVE)",,4,1,surface_duplicate
952,996.0,A,과,gwa,명,noun,課,A lesson or a section or a department,,2,1,surface_duplicate
953,997.0,B,멀리,meolli,부,adverb,,Far away,,1,1,
954,998.0,B,빼다,ppaeda,동,verb,가시를~,"Pull out, extract",,1,1,
955,999.0,B,예정,yejeong,명,noun,豫定,"A program, schedule",,1,1,
956,1000.0,A,오빠,oppa,명,noun,,Older brother,,1,1,
957,1002.0,A,즐겁다,jeulgeopda,형,adjective,,"Be pleasant,agreeable",,1,1,
958,1003.0,C,한계,hangye,명,noun,限界,"Boundary, limits",,1,1,
959,1004.0,B,흔히,heunhi,부,adverb,,"Generally, commonly ; often",,1,1,
960,1005.0,C,바탕,batang,명,noun,,"Natural disposition ; to go all out in a fight, 아주 크게 싸우다 ; the background",,1,1,
961,1006.0,A,사월,sawol,명,noun,四月,April,,1,1,
962,1007.0,A,싸우다,ssauda,동,verb,,To fight,,1,1,
963,1008.0,A,언제,eonje,대,pronoun,,"when,at what time",,2,2,surface_duplicate
964,1009.0,A,예쁘다,yeppeuda,형,adjective,,"Pretty, lovely",,1,1,
965,1010.0,C,갈등,galdeung,명,noun,葛藤,Conflict or troubles,,1,1,
966,1011.0,B,느껴지다,neukkyeojida,동,verb,,Feel,,1,1,
967,1014.0,C,의지,uiji,명,noun,意志,"will,volition",,1,1,
968,1015.0,B,전문,jeonmun,명,noun,專門,A specialty,,1,1,
969,1016.0,B,정확하다,jeonghwakhada,형,adjective,正確-,To be exact,,1,1,
970,1017.0,C,초기,chogi,명,noun,初期,"The early days, the initial period",,1,1,
971,1018.0,A,나중,najung,명,noun,,"The last, the latter part",,1,1,
972,1019.0,B,등,deung,명,noun,신체의일부,"back, spine",,3,2,surface_duplicate
973,1020.0,A,맛있다,masissda,형,adjective,,Delicious,,1,1,
974,1021.0,A,며칠,myeochil,명,noun,,How many days,,1,1,
975,1022.0,C,신경,singyeong,명,noun,神經,nerves (medicine); feelings,,1,1,
976,1023.0,B,찾아오다,chajaoda,동,verb,,"To go meet somebody, to go get sth",,1,1,
977,1025.0,C,미,mi,명,noun,美,"beauty,grace",,1,1,
978,1026.0,B,사용,sayong,명,noun,使用,"use,emply",,1,1,
979,1027.0,C,시선,siseon,명,noun,視線,one’s line of vision,,1,1,
980,1028.0,C,아무런,amureon,관,attributive,,No sort of,,1,1,
981,1029.0,C,언론,eonron,명,noun,言論,"A speech, discussion",,1,1,
982,1030.0,C,투자,tuja,명,noun,投資,Investment,,1,1,
983,1032.0,C,지원,jiwon,명,noun,支援,"helping, supporting, aiding",,1,1,
984,1033.0,B,결정하다,gyeoljeonghada,동,verb,決定-,To decide,,1,1,
985,1034.0,B,경영,gyeongyeong,명,noun,經營,Management or administration,,1,1,
986,1036.0,B,목표,mokpyo,명,noun,目標,"goal,object",,1,1,
987,1037.0,C,성장,seongjang,명,noun,成長,Growth,,1,1,
988,1038.0,B,숲,sup,명,noun,,Forest,,1,1,
989,1039.0,B,없어지다,eopseojida,동,verb,,"To lose, get lost",,1,1,
990,1040.0,A,작년,jaknyeon,명,noun,昨年,Last year,,1,1,
991,1041.0,A,내려가다,naeryeogada,동,verb,,To go down,,1,1,
992,1042.0,B,떠오르다,tteooreuda,동,verb,,"1. to rise, to arise",,1,1,
993,1044.0,B,미치다,michida,동,verb,닿다,To reach,,2,1,surface_duplicate
994,1045.0,B,새벽,saebyeok,명,noun,,"dawn,daybreak",,1,1,
995,1046.0,A,쓰레기,sseuregi,명,noun,,Garbage,,1,1,
996,1047.0,B,얼른,eolleun,부,adverb,,"Fast, quickly, rapidly",,1,1,
997,1048.0,B,임금,imgeum,명,noun,賃金,"Wages, pay",,2,1,surface_duplicate
998,1049.0,C,피해,pihae,명,noun,被害,Damage,,1,1,
999,1050.0,C,한,han,명,noun,限,limit; end; bound,,3,2,surface_duplicate
1000,1051.0,B,무섭다,museopda,형,adjective,,"fearful,dreadful",,1,1,
1001,1052.0,B,직장,jikjang,명,noun,職場,one’s work place,,1,1,
1002,1053.0,B,참다,chamda,동,verb,,"Bear, endure",,1,1,
1003,1054.0,B,크기,keugi,명,noun,,"Size, dimensions",,1,1,
1004,1055.0,A,고기,gogi,명,noun,,Meat,,1,1,
1005,1056.0,B,남기다,namgida,동,verb,,To leave behind,,1,1,
1006,1057.0,B,서양,seoyang,명,noun,西洋,The Western countries,,1,1,
1007,1058.0,B,주요,juyo,명,noun,主要,"The major, the chief thing",,1,1,
1008,1059.0,B,지나치다,jinachida,형,adjective,,"Go too far, to go to extremes",,2,1,surface_duplicate
1009,1060.0,A,가져오다,gajyeooda,동,verb,,To bring or get,,1,1,
1010,1061.0,B,냄새,naemsae,명,noun,,Smell,,1,1,
1011,1062.0,B,부드럽다,budeureopda,형,adjective,,"soft,tender",,1,1,
1012,1063.0,C,여기다,yeogida,동,verb,,"Think, consider as",,1,1,
1013,1064.0,C,이,i,의,noun,,"A person, This",,5,3,surface_duplicate
1014,1067.0,B,공연,gongyeon,명,noun,公演,A public performance,,1,1,
1015,1068.0,A,남녀,namnyeo,명,noun,男女,Man and woman,,1,1,
1016,1069.0,B,내놓다,naenohda,동,verb,,"Put out, take out",,1,1,
1017,1070.0,B,떼다,tteda,동,verb,,"1. to detach, to remove, to take off",,1,1,
1018,1071.0,B,만들어지다,mandeureojida,동,verb,,"Make, create",,1,1,
1019,1072.0,B,속도,sokdo,명,noun,速度,Speed,,1,1,
1020,1073.0,B,심각하다,simgakhada,형,adjective,深刻-,"seriousness,gravity",,1,1,
1021,1074.0,A,준비,junbi,명,noun,準備,Preparation,,1,1,
1022,1075.0,B,계속되다,gyesokdoeda,동,verb,繼續-,To continue,,1,1,
1023,1076.0,A,구월,guwol,명,noun,九月,September,,1,1,
1024,1077.0,A,맑다,malkda,형,adjective,,"clean,pure",,1,1,
1025,1078.0,B,소년,sonyeon,명,noun,少年,A boy,,1,1,
1026,1079.0,B,소식,sosik,명,noun,消息,"News, information",,1,1,
1027,1080.0,A,유월,yuwol,명,noun,六月,June,,1,1,
1028,1081.0,C,작용,jagyong,명,noun,作用,"action, operation, effect",,1,1,
1029,1082.0,A,허리,heori,명,noun,,"The waist, the small of the back",,1,1,
1030,1083.0,C,골,gol,명,noun,goal,Goal,,1,1,
1031,1084.0,C,공업,gongeop,명,noun,工業,The industry or manufacturing industry,,1,1,
1032,1085.0,B,그중,geujung,명,noun,-中,Among the rest of them,,1,1,
1033,1086.0,B,노인,noin,명,noun,老人,Old person,,1,1,
1034,1087.0,B,벌다,beolda,동,verb,돈을~,"To earn (money) ; (2) to invite, to bring onto oneself",,1,1,
1035,1088.0,B,살리다,sallida,동,verb,,"1) revive, bring around, restore to life 2) save,spare,rescue",,1,1,
1036,1089.0,A,새,sae,명,noun,날짐승,bird,,3,2,surface_duplicate
1037,1090.0,A,영어,yeongeo,명,noun,英語,The english language,,1,1,
1038,1091.0,C,출신,chulsin,명,noun,出身,"A native, place one is from",,1,1,
1039,1092.0,B,결정,gyeoljeong,명,noun,決定,A decision or determination,,1,1,
1040,1093.0,C,경향,gyeonghyang,명,noun,傾向,Tendency or trend,,1,1,
1041,1094.0,C,기록,girok,명,noun,記錄,A record or a document,,1,1,
1042,1095.0,C,나름,nareum,의,noun,,Depending on,,1,1,
1043,1096.0,A,대답하다,daedaphada,동,verb,對答-,"To answer, reply",,1,1,
1044,1097.0,C,반면,banmyeon,명,noun,反面,One side,,1,1,
1045,1098.0,B,썰다,sseolda,동,verb,,"Chip, mince,dice",,1,1,
1046,1099.0,C,움직임,umjigim,명,noun,,"movement,motion,activity",,1,1,
1047,1100.0,B,이미지,imiji,명,noun,image,Image,,1,1,
1048,1101.0,C,터지다,teojida,동,verb,,"Break, be torn, get away from",,1,1,
1049,1102.0,C,특성,teukseong,명,noun,特性,"A special/unique characteristic (individuality making, peculiarity)",,1,1,
1050,1103.0,C,교장,gyojang,명,noun,校長,Principal,,1,1,
1051,1104.0,A,벗다,beosda,동,verb,,"Take off, remove",,1,1,
1052,1105.0,B,업무,eopmu,명,noun,業務,"Buisness, duty",,1,1,
1053,1106.0,C,입시,ipsi,명,noun,入試,An entrance examination,,1,1,
1054,1107.0,A,준비하다,junbihada,동,verb,準備-,To prepare,,1,1,
1055,1108.0,B,청소년,cheongsonyeon,명,noun,靑少年,"Young boys and girls, teenagers",,1,1,
1056,1109.0,A,돕다,dopda,동,verb,,to help,,1,1,
1057,1110.0,B,응,eung,감,interjection,,"Yes, i see!",,1,1,
1058,1111.0,B,이기다,igida,동,verb,적에게~,To win,,1,1,
1059,1112.0,B,찾아보다,chajaboda,동,verb,,To go meet somebody,,1,1,
1060,1113.0,B,취하다,chwihada,동,verb,取-,"To adopt, assume, take",,2,1,surface_duplicate
1061,1114.0,C,다루다,daruda,동,verb,,"Treat, deal with",,1,1,
1062,1115.0,A,달,dal,명,noun,,The moon,,2,2,surface_duplicate
1063,1116.0,A,사장,sajang,명,noun,社長,Company boss,,1,1,
1064,1117.0,A,삼월,samwol,명,noun,三月,March,,1,1,
1065,1120.0,A,그렇지만,geureohjiman,부,adverb,,But or however,,1,1,
1066,1122.0,B,선배,seonbae,명,noun,先輩,one’s senior,,1,1,
1067,1123.0,C,업체,eopche,명,noun,業體,A business enterprise,,1,1,
1068,1124.0,A,키,ki,명,noun,신장,"stature,height",,1,1,
1069,1125.0,B,구하다,guhada,동,verb,求-,look for or seek or want,,2,1,surface_duplicate
1070,1126.0,C,국회,gukhoe,명,noun,國會,The National Assembly,,1,1,
1071,1127.0,B,그러므로,geureomeuro,부,adverb,,So or hence or therefore,,1,1,
1072,1128.0,B,포함하다,pohamhada,동,verb,包含-,"To include,contain",,1,1,
1073,1129.0,A,걱정,geokjeong,명,noun,,Worry,,1,1,
1074,1130.0,A,결혼하다,gyeolhonhada,동,verb,結婚-,Get married,,1,1,
1075,1134.0,B,만약,manyak,명,noun,萬若,If,,1,1,
1076,1135.0,B,바르다,bareuda,형,adjective,굽은데가없다,Be straight; be honest,,2,1,surface_duplicate
1077,1136.0,C,세월,sewol,명,noun,歲月,"The times, things",,1,1,
1078,1137.0,B,숨,sum,명,noun,,A breath,,1,1,
1079,1138.0,B,행사,haengsa,명,noun,行事,"An event, a function",,2,1,surface_duplicate
1080,1139.0,C,깨닫다,kkaedatda,동,verb,,to realize sth,,1,1,
1081,1140.0,A,누나,nuna,명,noun,,Older sister,,1,1,
1082,1141.0,C,신,sin,명,noun,神,God,,2,1,surface_duplicate
1083,1142.0,B,왕,wang,명,noun,王,King,,1,1,
1084,1143.0,B,점점,jeomjeom,부,adverb,漸漸,"More and more, by degrees",,1,1,
1085,1144.0,A,질문,jilmun,명,noun,質問,"A question, a query",,1,1,
1086,1145.0,B,특별,teukbyeol,명,noun,特別,"Be special, extraordinary",,1,1,
1087,1146.0,B,판단,pandan,명,noun,判斷,"A judgment, a conclusion",,1,1,
1088,1147.0,B,해결하다,haegyeolhada,동,verb,解決-,"To fix a problem, solve a question",,1,1,
1089,1148.0,C,거리,geori,명,noun,距離,Distance,,3,1,surface_duplicate
1090,1149.0,B,계속하다,gyesokhada,동,verb,繼續-,To continue,,1,1,
1091,1150.0,B,그치다,geuchida,동,verb,,Stop or cease or halt,,1,1,
1092,1151.0,A,근처,geuncheo,명,noun,近處,Nearby or the vicinity,,1,1,
1093,1152.0,B,너무나,neomuna,부,adverb,,Extremely,,1,1,
1094,1153.0,B,높이다,nopida,동,verb,,"Raise, elevate",,1,1,
1095,1154.0,C,부정,bujeong,명,noun,不正,"injustice,wrongfulness",,1,1,
1096,1155.0,C,사정,sajeong,명,noun,事情,Circumstances,,1,1,
1097,1158.0,C,도대체,dodaeche,부,adverb,都大體,"In the world, on earth",,1,1,
1098,1159.0,B,막,mak,부,adverb,마구,"rough, careless, of low quality",,2,1,surface_duplicate
1099,1160.0,A,부모님,bumonim,명,noun,父母-,Parents,,1,1,
1100,1161.0,B,수출,suchul,명,noun,輸出,Exporting sth,,1,1,
1101,1163.0,A,계시다,gyesida,동,verb,,(someone esteemed) to stay or be located,,2,1,surface_duplicate
1102,1164.0,A,그,geu,감,interjection,,"He, That",,3,3,surface_duplicate
1103,1166.0,B,자르다,jareuda,동,verb,,"cut,chop",,1,1,
1104,1167.0,B,데리다,derida,동,verb,,Be accompanied by,,1,1,
1105,1168.0,A,마리,mari,의,noun,,Number of animals,,1,1,
1106,1169.0,B,무척,mucheok,부,adverb,,Extremely,,1,1,
1107,1170.0,B,비용,biyong,명,noun,費用,Expense,,1,1,
1108,1171.0,A,비행기,bihaenggi,명,noun,飛行機,An airplane,,1,1,
1109,1172.0,B,옳다,olhda,형,adjective,,"To be right, correct",,1,1,
1110,1173.0,B,원래,wonrae,명,noun,元來,"originally,primarily",,1,1,
1111,1174.0,C,처리,cheori,명,noun,處理,"handling,treatment",,1,1,
1112,1175.0,B,최초,choecho,명,noun,最初,"In the very first, in the beginning",,1,1,
1113,1176.0,C,꼴,kkol,명,noun,모양새,Shape or form or appearance,,1,1,
1114,1177.0,B,놀이,nori,명,noun,,"Play, game",,1,1,
1115,1178.0,A,뜨겁다,tteugeopda,형,adjective,,to be hot: to be passionate,,1,1,
1116,1179.0,B,뿌리,ppuri,명,noun,,A root,,1,1,
1117,1180.0,B,수입,suip,명,noun,輸入,Importing sth,,2,1,surface_duplicate
1118,1181.0,B,초,cho,의,noun,初,"Initial, in the beginning, first",,2,1,surface_duplicate
1119,1183.0,C,그리하여,geurihayeo,부,adverb,,And then or and so or and now,,1,1,
1120,1184.0,A,낮,naj,명,noun,,Daytime,,1,1,
1121,1186.0,A,일찍,iljjik,부,adverb,,Early,,1,1,
1122,1187.0,B,직원,jigwon,명,noun,職員,Staff,,1,1,
1123,1188.0,A,찍다,jjikda,동,verb,서류에도장을~,Stamp with a dojang,,1,1,
1124,1189.0,A,가볍다,gabyeopda,형,adjective,,Light,,1,1,
1125,1190.0,C,내부,naebu,명,noun,內部,The inside,,1,1,
1126,1191.0,C,다소,daso,부,adverb,多少,"1) Large and small, 2) more or less",,1,1,
1127,1192.0,B,상대,sangdae,명,noun,相對,"counterpart,companion,rival",,1,1,
1128,1193.0,A,오전,ojeon,명,noun,午前,"Morning, a.m.",,1,1,
1129,1194.0,B,피부,pibu,명,noun,皮膚,Skin,,1,1,
1130,1195.0,A,가게,gage,명,noun,,Store,,1,1,
1131,1196.0,B,가득,gadeuk,부,adverb,~차다,Full,,1,1,
1132,1197.0,C,그저,geujeo,부,adverb,,1) still or all the time 2) easily or with no effort,,1,1,
1133,1198.0,C,도,do,의,noun,度,Degrees (temperature),,3,1,surface_duplicate
1134,1199.0,B,벽,byeok,명,noun,壁,A wall,,1,1,
1135,1200.0,B,장군,janggun,명,noun,將軍,A general,,1,1,
1136,1201.0,B,무역,muyeok,명,noun,貿易,Trade,,1,1,
1137,1202.0,C,부담,budam,명,noun,負擔,"A burden,responsibility",,1,1,
1138,1203.0,A,약속,yaksok,명,noun,約束,A promise,,1,1,
1139,1204.0,A,인사,insa,명,noun,人事,"Greetings; personnel matters, human resources",,3,1,surface_duplicate
1140,1205.0,B,줄,jul,명,noun,~로감다,"string, rope; line, row, column, queue",,2,2,surface_duplicate
1141,1206.0,B,쳐다보다,chyeodaboda,동,verb,,To look up at,,1,1,
1142,1207.0,B,충분히,chungbunhi,부,adverb,充分-,"Enough, sufficiently",,1,1,
1143,1208.0,B,대,dae,의,noun,臺,platform,,5,2,surface_duplicate
1144,1209.0,B,신체,sinche,명,noun,身體,The body,,1,1,
1145,1210.0,B,에너지,eneoji,명,noun,energy,Energy,,1,1,
1146,1211.0,C,위원,wiwon,명,noun,委員,A member of a committee,,1,1,
1147,1212.0,B,정리하다,jeongrihada,동,verb,整理-,To adjust,,1,1,
1148,1213.0,B,집안,jiban,명,noun,,Inside the house,,1,1,
1149,1214.0,B,배경,baegyeong,명,noun,背景,Background,,1,1,
1150,1215.0,B,죽이다,jugida,동,verb,굶겨~,To kill,,1,1,
1151,1217.0,B,단순하다,dansunhada,형,adjective,單純-,Be simple-minded,,1,1,
1152,1218.0,B,반대,bandae,명,noun,反對,Opposite and being opposed to (objecting to),,1,1,
1153,1219.0,C,법칙,beopchik,명,noun,法則,"A law, a rule",,1,1,
1154,1220.0,B,빠지다,ppajida,동,verb,머리가~,To fall into,,2,2,surface_duplicate
1155,1221.0,A,소금,sogeum,명,noun,,Salt,,1,1,
1156,1222.0,C,오염,oyeom,명,noun,汚染,"Contamination, pollution",,1,1,
1157,1224.0,A,자전거,jajeongeo,명,noun,自轉車,Bicycle,,1,1,
1158,1225.0,C,참여하다,chamyeohada,동,verb,參與-,"To participate in, take part in",,1,1,
1159,1226.0,C,탓,tas,명,noun,,"fault,blame",,1,1,
1160,1227.0,B,푸르다,pureuda,형,adjective,,"To be blue, to be green",,1,1,
1161,1228.0,B,걔,gyae,불,expression,그아이,Child,,1,1,
1162,1229.0,A,그래,geurae,불,expression,그리하여,So or yes or that’s right,,2,2,surface_duplicate
1163,1230.0,A,목,mok,명,noun,,The neck,,1,1,
1164,1231.0,B,발표,balpyo,명,noun,發表,Announcement,,1,1,
1165,1232.0,C,범죄,beomjoe,명,noun,犯罪,A crime,,1,1,
1166,1233.0,C,위,wi,의,noun,位,"status, position",,3,2,surface_duplicate
1167,1234.0,B,흔들다,heundeulda,동,verb,,"Shake, sway",,1,1,
1168,1235.0,B,기초,gicho,명,noun,基礎,The foundation,,1,1,
1169,1236.0,C,논리,nonri,명,noun,論理,Logic,,1,1,
1170,1237.0,B,드라마,deurama,명,noun,drama,drama,,1,1,
1171,1238.0,B,뽑다,ppopda,동,verb,,"Pull out, draw",,1,1,
1172,1239.0,A,피우다,piuda,동,verb,,"To make, build, kindle",,1,1,
1173,1240.0,C,감각,gamgak,명,noun,感覺,Sense or sensation or feeling,,1,1,
1174,1242.0,B,미리,miri,부,adverb,,Beforehand,,1,1,
1175,1243.0,B,부족하다,bujokhada,형,adjective,不足-,"Be short of, lack",,1,1,
1176,1244.0,C,인사,insa,명,noun,人事,Greetings,,3,2,surface_duplicate
1177,1245.0,B,저희,jeohui,대,pronoun,,We,,1,1,
1178,1246.0,B,진행되다,jinhaengdoeda,동,verb,進行-,"To have progressed, be advanced",,1,1,
1179,1249.0,A,교통,gyotong,명,noun,交通,Traffic or transportation,,1,1,
1180,1250.0,C,기구,gigu,명,noun,機構,"institutional organization,Structure or framework",,2,1,surface_duplicate
1181,1252.0,B,법,beop,의,noun,法,"A law, the law",,2,2,surface_duplicate
1182,1254.0,B,오랜,oraen,관,attributive,,For a long time,,1,1,
1183,1255.0,B,젊은이,jeolmeuni,명,noun,,Young person,,1,1,
1184,1256.0,C,후보,hubo,명,noun,候補,"candidature,candidacy",,1,1,
1185,1258.0,A,거리,geori,명,noun,길~,street,,3,2,surface_duplicate
1186,1259.0,B,과제,gwaje,명,noun,課題,A subject or a thesis or homework; an exercise/a problem,,1,1,
1187,1260.0,C,근거,geungeo,명,noun,根據,Basis or foundation,,1,1,
1188,1261.0,B,기록하다,girokhada,동,verb,記錄-,To record and write down,,1,1,
1189,1262.0,B,다가오다,dagaoda,동,verb,,Approach,,1,1,
1190,1263.0,A,불다,bulda,동,verb,바람이~,Blow,,1,1,
1191,1264.0,C,시각,sigak,명,noun,視角,angle/point of view. 관점.,,2,1,surface_duplicate
1192,1265.0,C,이끌다,ikkeulda,동,verb,,"To guide,lead",,1,1,
1193,1266.0,B,종합,jonghap,명,noun,綜合,Synthesis,,1,1,
1194,1267.0,A,조선글,joseongeul,명,noun,朝鮮㐎,Korean writing system,alternative:  한글 (韓㐎),1,1,
1195,1268.0,A,가을,gaeul,명,noun,,Autumn or fall,,1,1,
1196,1269.0,B,개발하다,gaebalhada,동,verb,開發-,Develop or exploit or open up to development,,1,1,
1197,1270.0,A,내일,naeil,명,noun,來日,Tomorrow,,2,1,surface_duplicate
1198,1271.0,B,떨다,tteolda,동,verb,,1. to tremble,,1,1,
1199,1272.0,A,매일,maeil,부,adverb,每日,Every day,,2,1,surface_duplicate
1200,1273.0,A,손가락,songarak,명,noun,,a finger,,1,1,
1201,1274.0,C,수단,sudan,명,noun,手段,"means,way",,1,1,
1202,1277.0,B,자,ja,감,interjection,,A person,,4,2,surface_duplicate
1203,1278.0,B,자유롭다,jayuropda,형,adjective,自由-,To be free,,1,1,
1204,1279.0,B,적극적,jeokgeukjeok,명,noun,積極的,Positively,,1,1,
1205,1280.0,B,판매,panmae,명,noun,販賣,"Sale, selling",,1,1,
1206,1281.0,C,형성,hyeongseong,명,noun,形成,Formation,,1,1,
1207,1282.0,C,기울이다,giurida,동,verb,,Tip or slant or incline,,1,1,
1208,1283.0,B,길이,giri,명,noun,,Length or extent,,1,1,
1209,1284.0,C,장면,jangmyeon,명,noun,場面,"A scene, situation",,1,1,
1210,1285.0,B,점차,jeomcha,부,adverb,漸次,"gradually,in steps",,1,1,
1211,1286.0,B,톤,ton,의,noun,ton,A ton,,1,1,
1212,1288.0,B,관련되다,gwanryeondoeda,동,verb,關聯-,Be connected or related to,,1,1,
1213,1289.0,A,급,geup,명,noun,級,Class or grade or rank,,1,1,
1214,1290.0,B,나머지,nameoji,명,noun,,"The rest, the remainder ; as a result of the excess of, as a result",,1,1,
1215,1291.0,A,날씨,nalssi,명,noun,,Weather,,1,1,
1216,1293.0,C,더불다,deobulda,동,verb,,"Join in, do together",,1,1,
1217,1294.0,A,동물,dongmul,명,noun,動物,1. animal,,1,1,
1218,1295.0,A,의사,uisa,명,noun,醫師,"A doctor, a physician",,2,1,surface_duplicate
1219,1296.0,C,개방,gaebang,명,noun,開放,Open or throw open,,1,1,
1220,1297.0,A,건강하다,geonganghada,형,adjective,健康-,To be healthy,,1,1,
1221,1298.0,B,미래,mirae,명,noun,未來,Future,,1,1,
1222,1299.0,C,앞서,apseo,부,adverb,,"Before, previously 2) in anticipation,beforehand",,1,1,
1223,1300.0,A,여러분,yeoreobun,대,pronoun,,"You (plural, to address a group at speech time)",,1,1,
1224,1301.0,A,왜냐하면,waenyahamyeon,부,adverb,,Because,,1,1,
1225,1302.0,B,인구,ingu,명,noun,人口,Population,,1,1,
1226,1303.0,B,기대하다,gidaehada,동,verb,期待-,To expect or look forward to,,1,1,
1227,1304.0,A,네,ne,관,attributive,,Yes,,2,2,surface_duplicate
1228,1305.0,A,도착하다,dochakhada,동,verb,到着-,To arrive,,1,1,
1229,1306.0,A,병,byeong,명,noun,病,Sickness,,2,1,surface_duplicate
1230,1307.0,C,소프트웨어,sopeuteuweeo,명,noun,software,Software,,1,1,
1231,1308.0,B,흘리다,heullida,동,verb,,"spill,shed (tears,blood)",,1,1,
1232,1309.0,C,반응,baneung,명,noun,反應,Reaction,,1,1,
1233,1310.0,B,주인공,juingong,명,noun,主人公,"The head of a family, the hero/heroine",,1,1,
1234,1311.0,B,당연하다,dangyeonhada,형,adjective,當然-,"Be natural, be no wonder",,1,1,
1235,1312.0,A,따뜻하다,ttatteushada,형,adjective,,1. (to be) warm,,1,1,
1236,1313.0,B,따로,ttaro,부,adverb,,1. differently; separately,,1,1,
1237,1314.0,C,비판,bipan,명,noun,批判,"criticism,a comment",,1,1,
1238,1315.0,B,빌리다,billida,동,verb,,To lend,,1,1,
1239,1316.0,C,세대,sedae,명,noun,世代,Generation,,1,1,
1240,1317.0,A,축구,chukgu,명,noun,蹴球,Football,,1,1,
1241,1318.0,B,형님,hyeongnim,명,noun,兄-,"The respectful, proper way a man refers to an older friend",,1,1,
1242,1319.0,B,놓이다,nohida,동,verb,,Be put on sth else (2) to become peaceful,,1,1,
1243,1320.0,B,당장,dangjang,명,noun,當場,"On the spot, immediately",,1,1,
1244,1321.0,B,무렵,muryeop,의,noun,,The time when,,1,1,
1245,1322.0,A,밝다,balkda,형,adjective,,To be promising,,2,1,surface_duplicate
1246,1323.0,B,사물,samul,명,noun,事物,"objects,things",,1,1,
1247,1324.0,B,일반적,ilbanjeok,명,noun,一般的,"Universal, general",,1,1,
1248,1325.0,A,장소,jangso,명,noun,場所,Place,,1,1,
1249,1326.0,B,곱다,gopda,형,adjective,아름답다,Beautiful,,1,1,
1250,1327.0,B,바닥,badak,명,noun,,Floor,,1,1,
1251,1329.0,B,새끼,saekki,명,noun,자식~,Baby animal,,1,1,
1252,1330.0,B,생각되다,saenggakdoeda,동,verb,,To come to think sth,,1,1,
1253,1331.0,B,서비스,seobiseu,명,noun,service,Service,,1,1,
1254,1332.0,B,선택하다,seontaekhada,동,verb,選擇-,To choose,,1,1,
1255,1333.0,B,심다,simda,동,verb,,"plant,sow (a tree)",,1,1,
1256,1334.0,A,적다,jeokda,동,verb,답을~,"write, write down",,2,2,surface_duplicate
1257,1335.0,A,코,ko,명,noun,,The nose,,1,1,
1258,1336.0,B,간단하다,gandanhada,형,adjective,簡單-,To be simple,,1,1,
1259,1337.0,A,고등학교,godeunghakgyo,명,noun,高等學校,A senior high school,,1,1,
1260,1338.0,C,공개,gonggae,명,noun,公開,"opening to the public, making public",,1,1,
1261,1339.0,A,교실,gyosil,명,noun,敎室,Classroom,,1,1,
1262,1340.0,B,스스로,seuseuro,명,noun,,"On its own, of its own free will",,2,2,surface_duplicate
1263,1341.0,B,견디다,gyeondida,동,verb,,Endure or bear,,1,1,
1264,1342.0,B,기사,gisa,명,noun,記事,An article or an account,,2,1,surface_duplicate
1265,1344.0,B,막히다,makhida,동,verb,,Be stopped up,,1,1,
1266,1345.0,C,매체,maeche,명,noun,媒體,"A medium,medias",,1,1,
1267,1346.0,A,별,byeol,명,noun,,A star,,2,1,surface_duplicate
1268,1347.0,A,복잡하다,bokjaphada,형,adjective,複雜-,Be complicated,,1,1,
1269,1348.0,B,뿌리다,ppurida,동,verb,,"sprinkle,scatter",,1,1,
1270,1349.0,C,영역,yeongyeok,명,noun,領域,Territory,,1,1,
1271,1350.0,C,체험,cheheom,명,noun,體驗,An experience,,1,1,
1272,1351.0,C,구속,gusok,명,noun,拘束,To arrest or put in detention,,1,1,
1273,1353.0,C,때로,ttaero,부,adverb,,1. on occasion; occasionally,,1,1,
1274,1354.0,B,어쩌면,eojjeomyeon,부,adverb,,"(1) it is possible that 아마도 2) how on earth, how the hell",,1,1,
1275,1355.0,C,극복하다,geukbokhada,동,verb,克服-,To overcome or surmount,,1,1,
1276,1356.0,C,불법,bulbeop,명,noun,不法,Illegal,,2,1,surface_duplicate
1277,1357.0,B,비밀,bimil,명,noun,秘密,A secret,,1,1,
1278,1358.0,A,색,saek,명,noun,色,Color,,1,1,
1279,1359.0,C,쓰이다,sseuida,동,verb,농사에기계가~,"To be used, to be utilized/employed",,2,1,surface_duplicate
1280,1360.0,C,일정하다,iljeonghada,형,adjective,一定-,"To be regular, established, uniform ; changeless, constant, certain, definite ; invariable (mathematics)",,1,1,
1281,1361.0,C,다지다,dajida,동,verb,,"Make sure, to harden oneself, firm up one\\`s will",,1,1,
1282,1362.0,C,밝혀지다,balkhyeojida,동,verb,,"1. To be discovered, revealed.",,1,1,
1283,1363.0,B,아까,akka,부,adverb,,A little while ago,,2,1,surface_duplicate
1284,1364.0,B,알맞다,almajda,형,adjective,,"To fit, be fitting, suitable",,1,1,
1285,1365.0,C,이념,inyeom,명,noun,理念,"An idea, a doctrine, ideology",,1,1,
1286,1366.0,B,희다,huida,형,adjective,,"White, fair",,1,1,
1287,1367.0,B,가리키다,garikida,동,verb,,Point to or indicate,,1,1,
1288,1368.0,B,모시다,mosida,동,verb,,Attend on,,1,1,
1289,1369.0,B,발달,baldal,명,noun,發達,"Development, growth",,1,1,
1290,1370.0,B,수많다,sumanhda,형,adjective,數-,Many and many,,1,1,
1291,1371.0,B,잘못,jalmos,명,noun,,"wrong, mistake",,2,1,surface_duplicate
1292,1372.0,C,치르다,chireuda,동,verb,,"Pay off, pay one’s bill",,1,1,
1293,1373.0,B,평화,pyeonghwa,명,noun,平和,Peace,,1,1,
1294,1374.0,B,공사,gongsa,명,noun,工事,Construction work or engineering work,,1,1,
1295,1375.0,B,돌,dol,명,noun,~멩이,"stone, pebble",,1,1,
1296,1376.0,A,똑같다,ttokgatda,형,adjective,,"1. just the same, exactly equal, identical",,1,1,
1297,1377.0,B,박사,baksa,명,noun,博士,Doctor,,1,1,
1298,1378.0,C,성,seong,명,noun,性,"a sex (male or female), a sexual gender",,3,1,surface_duplicate
1299,1379.0,B,전문가,jeonmunga,명,noun,專門家,A specialist,,1,1,
1300,1380.0,B,단지,danji,부,adverb,但只,"Simple, merely",,2,1,surface_duplicate
1301,1381.0,A,말씀하다,malsseumhada,동,verb,,Speak,,1,1,
1302,1382.0,B,무용,muyong,명,noun,舞踊,"dancing,a dance",,1,1,
1303,1383.0,B,불리다,bullida,동,verb,부르다'의피동사,To be called,,2,1,surface_duplicate
1304,1384.0,B,싸움,ssaum,명,noun,,A fight,,1,1,
1305,1385.0,B,자꾸,jakku,부,adverb,,"Constantly, repeatedly",,1,1,
1306,1386.0,B,차리다,charida,동,verb,,"Make ready,prepare",,1,1,
1307,1387.0,B,해외,haeoe,명,noun,海外,"Abroad, foreign countries",,1,1,
1308,1388.0,B,그리,geuri,부,adverb,그러한모양,So or to that extent,,1,1,
1309,1389.0,B,뜨다,tteuda,동,verb,솟아오르다,"to float, to stay afloat (on water)",,3,1,surface_duplicate
1310,1390.0,C,문화재,munhwajae,명,noun,文化財,Cultural assets,,1,1,
1311,1391.0,B,미소,miso,명,noun,微笑,Smile,,1,1,
1312,1392.0,A,보통,botong,명,noun,普通,The normal,,2,1,surface_duplicate
1313,1393.0,A,식당,sikdang,명,noun,食堂,Restaurant,,1,1,
1314,1394.0,B,의미하다,uimihada,동,verb,意味-,"To mean, signify",,1,1,
1315,1395.0,C,이래,irae,의,noun,以來,"Since, after that, hereafter",,1,1,
1316,1396.0,B,체육,cheyuk,명,noun,體育,Physical education,,1,1,
1317,1397.0,C,구성되다,guseongdoeda,동,verb,構成-,To be organized,,1,1,
1318,1398.0,C,독특하다,dokteukhada,형,adjective,獨特-,"Unique, characteristic, distinctive, peculiar, specific",,1,1,
1319,1399.0,B,땀,ttam,명,noun,,1. sweat,,1,1,
1320,1400.0,C,사례,sarye,명,noun,事例,"thanks,gratitude",,1,1,
1321,1401.0,A,소개하다,sogaehada,동,verb,紹介-,"To introduce,present",,1,1,
1322,1402.0,B,잘되다,jaldoeda,동,verb,,To turn out well,,1,1,
1323,1403.0,C,추진하다,chujinhada,동,verb,推進-,"To propel, drive forward",,1,1,
1324,1404.0,A,칠월,chirwol,명,noun,七月,Month of July,,1,1,
1325,1405.0,C,틀,teul,명,noun,,"A frame, framework; mold",,1,1,
1326,1406.0,C,평균,pyeonggyun,명,noun,平均,Average,,1,1,
1327,1408.0,C,훈련,hunryeon,명,noun,訓鍊,Training,,1,1,
1328,1409.0,C,흐름,heureum,명,noun,,"Flowing, a stream/current",,1,1,
1329,1410.0,A,십이월,sibiwol,명,noun,十二月,December,,1,1,
1330,1411.0,B,쌓이다,ssahida,동,verb,,Be piled/heaped up,,1,1,
1331,1412.0,B,이익,iik,명,noun,利益,Profit,,1,1,
1332,1413.0,B,쥐다,jwida,동,verb,주먹을~,"To hold,seize",,1,1,
1333,1414.0,A,컵,keop,명,noun,cup,Cup,,1,1,
1334,1415.0,B,게다가,gedaga,부,adverb,,In addition,,1,1,
1335,1416.0,B,끓이다,kkeulhida,동,verb,,Boil or heat or make hot,,1,1,
1336,1417.0,B,논문,nonmun,명,noun,論文,"Dissertations , an academic paper (these are 2 separate meanings)",,1,1,
1337,1418.0,B,멈추다,meomchuda,동,verb,,Stop,,1,1,
1338,1419.0,B,사용되다,sayongdoeda,동,verb,使用-,"Be used, be employed",,1,1,
1339,1420.0,B,오랫동안,oraesdongan,명,noun,,For a long time,,1,1,
1340,1421.0,C,위기,wigi,명,noun,危機,"A crisis,an emergency situation",,1,1,
1341,1422.0,C,정당,jeongdang,명,noun,政黨,A political party,,1,1,
1342,1423.0,A,종이,jongi,명,noun,,Paper,,1,1,
1343,1424.0,B,찾아가다,chajagada,동,verb,,To go to a place to meet somebody,,1,1,
1344,1425.0,C,폭력,pokryeok,명,noun,暴力,"voilent,brute force",,1,1,
1345,1426.0,C,혹시,hoksi,부,adverb,或是,"by any chance, accidentally, maybe",,1,1,
1346,1427.0,B,늘다,neulda,동,verb,,"Increase, gain",,1,1,
1347,1428.0,B,양,yang,명,noun,量,"quantity,volume",,4,1,surface_duplicate
1348,1430.0,C,절차,jeolcha,명,noun,節次,"process,formalities; 수속",,1,1,
1349,1431.0,B,진짜,jinjja,부,adverb,眞-,Real,,2,1,surface_duplicate
1350,1432.0,A,계시다,gyesida,보,auxiliary verb,,(someone esteemed) to stay or be located,,2,2,surface_duplicate
1351,1433.0,B,공기,gonggi,명,noun,空氣,Air,,2,1,surface_duplicate
1352,1434.0,B,닿다,dahda,동,verb,,"To reach, get to",,1,1,
1353,1435.0,B,물론,mullon,명,noun,勿論,Of course,,2,2,surface_duplicate
1354,1436.0,B,속하다,sokhada,동,verb,屬-,"Belong to, be affiliated with",,1,1,
1355,1437.0,B,올림픽,ollimpik,명,noun,Olympic,Olympic,,1,1,
1356,1438.0,B,이외,ioe,명,noun,以外,"Except, apart from",,1,1,
1357,1439.0,A,재미,jaemi,명,noun,,"amusement,enjoyment",,1,1,
1358,1440.0,B,제공하다,jegonghada,동,verb,提供-,"offer,proffer",,1,1,
1359,1441.0,C,증가하다,jeunggahada,동,verb,增加-,"increase,rise,grow",,1,1,
1360,1442.0,B,기대,gidae,명,noun,期待,Expectation,,1,1,
1361,1443.0,A,떡,tteok,명,noun,,rice cake; tteok,,1,1,
1362,1444.0,B,식물,sikmul,명,noun,植物,plant,,1,1,
1363,1445.0,B,옛,yes,관,attributive,,"Old, ancient",,1,1,
1364,1446.0,C,외치다,oechida,동,verb,,"To shout, scream",,1,1,
1365,1447.0,B,적어도,jeogeodo,부,adverb,,At the least,,1,1,
1366,1449.0,B,편하다,pyeonhada,형,adjective,便-,Untroubled from cares,,1,1,
1367,1450.0,C,평,pyeong,의,noun,坪,"a Pyeong, a square area about 2 square meters",,2,1,surface_duplicate
1368,1451.0,C,권리,gwonri,명,noun,權利,A right or a claim to,,1,1,
1369,1452.0,A,끝내다,kkeutnaeda,동,verb,,To end,,1,1,
1370,1453.0,A,대답,daedap,명,noun,對答,An answer,,1,1,
1371,1454.0,A,시작,sijak,명,noun,始作,The beginning,,1,1,
1372,1455.0,B,어려움,eoryeoum,명,noun,,"difficulty, hardship",,1,1,
1373,1456.0,A,일주일,iljuil,명,noun,一週日,One whole day,,1,1,
1374,1457.0,C,자원,jawon,명,noun,資源,Resources,,1,1,
1375,1458.0,A,춤,chum,명,noun,,Dance,,1,1,
1376,1459.0,C,넘기다,neomgida,동,verb,,"Pass over, send across",,1,1,
1377,1460.0,A,드리다,deurida,동,verb,인사를~,"humble form of 주다 (juda); to offer, to give, to present",,2,2,surface_duplicate
1378,1461.0,C,물체,mulche,명,noun,物體,A material body,,1,1,
1379,1462.0,B,분명히,bunmyeonghi,부,adverb,分明-,Obviously,,1,1,
1380,1463.0,C,시위,siwi,명,noun,示威,A demonstration,,1,1,
1381,1464.0,B,아무것,amugeos,명,noun,,Anything,,1,1,
1382,1465.0,B,온,on,관,attributive,,"All, whole, entire",,1,1,
1383,1466.0,B,젖다,jeojda,동,verb,,"To be wet, soaked",,1,1,
1384,1467.0,C,제외하다,jeoehada,동,verb,除外-,To exclude,,1,1,
1385,1468.0,B,최대,choedae,명,noun,最大,"The greatest, the largest",,1,1,
1386,1469.0,B,평소,pyeongso,명,noun,平素,"Ordinary times, ordinarily",,1,1,
1387,1470.0,C,견해,gyeonhae,명,noun,見解,An opinion or view. Same as 의견,,1,1,
1388,1471.0,A,깨끗하다,kkaekkeushada,형,adjective,,To be clean or pure,,1,1,
1389,1472.0,B,농사,nongsa,명,noun,農事,Farming,,1,1,
1390,1473.0,B,더구나,deoguna,부,adverb,,also; furthermore,,1,1,
1391,1474.0,C,안정,anjeong,명,noun,安定,Stability,,1,1,
1392,1475.0,B,어둠,eodum,명,noun,,Darkness,,1,1,
1393,1476.0,B,어둡다,eodupda,형,adjective,,"To be dark, dim, gloomy",,1,1,
1394,1477.0,C,어쨌든,eojjaessdeun,부,adverb,,"In any case, anyhow",,1,1,
1395,1478.0,B,주택,jutaek,명,noun,住宅,A house,,1,1,
1396,1480.0,B,고장,gojang,명,noun,지역,A district or producing area,,2,1,surface_duplicate
1397,1481.0,B,관련하다,gwanryeonhada,동,verb,關聯-,To be related to or connected to,,1,1,
1398,1482.0,C,눈길,nungil,명,noun,~을피하다,Line of vision,,1,1,
1399,1483.0,A,물어보다,mureoboda,동,verb,,Ask,,1,1,
1400,1484.0,A,미안하다,mianhada,형,adjective,未安-,To be sorry,,1,1,
1401,1485.0,B,밀다,milda,동,verb,,"push, shove",,1,1,
1402,1486.0,A,스트레스,seuteureseu,명,noun,stress,Stress,,1,1,
1403,1487.0,B,음,eum,감,interjection,,"Sound you make to express doubt, worry",,1,1,
1404,1488.0,A,인사,insa,명,noun,人士,"figure, distinguished person",,3,3,surface_duplicate
1405,1489.0,C,주어지다,jueojida,동,verb,,"To offer, proffer (conditions)",,1,1,
1406,1490.0,B,고려하다,goryeohada,동,verb,考慮-,Regard or respect,,1,1,
1407,1491.0,A,과일,gwail,명,noun,,A fruit,,1,1,
1408,1492.0,C,널리,neolli,부,adverb,,Widely,,1,1,
1409,1493.0,B,농촌,nongchon,명,noun,農村,A farm village,,1,1,
1410,1494.0,B,올라오다,ollaoda,동,verb,,Come up,,1,1,
1411,1495.0,B,챙기다,chaenggida,동,verb,,"gather, collect, assemble your stuff — to amass (money, a collection)",,1,1,
1412,1496.0,B,고르다,goreuda,동,verb,뽑다,Choose or select,,2,1,surface_duplicate
1413,1497.0,B,바르다,bareuda,동,verb,벽지를~,"to hang paper; to stick paper, cloth or the like",,2,2,surface_duplicate
1414,1498.0,B,벌어지다,beoreojida,동,verb,싸움이~,to occur or take place.,,2,1,surface_duplicate
1415,1499.0,C,소재,sojae,명,noun,素材,"material, subject matter",,1,1,
1416,1500.0,C,전망,jeonmang,명,noun,展望,"A view, prospect",,1,1,
1417,1501.0,B,포기하다,pogihada,동,verb,抛棄-,"To give up, to abandon",,1,1,
1418,1502.0,C,형성되다,hyeongseongdoeda,동,verb,形成-,"To be formed, made up",,1,1,
1419,1503.0,B,고치다,gochida,동,verb,,"To fix, amend, change",,1,1,
1420,1504.0,B,그림자,geurimja,명,noun,,A shadow or a silhouette or an image,,1,1,
1421,1505.0,A,눈,nun,명,noun,~이내리다,snow,,2,2,surface_duplicate
1422,1506.0,B,다하다,dahada,동,verb,,"Finish, go through, be exhausted, run out of",,1,1,
1423,1507.0,B,마침내,machimnae,부,adverb,,"Finally, in the end",,1,1,
1424,1508.0,B,비교하다,bigyohada,동,verb,比較-,To compare,,1,1,
1425,1509.0,A,시월,siwol,명,noun,十月,October,,1,1,
1426,1510.0,B,커지다,keojida,동,verb,,To become bigger,,1,1,
1427,1511.0,B,한쪽,hanjjok,명,noun,,On one side,,1,1,
1428,1512.0,B,검사,geomsa,명,noun,檢査,Investigation or inspection or examination or audit,,2,1,surface_duplicate
1429,1513.0,C,결론,gyeollon,명,noun,結論,A conclusion,,1,1,
1430,1515.0,C,들이다,deurida,동,verb,들다'의사동사,1. To let in someone or something.,,1,1,
1431,1516.0,B,맡기다,matgida,동,verb,,Entrust sb with sth,,1,1,
1432,1517.0,A,박물관,bakmulgwan,명,noun,博物館,Museum,,1,1,
1433,1519.0,B,소문,somun,명,noun,所聞,A rumor,,1,1,
1434,1520.0,B,싣다,sitda,동,verb,,"To load, take (passengers)",,1,1,
1435,1521.0,B,쌓다,ssahda,동,verb,,To pile up,,1,1,
1436,1522.0,A,어서,eoseo,부,adverb,,Quickly 2) kindly,,1,1,
1437,1523.0,C,자녀,janyeo,명,noun,子女,one’s children,,1,1,
1438,1524.0,B,제목,jemok,명,noun,題目,"A subject, theme",,1,1,
1439,1525.0,B,짓,jis,명,noun,,Something you do,,1,1,
1440,1526.0,C,판결,pangyeol,명,noun,判決,A judgment (from a judge),,1,1,
1441,1527.0,A,팔월,parwol,명,noun,八月,August,,1,1,
1442,1528.0,B,하얗다,hayahda,형,adjective,,White,,1,1,
1443,1529.0,B,희망,huimang,명,noun,希望,"Hope, wish",,1,1,
1444,1530.0,A,가방,gabang,명,noun,~을메다,Bag,,1,1,
1445,1531.0,B,군대,gundae,명,noun,軍隊,Troops or an army,,1,1,
1446,1532.0,B,그만큼,geumankeum,부,adverb,,That much or to that extent,,1,1,
1447,1533.0,B,무어,mueo,대,pronoun,,What? 무엇,,1,1,
1448,1534.0,C,비로소,biroso,부,adverb,,For the first time,,1,1,
1449,1536.0,B,상대방,sangdaebang,명,noun,相對方,Conversation partner,,1,1,
1450,1537.0,C,서구,seogu,명,noun,西歐,Western Europe,,1,1,
1451,1538.0,C,소유,soyu,명,noun,所有,Possession,,1,1,
1452,1539.0,B,시골,sigol,명,noun,,Countryside,,1,1,
1453,1540.0,B,실수,silsu,명,noun,失手,A mistake,,1,1,
1454,1541.0,B,잘못되다,jalmosdoeda,동,verb,,To turn out wrong,,1,1,
1455,1542.0,B,치료,chiryo,명,noun,治療,"Medical treatment, medical care",,1,1,
1456,1543.0,B,폭,pok,명,noun,幅,Width; range,,1,1,
1457,1544.0,A,호,ho,의,noun,號,"A pen name, a title; a number, an issue",,1,1,
1458,1545.0,B,내밀다,naemilda,동,verb,,To Push out,,1,1,
1459,1546.0,B,맞다,majda,동,verb,매를~,"be beaten, be hit",,3,3,surface_duplicate
1460,1547.0,C,부문,bumun,명,noun,部門,"A section, department",,1,1,
1461,1548.0,B,시리즈,sirijeu,명,noun,series,Series,,1,1,
1462,1549.0,B,임신,imsin,명,noun,妊娠,Pregnant,,1,1,
1463,1550.0,B,잡히다,japhida,동,verb,잡다'의피동사,To be caught ; to extinguish a fire,,1,1,
1464,1551.0,A,해,hae,의,noun,,A year,,3,2,surface_duplicate
1465,1552.0,C,규정,gyujeong,명,noun,規定,Provision or stipulation,,1,1,
1466,1553.0,B,그램,geuraem,의,noun,gram,Gram,,1,1,
1467,1554.0,B,밭,bat,명,noun,,"A field, farm",,1,1,
1468,1555.0,B,분석하다,bunseokhada,동,verb,分析-,To analyze,,1,1,
1469,1556.0,B,식구,sikgu,명,noun,食口,"Members of a family, your immediate family members (those you live with, preferably)",,1,1,
1470,1557.0,C,아예,aye,부,adverb,,"From the very first, from the very beginning",,1,1,
1471,1558.0,C,어찌,eojji,부,adverb,,"How, in what way, by what means",,1,1,
1472,1559.0,B,울리다,ullida,동,verb,종이~,To ring (a bell) ; to create an echo effect,,2,1,surface_duplicate
1473,1560.0,C,작용하다,jagyonghada,동,verb,作用-,"To apply , use",,1,1,
1474,1561.0,B,확실하다,hwaksilhada,형,adjective,確實-,"To be sure, certain",,1,1,
1475,1562.0,C,개선,gaeseon,명,noun,改善,Renovation or improvement or betterment,,1,1,
1476,1563.0,A,그릇,geureus,명,noun,,A vessel or receptacle,,1,1,
1477,1564.0,B,글자,geulja,명,noun,-字,A letter or a character,,1,1,
1478,1565.0,C,바람직하다,baramjikhada,형,adjective,,"Be desirable, advisable, to be appropriate, good",,1,1,
1479,1566.0,B,연구하다,yeonguhada,동,verb,硏究-,"To research, investigate",,1,1,
1480,1567.0,B,착하다,chakhada,형,adjective,,To be nice,,1,1,
1481,1569.0,A,개,gae,명,noun,동물,dog,,2,2,surface_duplicate
1482,1571.0,A,라디오,radio,명,noun,radio,radio,,1,1,
1483,1572.0,C,마련,maryeon,의,noun,,"planning, making arrangements ; provisions, preparations",,2,1,surface_duplicate
1484,1574.0,B,부동산,budongsan,명,noun,不動産,Real estate,,1,1,
1485,1575.0,C,신화,sinhwa,명,noun,神話,A myth,,1,1,
1486,1576.0,C,양,yang,의,noun,孃,Miss,,4,2,surface_duplicate
1487,1577.0,B,점,jeom,의,noun,點,a point or spot,,2,2,surface_duplicate
1488,1578.0,B,직업,jigeop,명,noun,職業,"An occupation, calling",,1,1,
1489,1579.0,C,거두다,geoduda,동,verb,,Collect or gather up,,1,1,
1490,1581.0,A,방학,banghak,명,noun,放學,School holidays,,1,1,
1491,1582.0,C,범위,beomwi,명,noun,範圍,"Range, area",,1,1,
1492,1583.0,B,조상,josang,명,noun,祖上,Ancestors,,1,1,
1493,1584.0,C,철학,cheolhak,명,noun,哲學,Philosophy,,1,1,
1494,1585.0,B,검다,geomda,형,adjective,색깔이~,Black or dark,,1,1,
1495,1586.0,B,곁,gyeot,명,noun,,Neighborhood or vicinity,,1,1,
1496,1587.0,C,근본적,geunbonjeok,명,noun,根本的,"foundational, fundamental",,1,1,
1497,1588.0,B,너희,neohui,대,pronoun,,You guys,,1,1,
1498,1589.0,C,대형,daehyeong,명,noun,大型,"Large, full-sized",,1,1,
1499,1590.0,B,따다,ttada,동,verb,떼다,"to pick, to pluck",,1,1,
1500,1591.0,B,문제점,munjejeom,명,noun,問題點,The point at issue,,1,1,
1501,1592.0,C,본격적,bongyeokjeok,명,noun,本格的,Exemplary,,1,1,
1502,1593.0,B,불가능하다,bulganeunghada,형,adjective,不可能-,Impossible,,1,1,
1503,1594.0,B,인제,inje,부,adverb,,Now,,2,1,surface_duplicate
1504,1595.0,B,충격,chunggyeok,명,noun,衝擊,"An impact, a shock",,1,1,
1505,1596.0,C,퍼지다,peojida,동,verb,,"Spread out, get broader",,1,1,
1506,1597.0,B,금방,geumbang,부,adverb,今方,Just now or a moment ago,,1,1,
1507,1598.0,A,남쪽,namjjok,명,noun,南-,South side,,1,1,
1508,1599.0,B,누르다,nureuda,동,verb,힘을가하다,Press or push down,,1,1,
1509,1600.0,B,미술,misul,명,noun,美術,"art, the fine arts",,1,1,
1510,1601.0,C,백성,baekseong,명,noun,百姓,The common people,,1,1,
1511,1602.0,C,상당히,sangdanghi,부,adverb,相當-,"fairly, considerably",,1,1,
1512,1603.0,A,색깔,saekkkal,명,noun,色-,Color,,1,1,
1513,1604.0,A,요리,yori,명,noun,料理,Cooking,,1,1,
1514,1605.0,A,유명하다,yumyeonghada,형,adjective,有名-,To be famous,,1,1,
1515,1606.0,C,자네,jane,대,pronoun,,You,,1,1,
1516,1607.0,C,기13,gi13,명,noun,氣,1) energy 2) breath or wind,,1,1,
1517,1608.0,B,꽤,kkwae,부,adverb,,Fairly or considerably,,1,1,
1518,1610.0,B,서로,seoro,명,noun,,"mutually,one another",,2,2,surface_duplicate
1519,1611.0,A,외국인,oegugin,명,noun,外國人,"A foreigner, a foreign national",,1,1,
1520,1612.0,B,한참,hancham,명,noun,,"For some time, for a while",,1,1,
1521,1613.0,C,군사,gunsa,명,noun,軍事,Military affairs,,2,1,surface_duplicate
1522,1614.0,B,끊다,kkeunhda,동,verb,,Cut off or sever,,1,1,
1523,1615.0,B,넘어가다,neomeogada,동,verb,,Cross or go over,,1,1,
1524,1616.0,B,담기다,damgida,동,verb,담다,Be put food in a bottle or for pickling,,1,1,
1525,1617.0,C,마당,madang,명,noun,,Garden,,2,1,surface_duplicate
1526,1619.0,A,부인,buin,명,noun,夫人,A woman,,2,1,surface_duplicate
1527,1620.0,B,서두르다,seodureuda,동,verb,,To hurry up,,1,1,
1528,1621.0,C,지적,jijeok,명,noun,指摘,"Pointing out, indication",,2,1,surface_duplicate
1529,1622.0,C,짝,jjak,명,noun,~이맞다,"One pair, one couple",,1,1,
1530,1623.0,C,참으로,chameuro,부,adverb,,"really, indeed",,1,1,
1531,1624.0,B,충분하다,chungbunhada,형,adjective,充分-,"To be sufficient, ample",,1,1,
1532,1625.0,B,기쁘다,gippeuda,형,adjective,,To be happy,,1,1,
1533,1626.0,A,뛰다,ttwida,동,verb,빨리나아가다,to run,,2,1,surface_duplicate
1534,1627.0,A,숙제,sukje,명,noun,宿題,Homework,,1,1,
1535,1628.0,C,앞두다,apduda,동,verb,,Have a distance ahead,,1,1,
1536,1629.0,C,예산,yesan,명,noun,豫算,"An estimate, budget",,1,1,
1537,1630.0,C,온갖,ongaj,관,attributive,,"All kinds, all sorts",,1,1,
1538,1631.0,C,우려,uryeo,명,noun,憂慮,"worry, anxiety, fear",,1,1,
1539,1632.0,A,우산,usan,명,noun,雨傘,An umbrella,,1,1,
1540,1633.0,B,기쁨,gippeum,명,noun,,Joy or delight,,1,1,
1541,1634.0,B,깊이,gipi,부,adverb,,Deepness,,2,1,surface_duplicate
1542,1635.0,B,꾸미다,kkumida,동,verb,,Decorate,,1,1,
1543,1636.0,B,늘리다,neullida,동,verb,,"Increase, multiply",,1,1,
1544,1637.0,B,무릎,mureup,명,noun,,A knee,,1,1,
1545,1638.0,B,발견되다,balgyeondoeda,동,verb,發見-,Be discovered,,1,1,
1546,1639.0,C,보호하다,bohohada,동,verb,保護-,"protect, shelter, guard",,1,1,
1547,1641.0,C,시스템,siseutem,명,noun,system,System,,1,1,
1548,1642.0,B,이용,iyong,명,noun,利用,"usage, to use",,1,1,
1549,1643.0,A,지난달,jinandal,명,noun,,Last month,,1,1,
1550,1644.0,B,지르다,jireuda,동,verb,소리를~,"Holler, yell, scream",,1,1,
1551,1645.0,C,참여,chamyeo,명,noun,參與,Participation,,1,1,
1552,1647.0,B,걸음,georeum,명,noun,,Walking or stepping or a step,,1,1,
1553,1648.0,B,겨우,gyeou,부,adverb,,Barely or narrowly. 간신히,,1,1,
1554,1649.0,B,마르다,mareuda,동,verb,,Become dry,,1,1,
1555,1650.0,B,비교적,bigyojeok,부,adverb,比較的,Comparatively,,1,1,
1556,1651.0,C,애쓰다,aesseuda,동,verb,,Make efforts/pains to do sth,,1,1,
1557,1652.0,C,올바르다,olbareuda,형,adjective,,"Be honest, straightforward",,1,1,
1558,1653.0,A,책상,chaeksang,명,noun,冊床,On the desk,,1,1,
1559,1654.0,A,춥다,chupda,형,adjective,,To be cold,,1,1,
1560,1655.0,C,흔하다,heunhada,형,adjective,,To be everywhere,,1,1,
1561,1657.0,B,높아지다,nopajida,동,verb,,Become high,,1,1,
1562,1658.0,B,늙다,neulkda,동,verb,,Grow old,,1,1,
1563,1659.0,C,단위,danwi,명,noun,單位,"A unit, a monad",,1,1,
1564,1660.0,A,둘째,duljjae,수,numeral,,"second, next after the first; the ordinal number for two",,2,1,surface_duplicate
1565,1661.0,C,뛰어나다,ttwieonada,형,adjective,,to excel; to be outstanding,,1,1,
1566,1662.0,A,무겁다,mugeopda,형,adjective,,Heavy ; a stuffy atmosphere,,1,1,
1567,1663.0,A,바람,baram,의,noun,눈이오는~에,Wind,,3,2,surface_duplicate
1568,1664.0,B,상상,sangsang,명,noun,想像,Imagination,,1,1,
1569,1665.0,C,소득,sodeuk,명,noun,所得,"An income, earnings",,1,1,
1570,1666.0,C,수도,sudo,명,noun,首都,"the capital city, e.g. Seoul, of a country",,1,1,
1571,1667.0,C,역,yeok,명,noun,役,theatric or cinematic role,,2,1,surface_duplicate
1572,1668.0,C,인식하다,insikhada,동,verb,認識-,"recognition, cognizance",,1,1,
1573,1669.0,C,자,ja,명,noun,字.이름석~,"letter, character",,4,3,surface_duplicate
1574,1670.0,A,침대,chimdae,명,noun,寢臺,A bed,,1,1,
1575,1672.0,A,권,gwon,의,noun,卷,A volume or a book,,1,1,
1576,1673.0,B,뜨다,tteuda,동,verb,눈을~,to open (one's eyes),,3,2,surface_duplicate
1577,1674.0,C,맺다,maejda,동,verb,,"form, tie",,1,1,
1578,1675.0,C,수요,suyo,명,noun,需要,"demand, requirement",,1,1,
1579,1676.0,B,스타,seuta,명,noun,star,Star,,1,1,
1580,1677.0,A,시계,sigye,명,noun,時計,"clock, timekeeper, timepiece",,1,1,
1581,1679.0,B,입술,ipsul,명,noun,,The lips,,1,1,
1582,1680.0,A,잎,ip,명,noun,,A leaf,,1,1,
1583,1681.0,B,중간,junggan,명,noun,中間,In the middle,,1,1,
1584,1682.0,C,지도자,jidoja,명,noun,指導者,Leader,,1,1,
1585,1683.0,A,천천히,cheoncheonhi,부,adverb,,Slowly,,1,1,
1586,1684.0,C,구성하다,guseonghada,동,verb,構成-,To organize or makeup,,1,1,
1587,1685.0,C,대체로,daechero,부,adverb,大體-,"Generally, on the whole, for the most part",,1,1,
1588,1686.0,C,때리다,ttaerida,동,verb,,"to hit, to strike, to slap",,1,1,
1589,1687.0,B,몹시,mopsi,부,adverb,,Extremely,,1,1,
1590,1688.0,C,문득,mundeuk,부,adverb,,Suddenly,,1,1,
1591,1689.0,A,스포츠,seupocheu,명,noun,sports,Sports,,1,1,
1592,1690.0,C,위원장,wiwonjang,명,noun,委員長,A chairman of a committee,,1,1,
1593,1692.0,A,저기,jeogi,대,pronoun,,"That place, there",,2,1,surface_duplicate
1594,1693.0,B,특별하다,teukbyeolhada,형,adjective,特別-,"To be special, extraordinary",,1,1,
1595,1694.0,C,효과적,hyogwajeok,명,noun,效果的,Effective,,1,1,
1596,1695.0,B,가까이,gakkai,부,adverb,,Close,,2,1,surface_duplicate
1597,1696.0,B,낫다,nasda,형,adjective,더좋다,"to be Superior, better",,2,1,surface_duplicate
1598,1697.0,B,넘어서다,neomeoseoda,동,verb,,Pass over,,1,1,
1599,1698.0,B,볶다,bokkda,동,verb,,"fry, roast",,1,1,
1600,1699.0,C,생산하다,saengsanhada,동,verb,生産-,"To produce, make",,1,1,
1601,1700.0,B,언젠가,eonjenga,부,adverb,,"One of these days, at some time in the future",,1,1,
1602,1701.0,B,예술가,yesulga,명,noun,藝術家,An artist,,1,1,
1603,1702.0,C,의도,uido,명,noun,意圖,"An intention, an aim",,1,1,
1604,1703.0,C,저지르다,jeojireuda,동,verb,,"do,commit, spoil",,1,1,
1605,1704.0,C,줄어들다,jureodeulda,동,verb,,Dwindle away,,1,1,
1606,1706.0,B,가만히,gamanhi,부,adverb,,Quietly or softly,,1,1,
1607,1707.0,C,건,geon,의,noun,件,A matter or an object or a case,,1,1,
1608,1708.0,A,교회,gyohoe,명,noun,敎會,Preach or moral instruction,,1,1,
1609,1709.0,C,대개,daegae,부,adverb,大槪,"Mostly, for the most part",,2,1,surface_duplicate
1610,1711.0,C,외부,oebu,명,noun,外部,"The exterior, the outside",,1,1,
1611,1712.0,B,한두,handu,관,attributive,,One or two,,1,1,
1612,1713.0,C,한때,hanttae,명,noun,,"For a while, temporarily",,1,1,
1613,1714.0,A,화,hwa,명,noun,~를내다,Anger (get angry),,1,1,
1614,1715.0,B,흙,heulk,명,noun,,"earth, the soil",,1,1,
1615,1716.0,B,가난하다,gananhada,형,adjective,,Poor,,1,1,
1616,1717.0,B,고객,gogaek,명,noun,顧客,Customer,,1,1,
1617,1718.0,B,과학자,gwahakja,명,noun,科學者,Scientist,,1,1,
1618,1719.0,B,관광,gwangwang,명,noun,觀光,Sightseeing or tourism,,1,1,
1619,1720.0,C,살아오다,saraoda,동,verb,,To come out alive,,1,1,
1620,1721.0,C,상대적,sangdaejeok,명,noun,相對的,"relatively, correlatively",,1,1,
1621,1722.0,B,수술,susul,명,noun,手術,Surgery,,1,1,
1622,1723.0,B,식품,sikpum,명,noun,食品,Groceries,,1,1,
1623,1724.0,B,연기,yeongi,명,noun,演技,"performance, acting",,3,1,surface_duplicate
1624,1725.0,A,일월,irwol,명,noun,一月,January,,1,1,
1625,1726.0,C,조,jo,의,noun,條,"article, clause",,3,1,surface_duplicate
1626,1728.0,A,첫째,cheosjjae,수,numeral,,The first,,2,1,surface_duplicate
1627,1730.0,B,회원,hoewon,명,noun,會員,A member of a society,,1,1,
1628,1732.0,A,도서관,doseogwan,명,noun,圖書館,Library,,1,1,
1629,1733.0,B,들려오다,deullyeooda,동,verb,,To echo (sound),,1,1,
1630,1735.0,B,조금씩,jogeumssik,부,adverb,,"A little at a time, little by little",,1,1,
1631,1736.0,C,조미료,jomiryo,명,noun,調味料,"seasoning, condiment",,1,1,
1632,1737.0,B,풀리다,pullida,동,verb,,To come loose,,1,1,
1633,1738.0,C,강력하다,gangryeokhada,형,adjective,强力-,To be strong or powerful,,1,1,
1634,1739.0,B,들여다보다,deuryeodaboda,동,verb,,To look into,,1,1,
1635,1740.0,B,마늘,maneul,명,noun,,Garlic,,1,1,
1636,1741.0,A,선물,seonmul,명,noun,膳物,"A present,gift",,1,1,
1637,1742.0,B,습관,seupgwan,명,noun,習慣,Habit,,1,1,
1638,1743.0,A,아주머니,ajumeoni,명,noun,,"An aunt, a respectable word for a married, older woman",,1,1,
1639,1744.0,A,위험,wiheom,명,noun,危險,Danger,,1,1,
1640,1745.0,A,지하,jiha,명,noun,地下,Underground,,1,1,
1641,1746.0,B,활용하다,hwaryonghada,동,verb,活用-,"Utilize, make practical use of",,1,1,
1642,1747.0,B,가꾸다,gakkuda,동,verb,,1) grow or cultivatea 2) dress oneself up,,1,1,
1643,1748.0,B,고민,gomin,명,noun,苦悶,Worry or anguish,,1,1,
1644,1749.0,B,떠올리다,tteoollida,동,verb,,To make someone think of something; to bring to mind.,,1,1,
1645,1750.0,B,맨,maen,관,attributive,,"bare,naked",,1,1,
1646,1751.0,C,법률,beopryul,명,noun,法律,"A law, statute",,1,1,
1647,1752.0,B,상처,sangcheo,명,noun,傷處,Wound,,1,1,
1648,1754.0,B,좁다,jopda,형,adjective,,Narrow,,1,1,
1649,1755.0,A,지하철,jihacheol,명,noun,地下鐵,Subway,,1,1,
1650,1756.0,B,집다,jipda,동,verb,,Pick up,,1,1,
1651,1757.0,C,현,hyeon,관,attributive,現,"The present, the existence, actuality",,1,1,
1652,1758.0,C,화면,hwamyeon,명,noun,畵面,Screen,,1,1,
1653,1759.0,B,군,gun,의,noun,君,Mr.; attached to names or surnames of young men to show a certain level of respect.,,3,2,surface_duplicate
1654,1760.0,B,대표적,daepyojeok,명,noun,代表的,Representative,,1,1,
1655,1761.0,B,만일,manil,명,noun,萬一,"If, suppose",,1,1,
1656,1762.0,B,사회적,sahoejeok,명,noun,社會的,Socially,,1,1,
1657,1763.0,B,생겨나다,saenggyeonada,동,verb,,"To begin, germinate",,1,1,
1658,1764.0,C,이어,ieo,부,adverb,,"vulgarity, slang",,1,1,
1659,1765.0,B,주부,jubu,명,noun,主婦,A wife,,1,1,
1660,1766.0,C,진리,jinri,명,noun,眞理,"A truth, a fact",,1,1,
1661,1767.0,B,태양,taeyang,명,noun,太陽,The sun,,1,1,
1662,1768.0,B,틀림없다,teullimeopsda,형,adjective,,No mistaking it,,1,1,
1663,1769.0,B,프로,peuro,명,noun,professional,Professional,,2,1,surface_duplicate
1664,1770.0,B,피다,pida,동,verb,꽃이~,To bloom ( a flower ~),,1,1,
1665,1772.0,C,공급,gonggeup,명,noun,供給,Supply or provision,,1,1,
1666,1773.0,B,도로,doro,명,noun,道路,"A road, way",,2,1,surface_duplicate
1667,1774.0,C,동료,dongryo,명,noun,同僚,"associate, colleague, coworker, comrade, brother",,1,1,
1668,1775.0,B,잘못,jalmos,부,adverb,,"wrong, mistake",,2,2,surface_duplicate
1669,1776.0,B,지다,jida,동,verb,등에~,Carry (on the back),,4,1,surface_duplicate
1670,1777.0,B,채우다,chaeuda,동,verb,자리를~,"To fill up, complete, fulfill",,1,1,
1671,1778.0,C,균형,gyunhyeong,명,noun,均衡,Balance or equilibrium,,1,1,
1672,1779.0,C,기본적,gibonjeok,명,noun,基本的,Fundamental or basic,,1,1,
1673,1780.0,B,부족,bujok,명,noun,部族,A tribe,,2,1,surface_duplicate
1674,1781.0,A,사무실,samusil,명,noun,事務室,Office,,1,1,
1675,1783.0,A,이월,iwol,명,noun,二月,February,,1,1,
1676,1784.0,A,일요일,iryoil,명,noun,日曜日,Sunday,,1,1,
1677,1785.0,C,접근,jeopgeun,명,noun,接近,Proximity,,1,1,
1678,1786.0,C,지켜보다,jikyeoboda,동,verb,,"Watch, stare at ( wait on some situation)",,1,1,
1679,1788.0,C,개성,gaeseong,명,noun,個性,Individuality or personality,,1,1,
1680,1790.0,B,달리다,dallida,동,verb,문에종이~,"to hang, weigh",,2,2,surface_duplicate
1681,1791.0,B,더하다,deohada,동,verb,,Get worse,,1,1,
1682,1792.0,C,띄다,ttuida,동,verb,눈에~,To be visible or seen,,1,1,
1683,1793.0,C,무너지다,muneojida,동,verb,,Collapse,,1,1,
1684,1794.0,B,보통,botong,부,adverb,普通,The normal,,2,2,surface_duplicate
1685,1795.0,A,쓰다,sseuda,동,verb,모자를~,"to wear, to put on (a hat, helmet, etc., on one's head; a mask, pair of glasses, etc.)",,4,3,surface_duplicate
1686,1797.0,C,이러다,ireoda,동,verb,,do/say think this way,,1,1,
1687,1798.0,C,일어서다,ireoseoda,동,verb,,"To rise to one’s feet, stand up",,1,1,
1688,1799.0,C,죄,joe,명,noun,罪,"A crime, a sin",,1,1,
1689,1800.0,B,참,cham,감,interjection,이것~,"really,truly",,3,2,surface_duplicate
1690,1801.0,B,총장,chongjang,명,noun,總長,"The president, the chancellor (university’s)",,1,1,
1691,1802.0,C,핵심,haeksim,명,noun,核心,"The kernel, the core",,1,1,
1692,1803.0,C,후반,huban,명,noun,後半,The latter/second half,,1,1,
1693,1804.0,B,단순히,dansunhi,부,adverb,單純-,Simply,,1,1,
1694,1805.0,B,달려가다,dallyeogada,동,verb,,"Run, rush, dash",,1,1,
1695,1806.0,B,방문,bangmun,명,noun,訪問,A visit,,2,1,surface_duplicate
1696,1807.0,B,불만,bulman,명,noun,不滿,Dissatisfaction,,1,1,
1697,1808.0,B,불편하다,bulpyeonhada,형,adjective,不便-,To be unpleasant,,1,1,
1698,1809.0,B,실제,silje,명,noun,實際,"The truth, a fact",,2,1,surface_duplicate
1699,1810.0,B,종,jong,명,noun,種,"A sort, kind, species",,2,1,surface_duplicate
1700,1811.0,B,피,pi,명,noun,~를흘리다,Blood (is flowing),,1,1,
1701,1812.0,A,강,gang,명,noun,江,River,,1,1,
1702,1814.0,B,관객,gwangaek,명,noun,觀客,Spectator,,1,1,
1703,1815.0,C,동작,dongjak,명,noun,動作,movement (of the body); action,,1,1,
1704,1816.0,C,뜻하다,tteushada,동,verb,,to mean; to signify,,1,1,
1705,1817.0,B,막,mak,부,adverb,바로지금,"Carelessly, at random",,2,2,surface_duplicate
1706,1818.0,B,밀리미터,millimiteo,의,noun,millimeter,Millimeter,,1,1,
1707,1819.0,A,비싸다,bissada,형,adjective,,To be expensive,,1,1,
1708,1820.0,B,숫자,susja,명,noun,數字,"A figure, number",,1,1,
1709,1821.0,B,열,yeol,명,noun,熱,Heat,,2,1,surface_duplicate
1710,1822.0,A,왼쪽,oenjjok,명,noun,,The left side,,1,1,
1711,1823.0,C,중세,jungse,명,noun,中世,The middle ages,,1,1,
1712,1824.0,A,택시,taeksi,명,noun,taxi,Taxi,,1,1,
1713,1825.0,C,통합,tonghap,명,noun,統合,"Unity, unification",,1,1,
1714,1827.0,B,계산,gyesan,명,noun,計算,Calculation,,1,1,
1715,1828.0,C,꼬리,kkori,명,noun,,Tail,,1,1,
1716,1829.0,B,놀랍다,nollapda,형,adjective,,To be surprising,,1,1,
1717,1831.0,C,양식,yangsik,명,noun,樣式,"A mode, a style, an order, a modality",,2,1,surface_duplicate
1718,1832.0,B,예전,yejeon,명,noun,,"Old days, former days",,1,1,
1719,1833.0,B,저,jeo,감,interjection,,That,,4,3,surface_duplicate
1720,1834.0,B,전기,jeongi,명,noun,電氣,Electricity,,3,1,surface_duplicate
1721,1835.0,C,주식,jusik,명,noun,株式,Stock,,1,1,
1722,1837.0,B,틀리다,teullida,동,verb,답이~,"To be turned, warped 2) go wrong, be mistaken",,1,1,
1723,1839.0,C,끊임없이,kkeunhimeopsi,부,adverb,,Constantly or unceasingly,,1,1,
1724,1840.0,B,모델,model,명,noun,model,Model,,1,1,
1725,1841.0,B,붓다,busda,동,verb,물을~,"to pour (water, liquid)",,2,1,surface_duplicate
1726,1842.0,C,상식,sangsik,명,noun,常識,Common sense,,1,1,
1727,1843.0,C,상표,sangpyo,명,noun,商標,"trademark, brand",,1,1,
1728,1844.0,A,시원하다,siwonhada,형,adjective,,"Be cool, refreshing",,1,1,
1729,1845.0,C,아니하다,anihada,보,auxiliary verb,,To be/do not,,1,1,
1730,1846.0,A,어디,eodi,감,interjection,,Where?,,2,2,surface_duplicate
1731,1847.0,C,의식하다,uisikhada,동,verb,意識-,"Be conscious of, be aware of",,1,1,
1732,1848.0,B,고모,gomo,명,noun,姑母,A paternal aunt,,1,1,
1733,1849.0,B,궁금하다,gunggeumhada,형,adjective,,To wonder or be curious about,,1,1,
1734,1850.0,C,둘러싸다,dulleossada,동,verb,,To surround.,,1,1,
1735,1851.0,B,딱,ttak,부,adverb,바라진모양,tightly; in a perfectly fitting manner,,2,1,surface_duplicate
1736,1852.0,A,뛰다,ttwida,동,verb,심장이~,"to pulsate, palpitate",,2,2,surface_duplicate
1737,1854.0,C,민주화,minjuhwa,명,noun,民主化,Democratization,,1,1,
1738,1855.0,C,보도,bodo,명,noun,報道,"news, report",,1,1,
1739,1856.0,C,살피다,salpida,동,verb,,Take a good look at,,1,1,
1740,1859.0,A,않다,anhda,동,verb,,To not do,,2,2,surface_duplicate
1741,1860.0,B,약하다,yakhada,형,adjective,弱-,To be weak,,1,1,
1742,1861.0,B,잘못하다,jalmoshada,동,verb,,To make a mistake,,1,1,
1743,1862.0,A,잡지,japji,명,noun,雜誌,A magazine,,1,1,
1744,1864.0,C,거부하다,geobuhada,동,verb,拒否-,Deny or reject or disapprove,,1,1,
1745,1865.0,B,공무원,gongmuwon,명,noun,公務員,Public servant,,1,1,
1746,1866.0,B,그만두다,geumanduda,동,verb,,Stop or discontinue,,1,1,
1747,1867.0,A,댁,daek,명,noun,宅,You and your family,,1,1,
1748,1868.0,A,반갑다,bangapda,형,adjective,,Be happy,,1,1,
1749,1869.0,B,부족,bujok,명,noun,不足,insufficiency; inadequacy,,2,2,surface_duplicate
1750,1870.0,C,실시,silsi,명,noun,實施,"execution, enforcement",,1,1,
1751,1871.0,C,운명,unmyeong,명,noun,運命,"fate, fortune",,1,1,
1752,1873.0,C,재정,jaejeong,명,noun,財政,"finances, economy",,1,1,
1753,1874.0,C,차라리,charari,부,adverb,,"rather, preferably",,1,1,
1754,1875.0,C,학자,hakja,명,noun,學者,Scholar,,1,1,
1755,1876.0,A,다녀오다,danyeooda,동,verb,,Drop in for a short visit,,1,1,
1756,1877.0,B,달다,dalda,동,verb,단추를~,"to be sweet, delicious",,5,2,surface_duplicate
1757,1878.0,C,대규모,daegyumo,명,noun,大規模,2. to be delicious,,1,1,
1758,1879.0,C,동,dong,관,attributive,同,the same,,2,1,surface_duplicate
1759,1880.0,C,민간,mingan,명,noun,民間,"civil, private",,1,1,
1760,1881.0,C,법원,beobwon,명,noun,法院,Court of justice,,1,1,
1761,1882.0,A,비디오,bidio,명,noun,video,Video,,1,1,
1762,1883.0,C,사실상,sasilsang,부,adverb,事實上,"Actually, in truth",,1,1,
1763,1884.0,C,아끼다,akkida,동,verb,,"grudge, spare",,1,1,
1764,1885.0,A,이쪽,ijjok,대,pronoun,,"This side, our way",,1,1,
1765,1888.0,C,지대,jidae,명,noun,地帶,"Zone, belt, district",,1,1,
1766,1890.0,C,판단하다,pandanhada,동,verb,判斷-,To make a conclusion,,1,1,
1767,1891.0,B,행복하다,haengbokhada,형,adjective,幸福-,To be happy,,1,1,
1768,1892.0,B,굽다,gupda,동,verb,익히다,To roast or bake,,1,1,
1769,1893.0,B,기름,gireum,명,noun,,Oil or fat,,1,1,
1770,1894.0,C,실천하다,silcheonhada,동,verb,實踐-,"To practice, put in theory",,1,1,
1771,1895.0,B,쏟아지다,ssodajida,동,verb,,To pour out,,1,1,
1772,1896.0,A,연습,yeonseup,명,noun,練習,"practice, exercise",,1,1,
1773,1897.0,A,오른쪽,oreunjjok,명,noun,,The right side,,1,1,
1774,1898.0,C,용어,yongeo,명,noun,用語,Technical terminology,,1,1,
1775,1899.0,C,익히다,ikhida,동,verb,기술을~,"to become proficient in something, Habituate oneself to",,2,1,surface_duplicate
1776,1901.0,A,지도,jido,명,noun,地圖,"Map, atlas",,2,1,surface_duplicate
1777,1902.0,C,지위,jiwi,명,noun,地位,"Position, status",,1,1,
1778,1903.0,C,풍부하다,pungbuhada,형,adjective,豊富-,"To be abundant, copious, plentiful",,1,1,
1779,1904.0,A,화장실,hwajangsil,명,noun,化粧室,Bathroom,,1,1,
1780,1905.0,B,기억하다,gieokhada,동,verb,記憶-,To recall or remember,,1,1,
1781,1907.0,C,식량,sikryang,명,noun,食糧,"food, provisions",,1,1,
1782,1908.0,C,실험,silheom,명,noun,實驗,"An experiment, test",,1,1,
1783,1909.0,C,용기,yonggi,명,noun,勇氣,Bravery,,2,1,surface_duplicate
1784,1912.0,B,토론,toron,명,noun,討論,"A debate, discussion",,1,1,
1785,1914.0,C,핵,haek,명,noun,核,"A nucleus, core",,1,1,
1786,1915.0,B,고급,gogeup,명,noun,高級,High rank or first class,,1,1,
1787,1916.0,B,고생,gosaeng,명,noun,苦生,A hard life or privation,,1,1,
1788,1918.0,B,미치다,michida,동,verb,정신에이상이생기다,"(informal, derogatory) to go crazy, to become insane",,2,2,surface_duplicate
1789,1919.0,B,밟다,balpda,동,verb,,Step on,,1,1,
1790,1920.0,C,상당하다,sangdanghada,형,adjective,相當-,"Be proper, suitable",,1,1,
1791,1921.0,B,섞다,seokkda,동,verb,,"blend, mix",,1,1,
1792,1922.0,C,수석,suseok,명,noun,首席,The top seat,,1,1,
1793,1925.0,B,없애다,eopsaeda,동,verb,,"Remove, get rid of, do away with",,1,1,
1794,1928.0,B,이뤄지다,irwojida,동,verb,,To make something for a specific purpose,,1,1,
1795,1930.0,C,적절하다,jeokjeolhada,형,adjective,適切-,Appropriateness,,1,1,
1796,1931.0,B,정상,jeongsang,명,noun,頂上,"The top, summit",,2,1,surface_duplicate
1797,1932.0,C,제사,jesa,명,noun,祭祀,A holiday ceremony,,1,1,
1798,1933.0,A,주말,jumal,명,noun,週末,Weekend,,1,1,
1799,1934.0,C,지혜,jihye,명,noun,智慧,"Wisdom, wits",,1,1,
1800,1935.0,C,참새,chamsae,명,noun,동물,A sparrow,,1,1,
1801,1936.0,B,화장품,hwajangpum,명,noun,化粧品,"Makup, cosmetics",,1,1,
1802,1937.0,B,굵다,gulkda,형,adjective,,Be thick or fat,,1,1,
1803,1939.0,B,깨끗이,kkaekkeusi,부,adverb,,Clean or neatly,,1,1,
1804,1940.0,B,낡다,nalkda,형,adjective,,Clear,,1,1,
1805,1941.0,A,내년,naenyeon,명,noun,來年,Next year,,1,1,
1806,1942.0,C,농산물,nongsanmul,명,noun,農産物,Agricultural products,,1,1,
1807,1943.0,B,눈앞,nunap,명,noun,,Before one’s eyes,,1,1,
1808,1944.0,A,대학생,daehaksaeng,명,noun,大學生,University student,,1,1,
1809,1945.0,B,방문하다,bangmunhada,동,verb,訪問-,To visit,,1,1,
1810,1946.0,B,붉다,bulkda,형,adjective,,"Be red, scalet",,1,1,
1811,1947.0,C,사고,sago,명,noun,思考,thought; reflection,,2,2,surface_duplicate
1812,1948.0,B,순서,sunseo,명,noun,順序,"system, order, sequence",,1,1,
1813,1949.0,B,아무래도,amuraedo,부,adverb,,"Never on any account, no matter what",,1,1,
1814,1950.0,B,연구소,yeonguso,명,noun,硏究所,A research institute,,1,1,
1815,1951.0,C,올,ol,관,attributive,올해,This year,,2,1,surface_duplicate
1816,1952.0,C,위대하다,widaehada,형,adjective,偉大-,"To be great, mighty, grand",,1,1,
1817,1953.0,B,이사,isa,명,noun,移徙,House-moving,,1,1,
1818,1954.0,C,지배하다,jibaehada,동,verb,支配-,"Control, direct",,1,1,
1819,1955.0,C,틈,teum,명,noun,,"A crack, gap, opening",,1,1,
1820,1956.0,C,가령,garyeong,부,adverb,假令,1) For example 2) supposing or admitting,,1,1,
1821,1958.0,C,거대하다,geodaehada,형,adjective,巨大-,Huge or gigantic or enormous,,1,1,
1822,1959.0,A,닫다,datda,동,verb,,To close,,1,1,
1823,1960.0,C,드물다,deumulda,형,adjective,,to be rare,,1,1,
1824,1961.0,B,들르다,deulleuda,동,verb,,(transitive) to hold,,1,1,
1825,1962.0,C,매달리다,maedallida,동,verb,,"Be suspended, to be hanging down (from) ; to stick to a job, to persevere",,1,1,
1826,1963.0,A,생일,saengil,명,noun,生日,A birthday,,1,1,
1827,1964.0,B,섬,seom,명,noun,,An island,,1,1,
1828,1965.0,B,이하,iha,명,noun,以下,"Less than, below",,1,1,
1829,1966.0,B,참석하다,chamseokhada,동,verb,參席-,"To attend, take part in",,1,1,
1830,1967.0,C,토대,todae,명,noun,土臺,"A foundation, a base",,1,1,
1831,1968.0,B,해결,haegyeol,명,noun,解決,"Solution, settlement",,1,1,
1832,1969.0,B,행복,haengbok,명,noun,幸福,Happiness,,1,1,
1833,1970.0,A,걸어가다,georeogada,동,verb,,To go on foot or walk,,1,1,
1834,1971.0,B,근로자,geunroja,명,noun,勤勞者,Laborer,,1,1,
1835,1972.0,B,글쎄,geulsse,감,interjection,,Now or well or let me see,,1,1,
1836,1973.0,C,목숨,moksum,명,noun,,Life,,1,1,
1837,1974.0,A,백화점,baekhwajeom,명,noun,百貨店,Department store,,1,1,
1838,1975.0,B,변화하다,byeonhwahada,동,verb,變化-,"To change, vary",,1,1,
1839,1976.0,A,병,byeong,명,noun,甁,bottle; jar,,2,2,surface_duplicate
1840,1977.0,C,빠져나가다,ppajyeonagada,동,verb,,Get/go out of here,,1,1,
1841,1978.0,A,안녕하다,annyeonghada,형,adjective,安寧-,To say hello,,1,1,
1842,1979.0,C,여론,yeoron,명,noun,輿論,"Public opinion, public sentiment towards sth",,1,1,
1843,1980.0,C,의복,uibok,명,noun,衣服,"Clothes, garments",,1,1,
1844,1981.0,C,체조,chejo,명,noun,體操,Gymnastics,,1,1,
1845,1982.0,A,출발하다,chulbalhada,동,verb,出發-,"To depart, leave",,1,1,
1846,1984.0,C,현실적,hyeonsiljeok,명,noun,現實的,"Down to earth, Realistic",,1,1,
1847,1985.0,C,화제,hwaje,명,noun,話題,Subject of conversation,,1,1,
1848,1986.0,B,결정되다,gyeoljeongdoeda,동,verb,決定-,To become decided,,1,1,
1849,1987.0,A,고양이,goyangi,명,noun,,Kitten,,1,1,
1850,1988.0,C,공격,gonggyeok,명,noun,攻擊,Attack,,1,1,
1851,1990.0,C,물가,mulga,명,noun,物價,Prices of products,,1,1,
1852,1991.0,C,민주주의,minjujuui,명,noun,民主主義,Democracy,,1,1,
1853,1992.0,B,불안,buran,명,noun,不安,"uneasiness, anxiety",,1,1,
1854,1993.0,C,소중하다,sojunghada,형,adjective,所重-,"To be important, valuable",,1,1,
1855,1994.0,B,여유,yeoyu,명,noun,餘裕,"reserve, surplus",,1,1,
1856,1995.0,C,의문,uimun,명,noun,疑問,"A question, a doubt",,1,1,
1857,1996.0,A,중학교,junghakgyo,명,noun,中學校,Middle school,,1,1,
1858,1997.0,B,킬로미터,killomiteo,의,noun,kilometer,Kilometer,,1,1,
1859,1998.0,B,파도,pado,명,noun,波濤,"Waves, billows",,1,1,
1860,1999.0,A,흰색,huinsaek,명,noun,-色,"gray, ash color",,1,1,
1861,2000.0,A,가수,gasu,명,noun,歌手,Singer,,1,1,
1862,2001.0,B,단,dan,관,attributive,單,"Only one, alone",,2,1,surface_duplicate
1863,2004.0,B,방송국,bangsongguk,명,noun,放送局,Broadcasting station,,1,1,
1864,2005.0,C,빛나다,biccnada,동,verb,,"shine, glitter",,1,1,
1865,2006.0,B,숨다,sumda,동,verb,,"To be in hiding, to hide oneself",,1,1,
1866,2007.0,C,실리다,sillida,동,verb,싣다'의피동사,"To be printed,recorded; to be loaded onto a truck (luggage)",,1,1,
1867,2008.0,C,압력,apryeok,명,noun,壓力,"pressure, stress",,1,1,
1868,2009.0,B,예금,yegeum,명,noun,預金,Deposit money,,1,1,
1869,2010.0,C,예상되다,yesangdoeda,동,verb,豫想-,"To expect, anticipate",,1,1,
1870,2012.0,B,입학,iphak,명,noun,入學,Admission into school,,1,1,
1871,2014.0,C,증권,jeunggwon,명,noun,證券,"securities, document,deed",,1,1,
1872,2015.0,C,직후,jikhu,명,noun,直後,Immediately after,,1,1,
1873,2016.0,C,차량,charyang,명,noun,車輛,"vehicles, cars",,1,1,
1874,2017.0,C,출산,chulsan,명,noun,出産,Child birth,,1,1,
1875,2024.0,B,물다,mulda,동,verb,담배를~,"bite, put in the mouth",,1,1,
1876,2025.0,C,선진국,seonjinguk,명,noun,先進國,A developed country,,1,1,
1877,2027.0,A,약,yak,명,noun,藥,drug; medicine,,3,2,surface_duplicate
1878,2028.0,B,어느새,eoneusae,부,adverb,,"In no time, quickly",,1,1,
1879,2030.0,C,재판,jaepan,명,noun,裁判,A trial,,1,1,
1880,2031.0,A,저쪽,jeojjok,대,pronoun,,"Over there, in that direction",,1,1,
1881,2032.0,C,제자,jeja,명,noun,弟子,A disciple,,1,1,
1882,2033.0,A,창문,changmun,명,noun,窓門,A window,,1,1,
1883,2034.0,B,초,cho,의,noun,秒,"unit of time, second",,2,2,surface_duplicate
1884,2035.0,B,치즈,chijeu,명,noun,cheese,Cheese,,1,1,
1885,2036.0,C,회복,hoebok,명,noun,回復,"Recovery, recuperation",,1,1,
1886,2037.0,C,구역,guyeok,명,noun,區域,A zone or district,,1,1,
1887,2038.0,C,대응,daeeung,명,noun,對應,"Confrontation, opposition",,1,1,
1888,2039.0,B,반대하다,bandaehada,동,verb,反對-,Be opposed to,,1,1,
1889,2040.0,C,발휘하다,balhwihada,동,verb,發揮-,"Display, exhibit",,1,1,
1890,2041.0,C,소비,sobi,명,noun,消費,Consumption,,1,1,
1891,2042.0,C,심장,simjang,명,noun,心臟,The heart,,1,1,
1892,2043.0,B,아이고,aigo,감,interjection,,Oh my god!,,1,1,
1893,2047.0,B,조용히,joyonghi,부,adverb,,Quietly,,1,1,
1894,2048.0,C,중소기업,jungsogieop,명,noun,中小企業,Small and medium enterprises,,1,1,
1895,2049.0,C,직접적,jikjeopjeok,명,noun,直接的,"Directly, immediately",,1,1,
1896,2050.0,C,진실,jinsil,명,noun,眞實,"Truth, sincerity",,1,1,
1897,2051.0,C,필자,pilja,명,noun,筆者,"The writer, author",,1,1,
1898,2052.0,C,협력,hyeopryeok,명,noun,協力,"Cooperation, cooperate with",,1,1,
1899,2053.0,B,가스,gaseu,명,noun,gas,Gas,,1,1,
1900,2054.0,C,계층,gyecheung,명,noun,階層,A class or social stratum,,1,1,
1901,2055.0,B,구멍,gumeong,명,noun,,A hole,,1,1,
1902,2057.0,C,담당,damdang,명,noun,擔當,"Charge, undertaking",,1,1,
1903,2059.0,B,만화,manhwa,명,noun,漫畵,Cartoons,,1,1,
1904,2060.0,B,먹이다,meogida,동,verb,,"support, feed",,1,1,
1905,2061.0,B,무시하다,musihada,동,verb,無視-,"disregard, ignore ; to be defiant and fail to observe",,1,1,
1906,2062.0,C,보도하다,bodohada,동,verb,報道-,"To report, inform",,1,1,
1907,2063.0,B,살짝,saljjak,부,adverb,,"(1) softly, lightly, just a little (2) furtively, stealthily",,1,1,
1908,2064.0,B,생각나다,saenggaknada,동,verb,,To remember,,1,1,
1909,2065.0,A,우유,uyu,명,noun,牛乳,Milk,,1,1,
1910,2066.0,C,인상,insang,명,noun,引上,"rise, raise, increase",,3,1,surface_duplicate
1911,2067.0,B,차갑다,chagapda,형,adjective,,Cold,,1,1,
1912,2068.0,C,철저하다,cheoljeohada,형,adjective,徹底-,"thoroughness, cleanliness",,1,1,
1913,2069.0,C,태아,taea,명,noun,胎兒,"A fetus, an unborn child",,1,1,
1914,2070.0,B,관찰하다,gwanchalhada,동,verb,觀察-,Observe or view or watch,,1,1,
1915,2071.0,B,괜히,gwaenhi,부,adverb,,"In vain or useless or fruitless, for a stupid reason",,1,1,
1916,2072.0,B,끼다,kkida,동,verb,끼우다,"To put on or wear, to wear (a ring)",,2,1,surface_duplicate
1917,2073.0,B,날개,nalgae,명,noun,,The wings,,1,1,
1918,2074.0,B,녀석,nyeoseok,의,noun,,Fellow,,1,1,
1919,2075.0,B,눈빛,nunbicc,명,noun,~이매섭다,The glitter of one’s eyes,,1,1,
1920,2076.0,B,단지,danji,명,noun,團地,"(apartment/housing/work) complex, development",,2,2,surface_duplicate
1921,2077.0,C,두르다,dureuda,동,verb,,"to surround, to wrap, to wear",,1,1,
1922,2078.0,C,드디어,deudieo,부,adverb,,"finally, at last",,1,1,
1923,2079.0,B,물속,mulsok,명,noun,,Inside the water,,1,1,
1924,2080.0,C,민주,minju,명,noun,民主,Democracy,,1,1,
1925,2082.0,B,성공하다,seonggonghada,동,verb,成功-,To succeed,,1,1,
1926,2083.0,B,소나무,sonamu,명,noun,,A pine tree,,1,1,
1927,2084.0,B,여기저기,yeogijeogi,명,noun,,Here and there,,1,1,
1928,2085.0,C,여인,yeoin,명,noun,女人,"beauty, belle",,1,1,
1929,2086.0,C,운영하다,unyeonghada,동,verb,運營-,"manage, administer",,1,1,
1930,2089.0,C,평가하다,pyeonggahada,동,verb,評價-,"To evaluate, estimate, judge",,1,1,
1931,2090.0,A,표,pyo,명,noun,票,"A marker, indication",,2,1,surface_duplicate
1932,2091.0,C,필요성,piryoseong,명,noun,必要性,Necessity,,1,1,
1933,2092.0,C,감추다,gamchuda,동,verb,,Hide or conceal,,1,1,
1934,2094.0,B,머무르다,meomureuda,동,verb,,Stay overnight,,1,1,
1935,2095.0,C,모,mo,대,pronoun,某,"A certain person, mr. Jones",,2,1,surface_duplicate
1936,2096.0,C,부위,buwi,명,noun,部位,"A region, part",,1,1,
1937,2097.0,C,비우다,biuda,동,verb,,"empty, vacate",,1,1,
1938,2098.0,C,설치하다,seolchihada,동,verb,設置-,"To found, establish, create",,1,1,
1939,2099.0,A,십일월,sibirwol,명,noun,十一月,November,,1,1,
1940,2100.0,B,싸다,ssada,동,verb,보자기에~,"Wrap in, bundle",,2,1,surface_duplicate
1941,2101.0,C,아울러,aulleo,부,adverb,,"And, both together",,1,1,
1942,2103.0,C,지시,jisi,명,noun,指示,"Directions, orders",,1,1,
1943,2106.0,C,형성하다,hyeongseonghada,동,verb,形成-,"To form, make, take shape",,1,1,
1944,2107.0,B,형제,hyeongje,명,noun,兄弟,Brothers and sisters,,1,1,
1945,2108.0,B,화려하다,hwaryeohada,형,adjective,華麗-,"Splendor, magnificence of a display, a look",,1,1,
1946,2109.0,A,거울,geoul,명,noun,,1) mirror 2) a pattern or model or exemplar,,1,1,
1947,2110.0,C,덧붙이다,deosbutida,동,verb,,"Add a thing, append",,1,1,
1948,2111.0,B,딴,ttan,관,attributive,~일,"another, other; different",,1,1,
1949,2112.0,B,몇몇,myeoccmyeocc,관,attributive,,Several,,1,1,
1950,2113.0,C,무기,mugi,명,noun,武器,Weapon,,1,1,
1951,2114.0,B,세계적,segyejeok,명,noun,世界的,International,,1,1,
1952,2115.0,B,안전,anjeon,명,noun,安全,Safety,,1,1,
1953,2116.0,B,양파,yangpa,명,noun,洋-,An onion,,1,1,
1954,2117.0,B,이상,isang,명,noun,異常,"strange, abnormal, odd, weird, bizarre",,3,2,surface_duplicate
1955,2118.0,C,일종,iljong,명,noun,一種,"A kind, a sort, a species",,1,1,
1956,2119.0,C,처지,cheoji,명,noun,處地,"A situation,circumstances",,1,1,
1957,2120.0,B,촬영,chwaryeong,명,noun,撮影,"Photographing, taking pictures/films",,1,1,
1958,2121.0,C,타다,tada,동,verb,장작이~,(intransitive) to burn,,4,2,surface_duplicate
1959,2122.0,B,틀다,teulda,동,verb,,"To twist, wind",,1,1,
1960,2123.0,C,형편,hyeongpyeon,명,noun,形便,"The situation, the state of things (esp. financial)",,1,1,
1961,2124.0,B,가지,gaji,명,noun,~를치다,eggplant/aubergine,,2,2,surface_duplicate
1962,2125.0,B,감다,gamda,동,verb,눈을~,Close,,2,1,surface_duplicate
1963,2126.0,B,고추,gochu,명,noun,,Red pepper,,1,1,
1964,2127.0,B,규칙,gyuchik,명,noun,規則,Rules or regulations,,1,1,
1965,2128.0,C,본질,bonjil,명,noun,本質,"True nature,essence",,1,1,
1966,2129.0,C,비치다,bichida,동,verb,,Shine,,1,1,
1967,2130.0,A,빵,ppang,명,noun,,Bread,,1,1,
1968,2131.0,C,서서히,seoseohi,부,adverb,徐徐-,"Slowly, little by little",,1,1,
1969,2132.0,C,스승,seuseung,명,noun,,"A teacher,master",,1,1,
1970,2133.0,C,신분,sinbun,명,noun,身分,Social position,,1,1,
1971,2134.0,C,실시되다,silsidoeda,동,verb,實施-,To be enforced,,1,1,
1972,2135.0,B,아마도,amado,부,adverb,,Probably,,1,1,
1973,2136.0,B,안방,anbang,명,noun,-房,The inner room,,1,1,
1974,2137.0,B,앓다,alhda,동,verb,,"To be ill, sick with sth",,1,1,
1975,2138.0,A,어제,eoje,부,adverb,,Yesterday,,2,1,surface_duplicate
1976,2140.0,B,오직,ojik,부,adverb,,"Only, merely, solely",,1,1,
1977,2141.0,A,위험하다,wiheomhada,형,adjective,危險-,To be dangerous,,1,1,
1978,2143.0,B,자신,jasin,명,noun,自信,confidence,,2,2,surface_duplicate
1979,2144.0,B,잠시,jamsi,명,noun,暫時,"a moment, a short time",,2,2,surface_duplicate
1980,2145.0,A,졸업하다,joreophada,동,verb,卒業-,To graduate,,1,1,
1981,2146.0,C,증거,jeunggeo,명,noun,證據,"evidence,proof",,1,1,
1982,2147.0,C,초점,chojeom,명,noun,焦點,"A focus, a focal point",,1,1,
1983,2148.0,B,포함되다,pohamdoeda,동,verb,包含-,To be included in,,1,1,
1984,2150.0,B,호랑이,horangi,명,noun,虎狼-,A tiger,,1,1,
1985,2151.0,C,강화하다,ganghwahada,동,verb,强化-,Strengthen,,1,1,
1986,2152.0,C,공포,gongpo,명,noun,恐怖,Fear or dread,,1,1,
1987,2153.0,C,권위,gwonwi,명,noun,權威,1) Authority or power 2) dignity or prestige,,1,1,
1988,2154.0,B,덜,deol,부,adverb,,"Less, incompletely",,1,1,
1989,2155.0,B,둥글다,dunggeulda,형,adjective,,"to be round, circular",,1,1,
1990,2157.0,C,미루다,miruda,동,verb,,"Postpone ; (2) to guess, infer and make an educated guess",,1,1,
1991,2158.0,B,본래,bonrae,명,noun,本來,"originally,primarily",,1,1,
1992,2159.0,A,부엌,bueok,명,noun,,Kitchen,,1,1,
1993,2160.0,B,세금,segeum,명,noun,稅金,Tax,,1,1,
1994,2162.0,C,실정,siljeong,명,noun,實情,The actual situation,,1,1,
1995,2163.0,C,영양,yeongyang,명,noun,營養,Nutrition,,1,1,
1996,2164.0,C,육체,yukche,명,noun,肉體,"The flesh, the body",,1,1,
1997,2165.0,B,입구,ipgu,명,noun,入口,Entrance,,1,1,
1998,2166.0,B,잔뜩,jantteuk,부,adverb,,"extremely, to the utmost",,1,1,
1999,2167.0,B,적극,jeokgeuk,명,noun,積極,The positive,,1,1,
2000,2168.0,B,최소한,choesohan,명,noun,最小限,At least,,1,1,
2001,2169.0,B,펼쳐지다,pyeolchyeojida,동,verb,,"Stretch, extend away",,1,1,
2002,2170.0,B,경험하다,gyeongheomhada,동,verb,經驗-,To experience or go through,,1,1,
2003,2171.0,C,그이,geui,대,pronoun,,That person or he or him / she or her,,1,1,
2004,2172.0,B,넘치다,neomchida,동,verb,,Overflow,,1,1,
2005,2173.0,B,놓치다,nohchida,동,verb,,"Miss, let slip",,1,1,
2006,2174.0,C,대기,daegi,명,noun,大氣,The atmosphere,,1,1,
2007,2175.0,C,독립,dokrip,명,noun,獨立,Independence,,1,1,
2008,2176.0,B,돌아보다,doraboda,동,verb,,"to look back, to think back, to reminisce",,1,1,
2009,2177.0,B,또다시,ttodasi,부,adverb,,"again, once more, once again",,1,1,
2010,2178.0,B,머릿속,meorissok,명,noun,,Inside one’s head,,1,1,
2011,2179.0,A,북쪽,bukjjok,명,noun,北-,The north direction,,1,1,
2012,2180.0,B,불안하다,buranhada,형,adjective,不安-,"To be uneasy, anxious",,1,1,
2013,2181.0,A,쇠고기,soegogi,명,noun,,Beef,,1,1,
2014,2182.0,B,위반,wiban,명,noun,違反,"Violation, infringement",,1,1,
2015,2183.0,A,주,ju,명,noun,週,One week,,3,1,surface_duplicate
2016,2184.0,A,카드,kadeu,명,noun,card,Card,,1,1,
2017,2185.0,B,평생,pyeongsaeng,명,noun,平生,"one's entire life, lifetime",,1,1,
2018,2186.0,C,해당하다,haedanghada,동,verb,該當-,To be applied/applicable under,,1,1,
2019,2187.0,C,간부,ganbu,명,noun,幹部,"The leaders (cadre, exec, executive, management)",,1,1,
2020,2189.0,C,관념,gwannyeom,명,noun,觀念,An idea or notion,,1,1,
2021,2190.0,B,굉장히,goengjanghi,부,adverb,宏壯-,Very much or greatly,,1,1,
2022,2192.0,A,단어,daneo,명,noun,單語,Word,,1,1,
2023,2193.0,B,덮다,deopda,동,verb,,"To cover, veil",,1,1,
2024,2194.0,A,도와주다,dowajuda,동,verb,,To help,,1,1,
2025,2195.0,C,도입,doip,명,noun,導入,"introduction, invitation",,1,1,
2026,2196.0,B,몰다,molda,동,verb,,Drive ; to chase or urge on,,1,1,
2027,2197.0,B,배우,baeu,명,noun,俳優,Actor,,1,1,
2028,2198.0,C,비추다,bichuda,동,verb,,"(1) Shed, throw light on (2) to reflect in the mirror",,1,1,
2029,2199.0,A,신발,sinbal,명,noun,,"shoes, footwear",,1,1,
2030,2200.0,B,알,al,명,noun,,"An egg, spawn (fish)",,1,1,
2031,2201.0,B,앞서다,apseoda,동,verb,,"To go before, precede",,1,1,
2032,2202.0,C,여건,yeogeon,명,noun,與件,"A postulate, a given condition",,1,1,
2033,2203.0,B,오래전,oraejeon,명,noun,-前,Since a long time before,,1,1,
2034,2204.0,B,자격,jagyeok,명,noun,資格,Qualification,,1,1,
2035,2205.0,C,통제,tongje,명,noun,統制,"control, regulation",,1,1,
2036,2206.0,B,계단,gyedan,명,noun,階段,A staircase or a set of stairs,,1,1,
2037,2207.0,A,김치,gimchi,명,noun,,Spicy cabbage,,1,1,
2038,2208.0,B,끄덕이다,kkeudeogida,동,verb,,Nod,,1,1,
2039,2209.0,B,낯설다,naccseolda,형,adjective,,"To be unfamiliar with, to be a stranger to ( a person)",,1,1,
2040,2210.0,B,높이,nopi,명,noun,,Height (noun),,2,1,surface_duplicate
2041,2211.0,B,닮다,talmda,동,verb,,Resemble,,1,1,
2042,2212.0,B,마음속,maeumsok,명,noun,,Deep in one’s heart,,1,1,
2043,2213.0,C,못지않다,mosjianhda,형,adjective,,Be just as good as,,1,1,
2044,2214.0,C,반영하다,banyeonghada,동,verb,反映-,"Reflect, be reflected",,1,1,
2045,2216.0,B,뼈,ppyeo,명,noun,,A bone,,1,1,
2046,2217.0,C,성장하다,seongjanghada,동,verb,成長-,"To grow,be brought up",,1,1,
2047,2218.0,C,소속,sosok,명,noun,所屬,"Belong to, attached to",,1,1,
2048,2219.0,B,연결되다,yeongyeoldoeda,동,verb,連結-,"Connect, attach",,1,1,
2049,2220.0,B,장사,jangsa,명,noun,,"trade,business",,1,1,
2050,2221.0,C,제작,jejak,명,noun,製作,"manufacture,production",,1,1,
2051,2222.0,B,제한,jehan,명,noun,制限,"limits,bounds",,1,1,
2052,2223.0,B,차다,chada,동,verb,공을~,to kick,,4,2,surface_duplicate
2053,2224.0,C,추진,chujin,명,noun,推進,"Propulsion, drive",,1,1,
2054,2225.0,B,취하다,chwihada,동,verb,醉-,"to get drunk, to become intoxicated",,2,2,surface_duplicate
2055,2226.0,B,콩,kong,명,noun,,A bean,,1,1,
2056,2227.0,B,한숨,hansum,명,noun,~을쉬다,sigh,,1,1,
2057,2228.0,B,헤어지다,heeojida,동,verb,,"Part from, part company with",,1,1,
2058,2229.0,C,구입하다,guiphada,동,verb,購入-,Purchase or buying,,1,1,
2059,2230.0,A,날다,nalda,동,verb,,To fly,,1,1,
2060,2231.0,B,너머,neomeo,명,noun,,"Beyond, on the other side",,1,1,
2061,2232.0,B,동기,donggi,명,noun,動機,"machine, engine",,2,1,surface_duplicate
2062,2233.0,C,마련,maryeon,명,noun,,"planning, making arrangements ; provisions, preparations",,2,2,surface_duplicate
2063,2234.0,B,살,sal,명,noun,~을빼다,"flesh, muscle, skin",,2,2,surface_duplicate
2064,2235.0,C,선장,seonjang,명,noun,船長,A captain,,1,1,
2065,2236.0,A,설탕,seoltang,명,noun,雪糖,Sugar,,1,1,
2066,2237.0,B,순수하다,sunsuhada,형,adjective,純粹-,To be pure,,1,1,
2067,2238.0,B,스타일,seutail,명,noun,style,Style,,1,1,
2068,2239.0,C,시점,sijeom,명,noun,時點,Point in time,,1,1,
2069,2240.0,A,싸다,ssada,형,adjective,집값이~,"to be cheap, to be inexpensive",,2,2,surface_duplicate
2070,2241.0,C,의사,uisa,명,noun,意思,intent,,2,2,surface_duplicate
2071,2243.0,B,집중,jipjung,명,noun,集中,Concentration,,1,1,
2072,2244.0,C,코드,kodeu,명,noun,code,Code,,1,1,
2073,2245.0,B,큰일,keunil,명,noun,중대한일,"An important affair, a serious matter",,1,1,
2074,2246.0,B,거짓말,geojismal,명,noun,,A lie or falsehood,,1,1,
2075,2248.0,B,대단하다,daedanhada,형,adjective,,"Considerable, grand",,1,1,
2076,2249.0,B,대단히,daedanhi,부,adverb,,Extremely,,1,1,
2077,2250.0,B,마주,maju,부,adverb,,Face to face,,1,1,
2078,2251.0,C,세계관,segyegwan,명,noun,世界觀,A worldview,,1,1,
2079,2252.0,A,어제,eoje,명,noun,어저께,Yesterday,,2,2,surface_duplicate
2080,2253.0,B,온통,ontong,부,adverb,,"Wholly, entirely",,1,1,
2081,2254.0,C,의존하다,uijonhada,동,verb,依存-,"To depend on, rely on",,1,1,
2082,2255.0,B,자세히,jasehi,부,adverb,仔細-,In detail,,1,1,
2083,2256.0,A,점심,jeomsim,명,noun,點心,Lunch,,1,1,
2084,2257.0,B,정확히,jeonghwakhi,부,adverb,正確-,Exactly,,1,1,
2085,2258.0,B,지치다,jichida,동,verb,일에~,"Be exhausted, fatigued",,1,1,
2086,2259.0,B,청년,cheongnyeon,명,noun,靑年,"A young man, a youth",,1,1,
2087,2260.0,B,혀,hyeo,명,noun,,The tongue,,1,1,
2088,2261.0,B,확대하다,hwakdaehada,동,verb,擴大-,"To enlarge,magnify",,1,1,
2089,2262.0,B,후춧가루,huchusgaru,명,noun,,Ground pepper,,1,1,
2090,2263.0,C,건설하다,geonseolhada,동,verb,建設-,To construct or erect,,1,1,
2091,2264.0,C,경쟁력,gyeongjaengryeok,명,noun,競爭力,Competitiveness,,1,1,
2092,2265.0,B,마침,machim,부,adverb,,"Just, exactly",,1,1,
2093,2266.0,B,신용,sinyong,명,noun,信用,"confidence,trust",,1,1,
2094,2267.0,C,연락,yeonrak,명,noun,連絡,"Connection, communication",,1,1,
2095,2268.0,B,온몸,onmom,명,noun,,The whole body,,1,1,
2096,2269.0,B,정,jeong,명,noun,情,Feeling of attachment,,1,1,
2097,2270.0,B,정신적,jeongsinjeok,명,noun,精神的,Mental,,1,1,
2098,2271.0,B,증상,jeungsang,명,noun,症狀,Symptoms,,1,1,
2099,2272.0,B,출연하다,churyeonhada,동,verb,出演-,"Appear on stage, act, sing",,1,1,
2100,2273.0,A,칼,kal,명,noun,베는도구,A knife,,1,1,
2101,2274.0,B,한꺼번에,hankkeobeone,부,adverb,,All at once,,1,1,
2102,2275.0,B,강제,gangje,명,noun,强制,Compulsion or coercion,,1,1,
2103,2276.0,B,건너다,geonneoda,동,verb,,Go over or go across,,1,1,
2104,2277.0,B,깨다,kkaeda,동,verb,술이~,"to regain consciousness; to wake up, to awake, to become sober",,2,1,surface_duplicate
2105,2278.0,B,낚시,nakksi,명,noun,,Fishing,,1,1,
2106,2279.0,B,다가가다,dagagada,동,verb,,To get near to,,1,1,
2107,2280.0,B,뛰어들다,ttwieodeulda,동,verb,,"to run, to rush",,1,1,
2108,2281.0,C,문자,munja,명,noun,文字,"letters,character",,1,1,
2109,2282.0,B,묻다,mutda,동,verb,옷에흙이~,"(intransitive) to stick, adhere; to be dirty with",,3,2,surface_duplicate
2110,2283.0,C,비롯되다,birosdoeda,동,verb,,"To be begun, to have started",,1,1,
2111,2284.0,A,슬프다,seulpeuda,형,adjective,,"To be sad,sorrowful",,1,1,
2112,2285.0,B,신부,sinbu,명,noun,新婦,Bride,,2,1,surface_duplicate
2113,2286.0,C,여겨지다,yeogyeojida,동,verb,,"To look, appear, think of sth as",,1,1,
2114,2287.0,B,오징어,ojingeo,명,noun,,"Cuttlefish, squid",,1,1,
2115,2288.0,B,요금,yogeum,명,noun,料金,"A rate, a fare",,1,1,
2116,2289.0,B,용돈,yongdon,명,noun,用-,"Pocket money, money for expenses",,1,1,
2117,2290.0,C,위주,wiju,명,noun,爲主,Put first in importance,,1,1,
2118,2291.0,B,음료,eumryo,명,noun,飮料,"A beverage, a drink",,1,1,
2119,2292.0,A,의자,uija,명,noun,椅子,A chair,,1,1,
2120,2293.0,B,전자,jeonja,명,noun,電子,An electron,,1,1,
2121,2294.0,B,전해지다,jeonhaejida,동,verb,傳-,To be transmitted,,1,1,
2122,2295.0,C,전환,jeonhwan,명,noun,轉換,"To exchange, convert, change",,1,1,
2123,2296.0,C,지경,jigyeong,의,noun,地境,"A boundary,situation,state",,1,1,
2124,2297.0,C,진행,jinhaeng,명,noun,進行,"Progress, advance",,1,1,
2125,2298.0,A,카메라,kamera,명,noun,camera,Camera,,1,1,
2126,2299.0,C,통증,tongjeung,명,noun,痛症,"An ache, pain",,1,1,
2127,2300.0,B,편리하다,pyeonrihada,형,adjective,便利-,"To be convenient, handy",,1,1,
2128,2301.0,C,하천,hacheon,명,noun,河川,"A river, watercourse",,1,1,
2129,2302.0,B,현금,hyeongeum,명,noun,現金,"Cash, ready funds, not a credit card",,1,1,
2130,2303.0,C,화학,hwahak,명,noun,化學,Chemistry,,1,1,
2131,2304.0,B,활발하다,hwalbalhada,형,adjective,活潑-,"Be lively, sprightly",,1,1,
2132,2305.0,B,가리다,garida,동,verb,시비를~,"to tell (right from wrong / truth from falsehood), to distinguish (the good from the bad)",,2,1,surface_duplicate
2133,2306.0,C,거칠다,geochilda,형,adjective,,Coarse (texture) or wild (behavior) or (rain and wind) rough or wild,,1,1,
2134,2307.0,C,그나마,geunama,부,adverb,,Even though or nevertheless,,1,1,
2135,2308.0,C,그야말로,geuyamallo,부,adverb,,"really, indeed",,1,1,
2136,2309.0,B,껍질,kkeopjil,명,noun,,Skin or nutshell,,1,1,
2137,2310.0,C,남부,nambu,명,noun,南部,The south part,,1,1,
2138,2311.0,B,명령,myeongryeong,명,noun,命令,"An order,command",,1,1,
2139,2312.0,B,몰래,mollae,부,adverb,,"secretly,quietly",,1,1,
2140,2313.0,B,무조건,mujogeon,부,adverb,無條件,Unconditional,,1,1,
2141,2314.0,B,반장,banjang,명,noun,班長,Squad leader,,1,1,
2142,2315.0,B,부근,bugeun,명,noun,附近,"neighborhood,vicinity",,1,1,
2143,2316.0,B,선택,seontaek,명,noun,選擇,A choice,,1,1,
2144,2319.0,B,역사가,yeoksaga,명,noun,歷史家,Historian,,1,1,
2145,2320.0,B,연구자,yeonguja,명,noun,硏究者,Researcher,,1,1,
2146,2321.0,C,연기자,yeongija,명,noun,演技者,"A performer, an actor",,1,1,
2147,2322.0,C,워낙,wonak,부,adverb,,"By nature, primarily, by constitution",,1,1,
2148,2323.0,B,정리,jeongri,명,noun,整理,"arrangment,regulation,adjustment",,1,1,
2149,2324.0,B,조그맣다,jogeumahda,형,adjective,,"Be tiny,small",,1,1,
2150,2325.0,B,줄기,julgi,명,noun,,"A trunk, stem, stalk",,1,1,
2151,2326.0,B,찾아내다,chajanaeda,동,verb,,"To find out, discover",,1,1,
2152,2327.0,A,토요일,toyoil,명,noun,土曜日,Saturday,,1,1,
2153,2329.0,A,경찰관,gyeongchalgwan,명,noun,警察官,a policeman,,1,1,
2154,2330.0,B,권하다,gwonhada,동,verb,勸-,1) advise or persuade 2) recommend,,1,1,
2155,2331.0,A,극장,geukjang,명,noun,劇場,Theater or playhouse,,1,1,
2156,2332.0,B,끝내,kkeutnae,부,adverb,,The end,,1,1,
2157,2333.0,B,대문,daemun,명,noun,大門,A big gate,,1,1,
2158,2334.0,C,더욱이,deougi,부,adverb,,"Besides, moreover",,1,1,
2159,2335.0,C,별도,byeoldo,명,noun,別途,A separate way,,1,1,
2160,2336.0,C,비극,bigeuk,명,noun,悲劇,A tragedy,,1,1,
2161,2339.0,C,솜씨,somssi,명,noun,,"skill,ability",,1,1,
2162,2340.0,B,시내,sinae,명,noun,市內,The city,,1,1,
2163,2341.0,B,신,sin,명,noun,~이나다,joy; delight; amusement,,2,2,surface_duplicate
2164,2343.0,B,실내,silnae,명,noun,室內,In the room,,1,1,
2165,2344.0,B,쏟다,ssotda,동,verb,,To pour . 붓다,,1,1,
2166,2345.0,B,연결하다,yeongyeolhada,동,verb,連結-,"Connect, attach",,1,1,
2167,2346.0,B,외교,oegyo,명,noun,外交,Diplomacy,,1,1,
2168,2348.0,B,주머니,jumeoni,명,noun,,Pocket,,1,1,
2169,2350.0,B,계약,gyeyak,명,noun,契約,Contract,,1,1,
2170,2351.0,B,과장,gwajang,명,noun,課長,The department/section head,,1,1,
2171,2352.0,C,극,geuk,명,noun,劇,Drama or play,,1,1,
2172,2353.0,C,나란히,naranhi,부,adverb,,"In a line, row",,1,1,
2173,2354.0,C,다방,dabang,명,noun,茶房,Tea room,,1,1,
2174,2356.0,B,부끄럽다,bukkeureopda,형,adjective,,"Be shameful,disgraceful",,1,1,
2175,2357.0,B,성공,seonggong,명,noun,成功,"success,achievement",,1,1,
2176,2358.0,C,수행하다,suhaenghada,동,verb,遂行-,Accomplishment,,1,1,
2177,2359.0,B,신청,sincheong,명,noun,申請,"application,request",,1,1,
2178,2360.0,C,실로,sillo,부,adverb,實-,"really,indeed",,1,1,
2179,2361.0,B,아픔,apeum,명,noun,,Pain,,1,1,
2180,2362.0,B,알아듣다,aradeutda,동,verb,,To listen and comprehend,,1,1,
2181,2363.0,B,약간,yakgan,명,noun,若干,Somewhat,,2,2,surface_duplicate
2182,2364.0,B,연기,yeongi,명,noun,煙氣,smoke,,3,2,surface_duplicate
2183,2366.0,B,이동,idong,명,noun,移動,"movement,migration,drift",,1,1,
2184,2367.0,C,인연,inyeon,명,noun,因緣,Cause and occasion,,1,1,
2185,2368.0,C,일행,ilhaeng,명,noun,一行,"A party, a troupe; a row, a line",,1,1,
2186,2372.0,C,지도,jido,명,noun,指導,guidance; leadership,,2,2,surface_duplicate
2187,2373.0,C,지식인,jisigin,명,noun,知識人,An intellectual,,1,1,
2188,2374.0,C,진지하다,jinjihada,형,adjective,眞摯-,"To be serious, earnest",,1,1,
2189,2375.0,C,치다,chida,동,verb,셈을맞추다,"to attack, assault",,4,2,surface_duplicate
2190,2376.0,C,호흡,hoheup,명,noun,呼吸,"Respiration, breath",,1,1,
2191,2377.0,C,흔들리다,heundeullida,동,verb,,"Shake, swing,rock,tremble",,1,1,
2192,2378.0,C,근본,geunbon,명,noun,根本,The foundation or basis,,1,1,
2193,2379.0,B,기온,gion,명,noun,氣溫,Temperature,,1,1,
2194,2380.0,B,날아가다,naragada,동,verb,,To fly away,,1,1,
2195,2381.0,B,많아지다,manhajida,동,verb,,Become a lot,,1,1,
2196,2382.0,B,바위,bawi,명,noun,,"A rock, a crag",,1,1,
2197,2383.0,B,버릇,beoreus,명,noun,,Habit,,1,1,
2198,2384.0,B,비판하다,bipanhada,동,verb,批判-,To criticize,,1,1,
2199,2385.0,B,빨갛다,ppalgahda,형,adjective,,"deep-red,crimson",,1,1,
2200,2386.0,B,세워지다,sewojida,동,verb,,To become erected,,1,1,
2201,2387.0,B,술집,suljip,명,noun,,Bar of some kind,,1,1,
2202,2388.0,B,쉬다,swida,동,verb,숨을~,"to relax, take a break",,2,2,surface_duplicate
2203,2390.0,A,오랜만,oraenman,명,noun,,After a long time,,1,1,
2204,2392.0,C,일부러,ilbureo,부,adverb,,"On purpose, intentionally",,1,1,
2205,2393.0,B,전체적,jeonchejeok,명,noun,全體的,"entirely,generally",,1,1,
2206,2394.0,B,절반,jeolban,명,noun,折半,Half,,1,1,
2207,2395.0,C,접근하다,jeopgeunhada,동,verb,接近-,"approach,get near",,1,1,
2208,2397.0,B,편안하다,pyeonanhada,형,adjective,便安-,"comfortable, relaxed, easy, calm",,1,1,
2209,2398.0,B,풍경,punggyeong,명,noun,風景,"Landscape, scenery",,1,1,
2210,2399.0,B,확실히,hwaksilhi,부,adverb,確實-,"certainly,for sure",,1,1,
2211,2400.0,C,흩어지다,heuteojida,동,verb,,Scatter about,,1,1,
2212,2401.0,B,갈다,galda,동,verb,문지르다,rub or chafe,,2,1,surface_duplicate
2213,2402.0,B,교류,gyoryu,명,noun,交流,Interchange (cultural) ; alternating current (electrical),,1,1,
2214,2403.0,B,글쓰기,geulsseugi,명,noun,,Writing,,1,1,
2215,2404.0,C,기후,gihu,명,noun,氣候,Climate or weather,,1,1,
2216,2405.0,B,내내,naenae,부,adverb,,"All along, the entire time",,1,1,
2217,2406.0,B,대기업,daegieop,명,noun,大企業,Big enterprise,,1,1,
2218,2407.0,C,대응하다,daeeunghada,동,verb,對應-,Cope or correspond to,,1,1,
2219,2408.0,B,도구,dogu,명,noun,道具,"Tool, instrument",,1,1,
2220,2409.0,B,매력,maeryeok,명,noun,魅力,"fascination,charm, bewitchery",,1,1,
2221,2410.0,A,백,baek,관,attributive,百,Hundreds,,2,1,surface_duplicate
2222,2411.0,B,보험,boheom,명,noun,保險,"guarantee,insurance",,1,1,
2223,2412.0,B,부럽다,bureopda,형,adjective,,Be enviable,,1,1,
2224,2413.0,B,부장,bujang,명,noun,部長,Head of a department,,1,1,
2225,2414.0,B,섞이다,seokkida,동,verb,,"To be mixed,blended",,1,1,
2226,2415.0,B,소,so,명,noun,동물,A cow,,1,1,
2227,2416.0,B,심리,simri,명,noun,心理,A mental state,,1,1,
2228,2417.0,C,심정,simjeong,명,noun,心情,"one’s heart, one’s feelings",,1,1,
2229,2418.0,B,쏘다,ssoda,동,verb,,"(1) To shoot (2) to sting, bite (an insect, animal)",,1,1,
2230,2419.0,A,아줌마,ajumma,명,noun,,Old or married lady,,1,1,
2231,2420.0,B,위치하다,wichihada,동,verb,位置-,To be located,,1,1,
2232,2421.0,C,이룩하다,irukhada,동,verb,,"Erect, build",,1,1,
2233,2422.0,B,이틀,iteul,명,noun,시간,Two days,,1,1,
2234,2424.0,B,전달하다,jeondalhada,동,verb,傳達-,To deliver,,1,1,
2235,2425.0,B,정말로,jeongmallo,부,adverb,正-,Really,,1,1,
2236,2426.0,A,추다,chuda,동,verb,춤을~,To dance,,1,1,
2237,2427.0,A,켜다,kyeoda,동,verb,성냥을~,"To light, turn on, kindle",,1,1,
2238,2428.0,B,코너,koneo,명,noun,corner,Corner,,1,1,
2239,2429.0,B,행동하다,haengdonghada,동,verb,行動-,"To act, behave",,1,1,
2240,2430.0,C,형사,hyeongsa,명,noun,刑事,"A criminal, penal case",,1,1,
2241,2431.0,C,희곡,huigok,명,noun,戱曲,"A drama, a play",,1,1,
2242,2432.0,B,감동,gamdong,명,noun,感動,Agitate or stir up the emotions,,1,1,
2243,2433.0,A,공항,gonghang,명,noun,空港,Airport,,1,1,
2244,2434.0,A,군인,gunin,명,noun,軍人,Sb in the military,,1,1,
2245,2435.0,B,굳이,gudi,부,adverb,,Firmly or admanantly,,1,1,
2246,2436.0,B,그늘,geuneul,명,noun,,1) shade 2)parental prodection,,1,1,
2247,2437.0,B,급하다,geuphada,형,adjective,急-,Be urgent or pressing or iminent,,1,1,
2248,2438.0,B,달걀,dalgyal,명,noun,,An egg,,1,1,
2249,2439.0,B,대중문화,daejungmunhwa,명,noun,大衆文化,Pop culture,,1,1,
2250,2440.0,B,마련되다,maryeondoeda,동,verb,,To be planned and arranged,,1,1,
2251,2441.0,B,마루,maru,명,noun,~를닦다,"A wooden floor, floor, flooring",,1,1,
2252,2442.0,B,무게,muge,명,noun,,Weight,,1,1,
2253,2443.0,C,물기,mulgi,명,noun,-氣,Moisture,,1,1,
2254,2444.0,B,성적,seongjeok,명,noun,成績,"A result,grade",,2,1,surface_duplicate
2255,2445.0,B,솔직히,soljikhi,부,adverb,率直-,"frankly,candidly",,1,1,
2256,2446.0,B,시도하다,sidohada,동,verb,試圖-,"To try,attempt",,1,1,
2257,2447.0,A,아니요,aniyo,감,interjection,,"No, that’s not the case",,1,1,
2258,2449.0,B,예절,yejeol,명,noun,禮節,"propriety,decorum",,1,1,
2259,2451.0,B,인상,insang,명,noun,印象,impression,,3,2,surface_duplicate
2260,2452.0,B,인터넷,inteones,명,noun,internet,Internet,,1,1,
2261,2454.0,B,적용하다,jeogyonghada,동,verb,適用-,To apply (sth to sth else),,1,1,
2262,2455.0,B,전통적,jeontongjeok,명,noun,傳統的,Traditional,,1,1,
2263,2456.0,B,참가하다,chamgahada,동,verb,參加-,"To take part in, join",,1,1,
2264,2457.0,A,치마,chima,명,noun,,A skirt,,1,1,
2265,2458.0,B,친척,chincheok,명,noun,親戚,Relatives,,1,1,
2266,2459.0,C,특정하다,teukjeonghada,형,adjective,特定-,Specify,,1,1,
2267,2460.0,A,호텔,hotel,명,noun,hotel,Hotel,,1,1,
2268,2461.0,C,경계,gyeonggye,명,noun,境界,Boundary,,1,1,
2269,2462.0,C,공식,gongsik,명,noun,公式,A formula or formality,,1,1,
2270,2463.0,B,그다지,geudaji,부,adverb,,So much or to that extent,,1,1,
2271,2464.0,B,긴장,ginjang,명,noun,緊張,Tension,,1,1,
2272,2465.0,A,깎다,kkakkda,동,verb,,Cut or trim,,1,1,
2273,2466.0,A,다리,dari,명,noun,교량,bridge,,2,2,surface_duplicate
2274,2468.0,B,따라가다,ttaragada,동,verb,,"to follow, to go after",,1,1,
2275,2469.0,C,머물다,meomulda,동,verb,,Stay overnight,,1,1,
2276,2470.0,C,명예,myeongye,명,noun,名譽,Honor,,1,1,
2277,2471.0,C,뱃사람,baessaram,명,noun,,"A seaman, sailor",,1,1,
2278,2472.0,B,부처,bucheo,명,noun,部處,Buddha,,1,1,
2279,2473.0,B,숙이다,sugida,동,verb,,Lower one’s head,,1,1,
2280,2474.0,B,아가씨,agassi,명,noun,,"Mis, young lady",,1,1,
2281,2475.0,B,온도,ondo,명,noun,溫度,Temperature,,1,1,
2282,2476.0,B,이마,ima,명,noun,,Forehead,,1,1,
2283,2477.0,B,절대로,jeoldaero,부,adverb,絶對-,Absolutely,,1,1,
2284,2478.0,B,지붕,jibung,명,noun,,A roof,,1,1,
2285,2479.0,C,지원하다,jiwonhada,동,verb,支援-,"To desire, aspire, hence to apply for [e.g. a job] or volunteer for sth",,1,1,
2286,2480.0,B,진짜,jinjja,명,noun,眞-,Real,,2,2,surface_duplicate
2287,2482.0,B,짙다,jitda,형,adjective,,"Be dark, dense",,1,1,
2288,2483.0,B,창밖,changbakk,명,noun,窓-,Outside the window,,1,1,
2289,2484.0,A,청소,cheongso,명,noun,淸掃,Cleaning,,1,1,
2290,2486.0,C,침묵,chimmuk,명,noun,沈默,Silence,,1,1,
2291,2487.0,C,텍스트,tekseuteu,명,noun,text,Text,,1,1,
2292,2488.0,C,표면,pyomyeon,명,noun,表面,"Front, surface, exterior",,1,1,
2293,2489.0,B,햇살,haessal,명,noun,,The rays of the sun,,1,1,
2294,2490.0,C,객관적,gaekgwanjeok,명,noun,客觀的,Objective,,1,1,
2295,2491.0,A,걱정하다,geokjeonghada,동,verb,,To worry or be anxious,,1,1,
2296,2492.0,B,경제적,gyeongjejeok,명,noun,經濟的,Economical,,1,1,
2297,2493.0,A,구름,gureum,명,noun,,A cloud or the clouds,,1,1,
2298,2494.0,C,구석,guseok,명,noun,,1) a corner 2) an out of the way place,,1,1,
2299,2495.0,A,끄다,kkeuda,동,verb,불을~,Put out or extinguish,,1,1,
2300,2496.0,B,담당하다,damdanghada,동,verb,擔當-,Take charge of,,1,1,
2301,2497.0,C,둥지,dungji,명,noun,,nest,,1,1,
2302,2499.0,B,벗기다,beosgida,동,verb,,"Unclothe, undress",,1,1,
2303,2500.0,C,부대,budae,명,noun,部隊,"A detachment, squad",,1,1,
2304,2501.0,B,불빛,bulbicc,명,noun,,Fire light,,1,1,
2305,2502.0,C,서클,seokeul,명,noun,circle,Circle,,1,1,
2306,2503.0,B,시청자,sicheongja,명,noun,視聽者,TV audience member,,1,1,
2307,2504.0,C,실체,silche,명,noun,實體,"substance,essence",,1,1,
2308,2506.0,C,엄격하다,eomgyeokhada,형,adjective,嚴格-,"To be strict, serious",,1,1,
2309,2507.0,B,완벽하다,wanbyeokhada,형,adjective,完璧-,Perfect,,1,1,
2310,2508.0,C,완전하다,wanjeonhada,형,adjective,完全-,To be perfect and faultless,,1,1,
2311,2510.0,B,절,jeol,명,noun,사찰,A Buddhist temple,,3,1,surface_duplicate
2312,2512.0,B,종업원,jongeobwon,명,noun,從業員,waiter/waitress,,1,1,
2313,2513.0,C,증가,jeungga,명,noun,增加,"An increase,augmentation",,1,1,
2314,2514.0,C,출연,churyeon,명,noun,出演,Going on stage,,1,1,
2315,2515.0,B,학기,hakgi,명,noun,學期,An educational term,,1,1,
2316,2516.0,B,한동안,handongan,명,noun,,For quite a while,,1,1,
2317,2518.0,C,후기,hugi,명,noun,後期,The latter term/period,,1,1,
2318,2520.0,A,계절,gyejeol,명,noun,季節,Season,,1,1,
2319,2522.0,B,만지다,manjida,동,verb,,To touch,,1,1,
2320,2523.0,B,목사,moksa,명,noun,牧師,A pastor,,1,1,
2321,2524.0,B,바늘,baneul,명,noun,,"A needle, pin",,1,1,
2322,2525.0,C,버티다,beotida,동,verb,,"Endure, tolerate",,1,1,
2323,2526.0,B,부,bu,의,noun,部,"A department, a part",,3,1,surface_duplicate
2324,2527.0,C,분포하다,bunpohada,동,verb,分布-,Distribution,,1,1,
2325,2528.0,C,비중,bijung,명,noun,比重,Specific gravity,,1,1,
2326,2530.0,B,수입,suip,명,noun,收入,income,,2,2,surface_duplicate
2327,2531.0,C,아이디어,aidieo,명,noun,idea,Idea,,1,1,
2328,2532.0,B,양쪽,yangjjok,명,noun,兩-,Both sides,,1,1,
2329,2533.0,C,예컨대,yekeondae,부,adverb,例-,"For example, such as",,1,1,
2330,2534.0,A,운동장,undongjang,명,noun,運動場,"Stadium, playground",,1,1,
2331,2535.0,C,전개,jeongae,명,noun,展開,"unfolding,development,expansion",,1,1,
2332,2536.0,C,접촉,jeopchok,명,noun,接觸,"contact,touch",,1,1,
2333,2538.0,B,짐,jim,명,noun,,Luggage ; what is on a person,,1,1,
2334,2539.0,B,풀,pul,명,noun,~을베다,Grass (cut the ~),,2,1,surface_duplicate
2335,2540.0,B,해마다,haemada,부,adverb,,"Every year, each year",,1,1,
2336,2541.0,B,후배,hubae,명,noun,後輩,one’s junior,,1,1,
2337,2542.0,B,휴가,hyuga,명,noun,休暇,"holidays,vacation",,1,1,
2338,2543.0,C,경기,gyeonggi,명,noun,景氣,"economy, business conditions, boom and bust",,2,2,surface_duplicate
2339,2544.0,C,계곡,gyegok,명,noun,溪谷,A valley or gorge,,1,1,
2340,2545.0,B,국회의원,gukhoeuiwon,명,noun,國會議員,A member of the national Assembly,,1,1,
2341,2546.0,C,다투다,datuda,동,verb,,Quarrel,,1,1,
2342,2548.0,C,도저히,dojeohi,부,adverb,到底-,(도저히 + negative (지 않다/없다))Absolutely impossible ; by all means,,1,1,
2343,2551.0,B,뻗다,ppeotda,동,verb,,"Stretch out, extend beyond",,1,1,
2344,2552.0,B,생활하다,saenghwalhada,동,verb,生活-,"To live, make a living",,1,1,
2345,2553.0,B,솔직하다,soljikhada,형,adjective,率直-,"frankness,candidness",,1,1,
2346,2554.0,B,안타깝다,antakkapda,형,adjective,,To be heart-breaking,,1,1,
2347,2555.0,C,앞장서다,apjangseoda,동,verb,,To be in the lead/ at the head,,1,1,
2348,2556.0,C,요청하다,yocheonghada,동,verb,要請-,"To ask for, to request",,1,1,
2349,2557.0,B,이르다,ireuda,형,adjective,빠르다,to be early; fast,,3,2,surface_duplicate
2350,2558.0,C,일치하다,ilchihada,동,verb,一致-,"Agree with, to be in accord with",,1,1,
2351,2559.0,B,젓다,jeosda,동,verb,,"To make a sign,gesticulate",,1,1,
2352,2560.0,C,정치권,jeongchigwon,명,noun,政治權,Political rights,,1,1,
2353,2561.0,C,처녀,cheonyeo,명,noun,處女,"A virgin, a young maiden",,1,1,
2354,2562.0,B,축제,chukje,명,noun,祝祭,a festival,,1,1,
2355,2563.0,B,터뜨리다,teotteurida,동,verb,,"Break, burst,explode",,1,1,
2356,2564.0,B,학습,hakseup,명,noun,學習,"Learning, education",,1,1,
2357,2565.0,C,개발되다,gaebaldoeda,동,verb,開發-,To be developed or exploited,,1,1,
2358,2566.0,B,높이,nopi,부,adverb,,Height (noun),,2,2,surface_duplicate
2359,2567.0,B,당연히,dangyeonhi,부,adverb,當然-,Of course,,1,1,
2360,2568.0,C,대비하다,daebihada,동,verb,對備-,"Provide for, prepare onself for",,1,1,
2361,2569.0,A,동쪽,dongjjok,명,noun,東-,east,,1,1,
2362,2570.0,B,떨리다,tteollida,동,verb,흔들리다,"to shake, to tremble",,1,1,
2363,2571.0,B,마구,magu,부,adverb,,"continuously, without pause",,1,1,
2364,2572.0,B,만남,mannam,명,noun,,A meeting,,1,1,
2365,2573.0,B,미디어,midieo,명,noun,media,Media,,1,1,
2366,2574.0,B,복도,bokdo,명,noun,複道,A corridor,,1,1,
2367,2575.0,B,수상,susang,명,noun,首相,The prime minister,,1,1,
2368,2576.0,C,쓰러지다,sseureojida,동,verb,,"Fall, collapse",,1,1,
2369,2578.0,C,영상,yeongsang,명,noun,映像,"An image [picture], reflection (moving pictures, movies)",,2,1,surface_duplicate
2370,2579.0,C,영혼,yeonghon,명,noun,靈魂,"A soul, a spirit",,1,1,
2371,2580.0,C,운전사,unjeonsa,명,noun,運轉士,The driver (of a taxi),,1,1,
2372,2581.0,B,자랑스럽다,jarangseureopda,형,adjective,,To be proud,,1,1,
2373,2582.0,A,잠깐,jamkkan,명,noun,,For a little while,,2,1,surface_duplicate
2374,2583.0,B,적당하다,jeokdanghada,형,adjective,適當-,To be appropriate,,1,1,
2375,2584.0,C,적용되다,jeogyongdoeda,동,verb,適用-,To be applied,,1,1,
2376,2585.0,A,주,ju,의,noun,週,One week,,3,2,surface_duplicate
2377,2586.0,C,지속적,jisokjeok,명,noun,持續的,Continuous,,1,1,
2378,2587.0,B,진행하다,jinhaenghada,동,verb,進行-,"Advance, proceed",,1,1,
2379,2588.0,C,차별,chabyeol,명,noun,差別,"distinction,differentiation",,1,1,
2380,2589.0,B,곳곳,gosgos,명,noun,,Everywhere,,1,1,
2381,2590.0,C,구분,gubun,명,noun,區分,A division or section,,1,1,
2382,2591.0,B,금지,geumji,명,noun,禁止,Forbidden or prohibitted,,1,1,
2383,2592.0,B,내지,naeji,부,adverb,乃至,From A to B,,1,1,
2384,2593.0,B,달려오다,dallyeooda,동,verb,,Come running,,1,1,
2385,2594.0,B,둘러보다,dulleoboda,동,verb,,"to look around, to take a glance around",,1,1,
2386,2595.0,C,분노,bunno,명,noun,憤怒,"rage,anger",,1,1,
2387,2596.0,B,비교,bigyo,명,noun,比較,A comparison,,1,1,
2388,2598.0,C,소위,sowi,부,adverb,所謂,What is called for,,1,1,
2389,2599.0,C,스치다,seuchida,동,verb,살짝닿다,Graze past,,1,1,
2390,2601.0,B,역사적,yeoksajeok,명,noun,歷史的,Historical,,1,1,
2391,2602.0,B,열차,yeolcha,명,noun,列車,Train,,1,1,
2392,2603.0,A,요즈음,yojeueum,명,noun,,"Recently, nowadays",,1,1,
2393,2604.0,B,유난히,yunanhi,부,adverb,,"uncommon,exceptional",,1,1,
2394,2605.0,C,의무,uimu,명,noun,義務,"A duty, an obligation",,1,1,
2395,2606.0,A,잃어버리다,ilheobeorida,동,verb,,To lose,,1,1,
2396,2607.0,A,잠깐,jamkkan,부,adverb,,For a little while,,2,2,surface_duplicate
2397,2608.0,B,잠들다,jamdeulda,동,verb,,Fall asleep,,1,1,
2398,2609.0,B,정식,jeongsik,명,noun,正式,"Formality, due form",,1,1,
2399,2610.0,A,조용하다,joyonghada,형,adjective,,"To be quiet,still",,1,1,
2400,2611.0,B,즉시,jeuksi,명,noun,卽時,"At once,immediately",,1,1,
2401,2612.0,B,최선,choeseon,명,noun,最善,"The best, one’s best",,1,1,
2402,2613.0,B,탑,tap,명,noun,塔,A tower,,1,1,
2403,2614.0,A,한복,hanbok,명,noun,韓服,Korean traditional clothing,,1,1,
2404,2615.0,B,활동하다,hwaldonghada,동,verb,活動-,"To be active, lead an active life",,1,1,
2405,2616.0,B,건축,geonchuk,명,noun,建築,Construction or building or erection,,1,1,
2406,2617.0,B,귀엽다,gwiyeopda,형,adjective,,To be cute,,1,1,
2407,2618.0,B,답답하다,dapdaphada,형,adjective,,Feel anxious,,1,1,
2408,2619.0,B,당황하다,danghwanghada,동,verb,唐慌-,Be confused,,1,1,
2409,2620.0,C,동일하다,dongilhada,형,adjective,同一-,"(to be) the same, identical, equal",,1,1,
2410,2621.0,B,떨어뜨리다,tteoreotteurida,동,verb,,"to drop, to lose",,1,1,
2411,2622.0,B,똑같이,ttokgati,부,adverb,,"equally, evenly; impartially",,1,1,
2412,2623.0,A,라면,ramyeon,명,noun,&일ramen,"instant noodles, ramen",,1,1,
2413,2624.0,B,말,mal,명,noun,동물,horse,,3,3,surface_duplicate
2414,2625.0,B,밀가루,milgaru,명,noun,,Flour,,1,1,
2415,2626.0,B,바깥,bakkat,명,noun,,Outside,,1,1,
2416,2627.0,A,바지,baji,명,noun,,Pants,,1,1,
2417,2628.0,B,벌리다,beollida,동,verb,입을~,"Open, wide",,1,1,
2418,2629.0,B,보고서,bogoseo,명,noun,報告書,Report,,1,1,
2419,2630.0,B,보관하다,bogwanhada,동,verb,保管-,Keep in one’s custody,,1,1,
2420,2631.0,B,부딪치다,budijchida,동,verb,,"Collide with, bump against",,1,1,
2421,2632.0,B,빨래,ppallae,명,noun,,"washing,laundry",,1,1,
2422,2633.0,B,상하다,sanghada,동,verb,傷-,"damage,injure",,1,1,
2423,2634.0,C,설치,seolchi,명,noun,設置,"establisment,institution",,1,1,
2424,2635.0,B,식용유,sigyongyu,명,noun,食用油,Food oil,,1,1,
2425,2636.0,A,싫어하다,silheohada,동,verb,,"To dislike, be reluctant (to do)",,1,1,
2426,2637.0,C,업종,eopjong,명,noun,業種,Types of industry,,1,1,
2427,2638.0,C,연출,yeonchul,명,noun,演出,"Production, presentation",,1,1,
2428,2639.0,A,테이블,teibeul,명,noun,table,Table,,1,1,
2429,2640.0,C,트이다,teuida,동,verb,,"Get cleared out, open up",,1,1,
2430,2641.0,A,피곤하다,pigonhada,형,adjective,疲困-,"To be very tired, exhausted",,1,1,
2431,2642.0,A,조선말,joseonmal,명,noun,朝鮮-,Korean (language),alternative:  한국어 (Hanja: 韓國語),2,1,surface_duplicate
2432,2643.0,A,한자,hanja,명,noun,漢字,Chinese Characters adapted into Korean language,,1,1,
2433,2644.0,B,겁,geop,명,noun,怯,Fear or fright,,1,1,
2434,2646.0,C,관리,gwanri,명,noun,官吏,Management or administration,,2,2,surface_duplicate
2435,2647.0,C,국제화,gukjehwa,명,noun,國際化,Internationalization,,1,1,
2436,2648.0,C,근육,geunyuk,명,noun,筋肉,Muscles,,1,1,
2437,2650.0,C,깔리다,kkallida,동,verb,,To be spread or overspread,,1,1,
2438,2653.0,C,사전,sajeon,명,noun,事前,"beforehand,in advance",,2,1,surface_duplicate
2439,2654.0,B,산소,sanso,명,noun,酸素,Oxygen,,1,1,
2440,2655.0,B,석유,seogyu,명,noun,石油,Petroleum,,1,1,
2441,2656.0,B,소리치다,sorichida,동,verb,,"To shout, yell",,1,1,
2442,2657.0,A,시,si,명,noun,市,"town, city",,3,3,surface_duplicate
2443,2658.0,B,신선하다,sinseonhada,형,adjective,新鮮-,Fresh,,1,1,
2444,2659.0,A,안경,angyeong,명,noun,眼鏡,Glasses,,1,1,
2445,2660.0,A,약속하다,yaksokhada,동,verb,約束-,To make a promise,,1,1,
2446,2661.0,C,연합,yeonhap,명,noun,聯合,"Combination, federacy, union",,1,1,
2447,2663.0,C,인격,ingyeok,명,noun,人格,"Personality, character",,1,1,
2448,2664.0,B,장,jang,명,noun,章,One piece of sth flat,,2,2,surface_duplicate
2449,2665.0,B,적,jeok,명,noun,敵,enemy,,2,2,surface_duplicate
2450,2666.0,B,조심하다,josimhada,동,verb,操心-,To be careful,,1,1,
2451,2667.0,B,질,jil,명,noun,質,"Quality, character",,1,1,
2452,2668.0,B,찌르다,jjireuda,동,verb,,"stab,thrust",,1,1,
2453,2669.0,B,책임자,chaegimja,명,noun,責任者,Person responsible,,1,1,
2454,2670.0,C,총,chong,관,attributive,總,"all,entire,whole",,2,1,surface_duplicate
2455,2671.0,A,취미,chwimi,명,noun,趣味,Hobby,,1,1,
2456,2672.0,C,표,pyo,명,noun,表,"table, diagram, or graph",,2,2,surface_duplicate
2457,2673.0,C,품목,pummok,명,noun,品目,"The name of an article, a list of articles",,1,1,
2458,2674.0,B,확대되다,hwakdaedoeda,동,verb,擴大-,To be magnified,,1,1,
2459,2675.0,B,거실,geosil,명,noun,居室,Living room,,1,1,
2460,2677.0,C,논,non,명,noun,,A rice field,,1,1,
2461,2678.0,A,덥다,deopda,형,adjective,,"Be hot, heated",,1,1,
2462,2679.0,A,둘째,duljjae,관,attributive,,"second, next after the first; the ordinal number for two",,2,2,surface_duplicate
2463,2680.0,B,바보,babo,명,noun,,Ignorant,,1,1,
2464,2681.0,B,별,byeol,관,attributive,別,"special, extraordinary, different, unusua",,2,2,surface_duplicate
2465,2682.0,B,보람,boram,명,noun,,"worth,result",,1,1,
2466,2683.0,B,부작용,bujagyong,명,noun,副作用,"reaction,side effect",,1,1,
2467,2684.0,C,비난,binan,명,noun,非難,"Criticism, reproach",,1,1,
2468,2687.0,B,신고,singo,명,noun,申告,"A statement,declaration",,1,1,
2469,2688.0,A,야구,yagu,명,noun,野球,Baseball,,1,1,
2470,2689.0,B,어떡하다,eotteokhada,불,expression,어떠하게하다,"To take some measures, to manage somehow",,1,1,
2471,2690.0,B,예상,yesang,명,noun,豫想,"Expectation, anticipation; forecast, preconception, prenotion",,1,1,
2472,2691.0,C,위협,wihyeop,명,noun,威脅,"Menace, threat, intimidation",,1,1,
2473,2692.0,A,이,i,명,noun,신체,"tooth, teeth",,5,4,surface_duplicate
2474,2694.0,B,이상,isang,명,noun,理想,ideal,,3,3,surface_duplicate
2475,2696.0,C,잠기다,jamgida,동,verb,물에~,Sink in water,,1,1,
2476,2698.0,C,주고받다,jugobatda,동,verb,,"Give and receive, exchange",,1,1,
2477,2699.0,B,주먹,jumeok,명,noun,,Fist,,1,1,
2478,2700.0,C,지지,jiji,명,noun,支持,"support,backing",,1,1,
2479,2701.0,B,털다,teolda,동,verb,,"To shake off, brush up",,1,1,
2480,2702.0,C,경고,gyeonggo,명,noun,警告,Warning,,1,1,
2481,2703.0,C,공개하다,gonggaehada,동,verb,公開-,Open to the public,,1,1,
2482,2704.0,B,과목,gwamok,명,noun,科目,A subject or a lesson,,1,1,
2483,2705.0,A,구경,gugyeong,명,noun,,An enjoyable sight or spectacle,,1,1,
2484,2706.0,A,그분,geubun,대,pronoun,,That person (respectful),,1,1,
2485,2707.0,B,근무,geunmu,명,noun,勤務,Duty or service or work,,1,1,
2486,2708.0,C,논쟁,nonjaeng,명,noun,論爭,"Controversy, argument",,1,1,
2487,2710.0,B,달아나다,daranada,동,verb,,"Escape, flee",,1,1,
2488,2711.0,B,묶다,mukkda,동,verb,,"bind,tie",,1,1,
2489,2712.0,C,성명,seongmyeong,명,noun,聲明,"A declaration,statement",,1,1,
2490,2713.0,B,소스,soseu,명,noun,sauce,Sauce,,1,1,
2491,2714.0,C,수십,susip,관,attributive,數十,Tens of sth,,1,1,
2492,2715.0,A,신다,sinda,동,verb,,"Put on, wear",,1,1,
2493,2716.0,B,우리말,urimal,명,noun,,Korean (language),,1,1,
2494,2717.0,B,유교,yugyo,명,noun,儒敎,Confucianism,,1,1,
2495,2718.0,B,이불,ibul,명,noun,,"Bedding, bed clothes",,1,1,
2496,2719.0,B,이성,iseong,명,noun,理性,"Reason, reasoning",,2,1,surface_duplicate
2497,2720.0,B,일상,ilsang,명,noun,日常,"Everyday, usual, ordinary",,1,1,
2498,2721.0,B,자동,jadong,명,noun,自動,"self-acting, self-moving, automatic",,1,1,
2499,2722.0,B,장래,jangrae,명,noun,將來,The future,,1,1,
2500,2723.0,C,전개되다,jeongaedoeda,동,verb,展開-,"To be unfolded,spread out",,1,1,
2501,2724.0,A,죄송하다,joesonghada,형,adjective,罪悚-,"regret,be sorry for",,1,1,
2502,2725.0,B,중요성,jungyoseong,명,noun,重要性,"importance,gravity",,1,1,
2503,2726.0,A,크다,keuda,동,verb,,"To be big, large",,2,2,surface_duplicate
2504,2727.0,B,탤런트,taelleonteu,명,noun,talent,Talent,,1,1,
2505,2728.0,B,특별히,teukbyeolhi,부,adverb,特別-,Especially,,1,1,
2506,2729.0,C,품질,pumjil,명,noun,品質,The quality of the article ( but not the article itself),,1,1,
2507,2730.0,C,회견,hoegyeon,명,noun,會見,"An interview, a meeting",,1,1,
2508,2731.0,C,훔치다,humchida,동,verb,물건을~,To steal,,1,1,
2509,2732.0,C,흔적,heunjeok,명,noun,痕跡,"traces,signs,evidences",,1,1,
2510,2733.0,C,고전,gojeon,명,noun,古典,A classic in literature,,1,1,
2511,2734.0,B,과학적,gwahakjeok,명,noun,科學的,Scientifically,,1,1,
2512,2735.0,C,구분하다,gubunhada,동,verb,區分-,To divide or to classify,,1,1,
2513,2736.0,A,그럼,geureom,감,interjection,,Certainly or of course.,,2,2,surface_duplicate
2514,2739.0,C,뇌,noe,명,noun,腦,Brains,,1,1,
2515,2741.0,B,봉투,bongtu,명,noun,封套,Envelope,,1,1,
2516,2742.0,B,분명,bunmyeong,부,adverb,分明,Obviousness,,1,1,
2517,2743.0,C,사설,saseol,명,noun,社說,An editorial,,1,1,
2518,2744.0,C,승리,seungri,명,noun,勝利,A victory,,1,1,
2519,2748.0,C,좌우,jwau,명,noun,左右,Left and right,,1,1,
2520,2749.0,C,주,ju,관,attributive,主.~고객,main (f ex: main customer),,3,3,surface_duplicate
2521,2751.0,B,지다,jida,동,verb,해가~,to sink; to set (sun); to go down,,4,2,surface_duplicate
2522,2752.0,B,추억,chueok,명,noun,追憶,Memory,,1,1,
2523,2753.0,B,하여튼,hayeoteun,부,adverb,何如-,Anyways,,1,1,
2524,2754.0,B,함부로,hamburo,부,adverb,,"Indiscriminately, at random",,1,1,
2525,2755.0,B,향기,hyanggi,명,noun,香氣,"fragrance,aroma,perfume",,1,1,
2526,2756.0,B,현지,hyeonji,명,noun,現地,"The actual place, the very spot",,1,1,
2527,2757.0,B,가늘다,ganeulda,형,adjective,,Thin or fine or slender,,1,1,
2528,2758.0,B,개인적,gaeinjeok,명,noun,個人的,Private or personal,,1,1,
2529,2759.0,B,겉,geot,명,noun,,The outer surface,,1,1,
2530,2760.0,C,굽히다,guphida,동,verb,,Bend or stoop,,1,1,
2531,2761.0,B,근무하다,geunmuhada,동,verb,勤務-,Work or labor,,1,1,
2532,2762.0,B,깜짝,kkamjjak,부,adverb,놀라는모양,With a surprise,,1,1,
2533,2763.0,B,넓히다,neolphida,동,verb,,Widen,,1,1,
2534,2764.0,B,대,dae,의,noun,對.개인~개인,"pair, vs.",,5,3,surface_duplicate
2535,2765.0,B,떠들다,tteodeulda,동,verb,말하다,to make a noise,,1,1,
2536,2767.0,B,매년,maenyeon,부,adverb,每年,Every year,,1,1,
2537,2768.0,B,발생,balsaeng,명,noun,發生,1) Birth 2) development,,1,1,
2538,2771.0,A,셋,ses,수,numeral,,Three,,1,1,
2539,2772.0,B,소주,soju,명,noun,燒酒,Korean sake,,1,1,
2540,2773.0,B,손바닥,sonbadak,명,noun,,The palm,,1,1,
2541,2774.0,B,승용차,seungyongcha,명,noun,乘用車,A passenger car,,1,1,
2542,2775.0,B,어색하다,eosaekhada,형,adjective,語塞-,"To be awkward, shy with words, speechless",,1,1,
2543,2776.0,B,얹다,eonjda,동,verb,,"Put on, place, lay, set",,1,1,
2544,2777.0,C,의학,uihak,명,noun,醫學,Medical science,,1,1,
2545,2779.0,B,장점,jangjeom,명,noun,長點,"A merit,strong point",,1,1,
2546,2780.0,B,적당히,jeokdanghi,부,adverb,適當-,"suitable,proper",,1,1,
2547,2781.0,B,줍다,jupda,동,verb,,"Pick up, gather",,1,1,
2548,2782.0,B,진출,jinchul,명,noun,進出,An advance,,1,1,
2549,2783.0,C,창조,changjo,명,noun,創造,Creation,,1,1,
2550,2784.0,B,킬로그램,killogeuraem,의,noun,kilogram,Kilogram,,1,1,
2551,2785.0,B,평범하다,pyeongbeomhada,형,adjective,平凡-,"Plain, average",,1,1,
2552,2786.0,B,프로,peuro,명,noun,program,program,,2,2,surface_duplicate
2553,2787.0,C,홍보,hongbo,명,noun,弘報,"Public information, public relations",,1,1,
2554,2788.0,B,확인,hwagin,명,noun,確認,"A check,confirmation",,1,1,
2555,2789.0,B,가루,garu,명,noun,분필~,Powder or flour; meal,,1,1,
2556,2790.0,B,건지다,geonjida,동,verb,,Take or bring out of the water or 2) rescue a person from danger,,1,1,
2557,2792.0,B,깨지다,kkaejida,동,verb,깨어지다,To break,,1,1,
2558,2793.0,C,내다보다,naedaboda,동,verb,,Look out for,,1,1,
2559,2795.0,C,대량,daeryang,명,noun,大量,A large quantity,,1,1,
2560,2796.0,C,동행,donghaeng,명,noun,同行,"accompaniment, going together",,1,1,
2561,2797.0,B,들,deul,명,noun,,"meadow, field, plain",,1,1,
2562,2798.0,C,떼,tte,명,noun,양~,group,,1,1,
2563,2799.0,C,마땅하다,mattanghada,형,adjective,,"Be right, approppriate",,1,1,
2564,2800.0,C,바로잡다,barojapda,동,verb,,Straighten,,1,1,
2565,2801.0,C,박히다,bakhida,동,verb,,Be nailed in,,1,1,
2566,2802.0,B,방금,banggeum,부,adverb,方今,Just now,,1,1,
2567,2803.0,A,생선,saengseon,명,noun,生鮮,Raw fish,,1,1,
2568,2804.0,B,슬픔,seulpeum,명,noun,,Sorrow,,1,1,
2569,2805.0,B,아무렇다,amureohda,형,adjective,,"unspecific, careless",,1,1,
2570,2806.0,B,이용되다,iyongdoeda,동,verb,利用-,To be used,,1,1,
2571,2807.0,B,이튿날,iteutnal,명,noun,,The second day after,,1,1,
2572,2808.0,B,임시,imsi,명,noun,臨時,"Temporary, special",,1,1,
2573,2809.0,C,제거하다,jegeohada,동,verb,除去-,"exclusion,removal",,1,1,
2574,2810.0,B,줄다,julda,동,verb,,Diminish,,1,1,
2575,2811.0,B,지구,jigu,명,noun,地區,"district, zone, region",,2,2,surface_duplicate
2576,2812.0,A,지우다,jiuda,동,verb,낙서를~,To erase,,2,1,surface_duplicate
2577,2813.0,B,참기름,chamgireum,명,noun,,Sesame oil,,1,1,
2578,2814.0,B,통,tong,명,noun,桶,"barrel, bucket, cask, pail, vat",,2,1,surface_duplicate
2579,2815.0,C,특수,teuksu,명,noun,特殊,"characteristic,distinct,unique",,1,1,
2580,2816.0,B,팬,paen,명,noun,pan,Pan,,2,1,surface_duplicate
2581,2817.0,B,합치다,hapchida,동,verb,合-,"combine,unite",,1,1,
2582,2818.0,C,호기심,hogisim,명,noun,好奇心,Curiousity,,1,1,
2583,2821.0,B,골목,golmok,명,noun,,A side street or alley,,1,1,
2584,2822.0,B,기운,giun,명,noun,,Strength or might (the strength you feel you have on that particular day),,1,1,
2585,2823.0,C,기획,gihoek,명,noun,企劃,Planning,,1,1,
2586,2824.0,C,대충,daechung,부,adverb,,"Almost, nearly, about",,1,1,
2587,2825.0,B,돌아서다,doraseoda,동,verb,,to turn around (while standing),,1,1,
2588,2826.0,B,동화,donghwa,명,noun,童話,fairy tale,,1,1,
2589,2827.0,B,두껍다,dukkeopda,형,adjective,,to be thick,,1,1,
2590,2828.0,B,맞서다,majseoda,동,verb,,Stand opposite,,1,1,
2591,2829.0,B,모자라다,mojarada,동,verb,,To be insufficient,,1,1,
2592,2830.0,C,박다,bakda,동,verb,,"Drive,hammer in",,1,1,
2593,2831.0,C,본성,bonseong,명,noun,本性,Original nature or character,,1,1,
2594,2832.0,B,상상하다,sangsanghada,동,verb,想像-,Imagine,,1,1,
2595,2833.0,C,생산력,saengsanryeok,명,noun,生産力,Productive capacity,,1,1,
2596,2834.0,A,셋째,sesjjae,수,numeral,,The third,,2,1,surface_duplicate
2597,2835.0,B,안전하다,anjeonhada,형,adjective,安全-,To be safe,,1,1,
2598,2838.0,B,유학,yuhak,명,noun,留學,Studying abroad,,2,1,surface_duplicate
2599,2839.0,C,이르다,ireuda,동,verb,말하다,"to say, tell",,3,3,surface_duplicate
2600,2842.0,C,장비,jangbi,명,noun,裝備,"equipment,fittings",,1,1,
2601,2843.0,C,정치인,jeongchiin,명,noun,政治人,Politician,,1,1,
2602,2844.0,B,정치적,jeongchijeok,명,noun,政治的,Political,,1,1,
2603,2845.0,A,졸업,joreop,명,noun,卒業,Graduation,,1,1,
2604,2847.0,C,처벌,cheobeol,명,noun,處罰,"punishment,penalty",,1,1,
2605,2848.0,B,카페,kape,명,noun,&프cafe,Cafe (place to drink coffee),,1,1,
2606,2849.0,B,콤플렉스,kompeullekseu,명,noun,complex,Complex,,1,1,
2607,2850.0,C,검토,geomto,명,noun,檢討,An examination or investigation or study,,1,1,
2608,2852.0,B,그다음,geudaeum,명,noun,,Next,,1,1,
2609,2853.0,C,기법,gibeop,명,noun,技法,Techniques,,1,1,
2610,2854.0,B,끓다,kkeulhda,동,verb,,Boil or simmer,,1,1,
2611,2855.0,B,날아오다,naraoda,동,verb,,Come flying,,1,1,
2612,2856.0,B,농담,nongdam,명,noun,弄談,A joke,,1,1,
2613,2857.0,A,닭,talk,명,noun,,Chicken,,1,1,
2614,2858.0,B,담임,damim,명,noun,擔任,"Charge, duty",,1,1,
2615,2859.0,B,도중,dojung,명,noun,途中,On the way,,1,1,
2616,2860.0,C,두드러지다,dudeureojida,형,adjective,,"(to be) remarkable, prominent, noticeable",,1,1,
2617,2861.0,A,맥주,maekju,명,noun,麥酒,Beer,,1,1,
2618,2862.0,B,모래,morae,명,noun,,Sand,,1,1,
2619,2864.0,C,살아남다,saranamda,동,verb,,Survive,,1,1,
2620,2865.0,C,살인,sarin,명,noun,殺人,Murder,,1,1,
2621,2866.0,C,성질,seongjil,명,noun,性質,"naure,disposition",,1,1,
2622,2868.0,B,신호,sinho,명,noun,信號,"A signal,signaling",,1,1,
2623,2870.0,B,아버님,abeonim,명,noun,,Father (respectful word),,1,1,
2624,2872.0,B,의심하다,uisimhada,동,verb,疑心-,"To be suspicious, to doubt",,1,1,
2625,2873.0,C,인,in,명,noun,人,A person,,1,1,
2626,2874.0,C,잇따르다,isttareuda,동,verb,,Follow one after another,,1,1,
2627,2875.0,B,자랑하다,jaranghada,동,verb,,To be proud,,1,1,
2628,2876.0,C,자판,japan,명,noun,字板,Keyboard,,1,1,
2629,2877.0,C,적용,jeogyong,명,noun,適用,Application,,1,1,
2630,2878.0,C,전기,jeongi,명,noun,前期,"first period, early years",,3,2,surface_duplicate
2631,2879.0,C,중반,jungban,명,noun,中盤,"At the middle stage (of a game or contest, or otherwise)",,1,1,
2632,2880.0,C,지시하다,jisihada,동,verb,指示-,"To direct, instruct",,1,1,
2633,2881.0,B,출발,chulbal,명,noun,出發,"To start (a journey,trip)",,1,1,
2634,2882.0,B,허용하다,heoyonghada,동,verb,許容-,"To permit, approve, grant, allow",,1,1,
2635,2884.0,C,가르침,gareuchim,명,noun,,Teaching or an instruction,,1,1,
2636,2885.0,B,각국,gakguk,명,noun,各國,Each country,,1,1,
2637,2887.0,A,교과서,gyogwaseo,명,noun,敎科書,Textbook,,1,1,
2638,2888.0,B,그려지다,geuryeojida,동,verb,,Draw,,1,1,
2639,2889.0,B,꾸준히,kkujunhi,부,adverb,,"Untiringly, ceaselessly",,1,1,
2640,2890.0,B,년도,nyeondo,의,noun,年度,"year (administrative, fiscal, school, etc.)",,1,1,
2641,2891.0,B,다수,dasu,명,noun,多數,A great number,,1,1,
2642,2892.0,B,덕분,deokbun,명,noun,德分,Indebtedness,,1,1,
2643,2893.0,A,돼지,dwaeji,명,noun,,"pig, swine",,1,1,
2644,2894.0,B,두드리다,dudeurida,동,verb,,"to knock, to tap, to beat, to rap",,1,1,
2645,2896.0,C,무리,muri,명,noun,無理,Be unreasonable,,2,1,surface_duplicate
2646,2897.0,B,물음,mureum,명,noun,,A question,,1,1,
2647,2898.0,B,빌다,bilda,동,verb,소원을~,"pray,wish,ask",,1,1,
2648,2899.0,A,수영,suyeong,명,noun,水泳,Swimming,,1,1,
2649,2900.0,B,스님,seunim,명,noun,,A priest,,1,1,
2650,2901.0,B,썩다,sseokda,동,verb,,"Go bad, rot",,1,1,
2651,2902.0,B,어머님,eomeonim,명,noun,,Mother (respectful word),,1,1,
2652,2903.0,B,엉뚱하다,eongttunghada,형,adjective,,"Be extraordinary, extravagant ; to misdirect somebody`s attention",,1,1,
2653,2904.0,B,여보,yeobo,감,interjection,,Spouse (term of affection),,1,1,
2654,2905.0,A,잊어버리다,ijeobeorida,동,verb,,To forget,,1,1,
2655,2906.0,C,정면,jeongmyeon,명,noun,正面,"The front, the facade",,1,1,
2656,2907.0,B,조각,jogak,명,noun,彫刻,Sculpture,,2,1,surface_duplicate
2657,2910.0,B,태우다,taeuda,동,verb,쓰레기를~,"Burn, commit to flames",,2,1,surface_duplicate
2658,2911.0,B,해석,haeseok,명,noun,解釋,"Interpretation, a comment",,2,1,surface_duplicate
2659,2913.0,B,가리다,garida,동,verb,시야를~,"to hide, to cover, to obscure, to block from view",,2,2,surface_duplicate
2660,2914.0,C,개국,gaeguk,의,noun,個國,The foundation of a country,,1,1,
2661,2916.0,B,계산하다,gyesanhada,동,verb,計算-,To calculate,,1,1,
2662,2918.0,C,근원,geunwon,명,noun,根源,The origin or root or source,,1,1,
2663,2919.0,A,기차,gicha,명,noun,汽車,A train,,1,1,
2664,2920.0,B,담그다,damgeuda,동,verb,,Soak in water,,1,1,
2665,2921.0,B,마음대로,maeumdaero,부,adverb,,As you wish,,1,1,
2666,2923.0,B,며느리,myeoneuri,명,noun,,Daughter-in-law,,1,1,
2667,2924.0,B,믿음,mideum,명,noun,,Belief,,1,1,
2668,2925.0,B,발견,balgyeon,명,noun,發見,Discovery,,1,1,
2669,2926.0,B,보고,bogo,명,noun,報告,"report,information",,1,1,
2670,2927.0,B,부탁하다,butakhada,동,verb,付託-,Ask sb a favor,,1,1,
2671,2928.0,B,사용자,sayongja,명,noun,使用者,"A user,consumer,employer",,1,1,
2672,2929.0,C,사회주의,sahoejuui,명,noun,社會主義,Socialism,,1,1,
2673,2930.0,C,설치되다,seolchidoeda,동,verb,設置-,To be established,,1,1,
2674,2931.0,C,수도권,sudogwon,명,noun,首都圈,The Metropolitan area,,1,1,
2675,2932.0,A,식탁,siktak,명,noun,食卓,Dinner table,,1,1,
2676,2933.0,B,실패하다,silpaehada,동,verb,失敗-,To fail,,1,1,
2677,2934.0,B,영원하다,yeongwonhada,형,adjective,永遠-,To be eternal,,1,1,
2678,2935.0,B,우연히,uyeonhi,부,adverb,偶然-,"accidentally,by chance",,1,1,
2679,2936.0,C,자극,jageuk,명,noun,刺戟,A stimulus,,1,1,
2680,2939.0,B,정해지다,jeonghaejida,동,verb,定-,"To be determined, settled",,1,1,
2681,2942.0,B,직접,jikjeop,명,noun,直接,Directly,,2,2,surface_duplicate
2682,2944.0,C,짚다,jipda,동,verb,,"Feel, examine",,1,1,
2683,2946.0,C,총리,chongri,명,noun,總理,"General overseeing, presiding over",,1,1,
2684,2947.0,B,칭찬,chingchan,명,noun,稱讚,"Praide, admiration",,1,1,
2685,2948.0,B,튼튼하다,teunteunhada,형,adjective,,"Solid, compact, firm",,1,1,
2686,2949.0,B,햇빛,haesbicc,명,noun,,"Sunshine, sunlight",,1,1,
2687,2950.0,A,공원,gongwon,명,noun,公園,Park,,1,1,
2688,2952.0,B,긍정적,geungjeongjeok,명,noun,肯定的,Affirmation or admission,,1,1,
2689,2953.0,B,논의하다,nonuihada,동,verb,論議-,Discussion,,1,1,
2690,2954.0,C,대출,daechul,명,noun,貸出,Lending,,1,1,
2691,2955.0,C,덕,deok,명,noun,德,"Virtue, morality",,1,1,
2692,2956.0,B,돌보다,dolboda,동,verb,,to care for; to take care of,,1,1,
2693,2957.0,B,뒤집다,dwijipda,동,verb,,"to flip (an object, such as a pancake on a hot skillet)",,1,1,
2694,2958.0,B,먼지,meonji,명,noun,,Dust,,1,1,
2695,2959.0,B,바닷가,badasga,명,noun,,The beach,,1,1,
2696,2960.0,C,바치다,bachida,동,verb,드리다,"Give, offer",,1,1,
2697,2961.0,B,반하다,banhada,동,verb,反-,To be contrary to,,1,1,
2698,2962.0,C,발표되다,balpyodoeda,동,verb,發表-,Be announced,,1,1,
2699,2963.0,C,부정하다,bujeonghada,동,verb,否定-,"Be uncertain,irregular",,1,1,
2700,2964.0,C,불러일으키다,bulleoireukida,동,verb,,"rouse,stir up",,1,1,
2701,2965.0,B,사원,sawon,명,noun,社員,Company employee,,1,1,
2702,2966.0,C,소유자,soyuja,명,noun,所有者,Possessor,,1,1,
2703,2968.0,B,씹다,ssipda,동,verb,,To chew,,1,1,
2704,2969.0,B,아무튼,amuteun,부,adverb,,In any case,,1,1,
2705,2970.0,A,안되다,andoeda,동,verb,공부가~,"cannot; Must not, should not",,2,1,surface_duplicate
2706,2971.0,C,액수,aeksu,명,noun,額數,"A sum, an amount",,1,1,
2707,2972.0,B,왠지,waenji,부,adverb,,"I don’t know why, there is no reason for it",,1,1,
2708,2973.0,B,욕심,yoksim,명,noun,欲心,"Greed, selfishness",,1,1,
2709,2974.0,B,우승,useung,명,noun,優勝,First place,,1,1,
2710,2975.0,B,익다,ikda,동,verb,감이~,"Ripe, be ripe; to be skilled, to be experienced, to be familiar",,2,1,surface_duplicate
2711,2976.0,B,제출하다,jechulhada,동,verb,提出-,"To submit,tender",,1,1,
2712,2977.0,B,조심스럽다,josimseureopda,형,adjective,操心-,Cautious,,1,1,
2713,2978.0,C,직전,jikjeon,명,noun,直前,Just immediately before,,1,1,
2714,2979.0,C,짐작하다,jimjakhada,동,verb,斟酌-,"To guess, infer",,1,1,
2715,2981.0,C,택하다,taekhada,동,verb,擇-,"Choose, select",,1,1,
2716,2982.0,C,터,teo,명,noun,,"one’s status, one’s lot",,2,2,surface_duplicate
2717,2984.0,B,피시,pisi,명,noun,PC,"PC, personal computer",,1,1,
2718,2985.0,B,흘러나오다,heulleonaoda,동,verb,,"Flow out, run, effuse",,1,1,
2719,2986.0,C,가구,gagu,명,noun,家口,Family,,2,1,surface_duplicate
2720,2987.0,B,간단히,gandanhi,부,adverb,簡單-,Simply speaking,,1,1,
2721,2988.0,B,강물,gangmul,명,noun,江-,River water,,1,1,
2722,2989.0,C,거꾸로,geokkuro,부,adverb,,Backwards or bottom up or the wrong way,,1,1,
2723,2990.0,C,궁극적,gunggeukjeok,명,noun,窮極的,"Finally or in the end, 마지막으로",,1,1,
2724,2991.0,C,극히,geukhi,부,adverb,極-,Exceedingly or extremely,,1,1,
2725,2992.0,C,기여하다,giyeohada,동,verb,寄與-,Contribute or add much to,,1,1,
2726,2993.0,C,꼭,kkok,부,adverb,힘을주는모양,"grasping tightly, firmly; holding back resolutely (e.g., tears)",,2,2,surface_duplicate
2727,2994.0,A,날짜,naljja,명,noun,,Date,,1,1,
2728,2995.0,C,대륙,daeryuk,명,noun,大陸,A continent,,1,1,
2729,2996.0,B,되게,doege,부,adverb,,"very, extremely, terribly, awfully",,1,1,
2730,2997.0,C,뒤따르다,dwittareuda,동,verb,,"to follow, to go after",,1,1,
2731,2998.0,B,리듬,rideum,명,noun,rhythm,rhythm,,1,1,
2732,3000.0,B,모니터,moniteo,명,noun,monitor,Monitor,,1,1,
2733,3001.0,C,범인,beomin,명,noun,犯人,A criminal,,1,1,
2734,3002.0,C,변동,byeondong,명,noun,變動,"Change, flucutation",,1,1,
2735,3003.0,C,불가피하다,bulgapihada,형,adjective,不可避-,"Inevitable, unavoidable",,1,1,
2736,3004.0,B,삶다,salmda,동,verb,,"boil,cook (eggs)",,1,1,
2737,3005.0,A,샌드위치,saendeuwichi,명,noun,sandwich,Sandwich,,1,1,
2738,3006.0,B,서류,seoryu,명,noun,書類,"documents,papers",,1,1,
2739,3008.0,C,손해,sonhae,명,noun,損害,"damage,injury",,1,1,
2740,3009.0,C,숨지다,sumjida,동,verb,,Breathe one’s last breath,,1,1,
2741,3010.0,C,아유,ayu,감,interjection,,Good heavens!,,1,1,
2742,3011.0,B,요청,yocheong,명,noun,要請,"request,demand,claim",,1,1,
2743,3012.0,B,운,un,명,noun,運,"Fortune, luck, fate",,1,1,
2744,3014.0,B,일상생활,ilsangsaenghwal,명,noun,日常生活,Everyday (daily) life,,1,1,
2745,3015.0,C,자존심,jajonsim,명,noun,自尊心,self-respect; self-esteem,,1,1,
2746,3016.0,C,주저앉다,jujeoanjda,동,verb,,"Sit down, plump down",,1,1,
2747,3017.0,C,증권사,jeunggwonsa,명,noun,證券社,Securities corporation,,1,1,
2748,3018.0,B,진하다,jinhada,형,adjective,津-,"Be dark, deep",,1,1,
2749,3019.0,C,초원,chowon,명,noun,草原,"A plain, a prarie",,1,1,
2750,3020.0,C,최종,choejong,명,noun,最終,"last,final,terminal",,1,1,
2751,3022.0,B,회복하다,hoebokhada,동,verb,回復-,"To recover, get better, get well again",,1,1,
2752,3023.0,B,흘러가다,heulleogada,동,verb,,"flow,run,drift along",,1,1,
2753,3024.0,B,흥미,heungmi,명,noun,興味,"interest,zeal",,1,1,
2754,3025.0,C,검사,geomsa,명,noun,檢事,public prosecutor,,2,2,surface_duplicate
2755,3027.0,A,그쪽,geujjok,대,pronoun,,Those people,,1,1,
2756,3028.0,B,꾸다,kkuda,동,verb,꿈을~,to dream,,2,1,surface_duplicate
2757,3029.0,B,내려다보다,naeryeodaboda,동,verb,,Overlook,,1,1,
2758,3030.0,B,눈썹,nunsseop,명,noun,,The eyebrow,,1,1,
2759,3032.0,C,대신하다,daesinhada,동,verb,代身-,"Relieve, replace another",,1,1,
2760,3034.0,C,두렵다,duryeopda,형,adjective,,"to be fearful, to be scared",,1,1,
2761,3035.0,C,등장,deungjang,명,noun,登場,appearance (e.g. on stage),,1,1,
2762,3036.0,B,디자인,dijain,명,noun,design,design,,1,1,
2763,3037.0,C,마디,madi,명,noun,,"A word, a tune, a song, a paragraph",,1,1,
2764,3038.0,C,미처,micheo,부,adverb,,To that extent,,1,1,
2765,3039.0,B,비닐,binil,명,noun,vinyl,"a thin sheet of plastic, vinyl",,1,1,
2766,3040.0,C,비율,biyul,명,noun,比率,"ratio,percentage",,1,1,
2767,3042.0,C,생물,saengmul,명,noun,生物,A living thing,,1,1,
2768,3043.0,C,소음,soeum,명,noun,騷音,"A noise,cacaphony",,1,1,
2769,3044.0,C,양국,yangguk,명,noun,兩國,Both countries,,1,1,
2770,3045.0,C,얼핏,eolpis,부,adverb,,at a momentary glance or intermittently appearing (e.g. catch a fleeting glimpse of),,1,1,
2771,3046.0,B,오래되다,oraedoeda,동,verb,,To last for a long time,,1,1,
2772,3047.0,C,웬,wen,관,attributive,,"What sort of, what kind of",,1,1,
2773,3049.0,C,조각,jogak,명,noun,얼음~,Sculpture,,2,2,surface_duplicate
2774,3051.0,C,중부,jungbu,명,noun,中部,"The center, middle part",,1,1,
2775,3052.0,A,차,cha,명,noun,茶,tea,,4,3,surface_duplicate
2776,3053.0,B,채소,chaeso,명,noun,菜蔬,"vegetables,greens",,1,1,
2777,3056.0,C,침,chim,명,noun,~을뱉다,Spit,,1,1,
2778,3057.0,B,털,teol,명,noun,,"Hair; fur, feathers",,1,1,
2779,3058.0,B,판매하다,panmaehada,동,verb,販賣-,To sell,,1,1,
2780,3059.0,C,항의,hangui,명,noun,抗議,A protest,,1,1,
2781,3060.0,C,해당,haedang,명,noun,該當,Come/fall under the purview of,,1,1,
2782,3061.0,C,확보,hwakbo,명,noun,確保,"security,insurance",,1,1,
2783,3062.0,C,환경오염,hwangyeongoyeom,명,noun,環境汚染,Environmental pollution,,1,1,
2784,3063.0,C,가치관,gachigwan,명,noun,價値觀,"one’s values or sense of values, a value system",,1,1,
2785,3064.0,A,검은색,geomeunsaek,명,noun,-色,Black or dark,,1,1,
2786,3065.0,B,고생하다,gosaenghada,동,verb,苦生-,"To suffer or to have trials ; to do something you don\’t want to do, 하고 싶자 않은 것",,1,1,
2787,3067.0,C,기원전,giwonjeon,명,noun,紀元前,B.C.,,1,1,
2788,3068.0,C,기타,gita,명,noun,其他,The others or the rest,,2,1,surface_duplicate
2789,3069.0,C,긴급,gingeup,명,noun,緊急,Emergency,,1,1,
2790,3070.0,C,꺾다,kkeokkda,동,verb,,Break off or snap off,,1,1,
2791,3071.0,B,꿈꾸다,kkumkkuda,동,verb,,To dream,,1,1,
2792,3072.0,C,무려,muryeo,부,adverb,無慮,"As many as, no less than",,1,1,
2793,3073.0,C,묻히다,muthida,동,verb,땅에~,Get buried,,2,1,surface_duplicate
2794,3075.0,B,수표,supyo,명,noun,手票,A check,,1,1,
2795,3076.0,C,실태,siltae,명,noun,實態,"The actual conditions,reality",,1,1,
2796,3077.0,C,아쉽다,aswipda,형,adjective,,"To miss, feel the loss of",,1,1,
2797,3078.0,C,애정,aejeong,명,noun,愛情,"Love for a person, affection",,1,1,
2798,3079.0,B,얘,yae,불,expression,이아이,"Sonny, you there",,2,1,surface_duplicate
2799,3080.0,B,어머,eomeo,감,interjection,,Oh my god!,,1,1,
2800,3081.0,A,여보세요,yeoboseyo,감,interjection,,Telephone HELLO,,1,1,
2801,3083.0,B,일정,iljeong,명,noun,日程,"To be fixed, settled, regular",,1,1,
2802,3084.0,C,장르,jangreu,명,noun,&프genre,Genre,,1,1,
2803,3085.0,B,저렇다,jeoreohda,형,adjective,,Such a thing as that,,1,1,
2804,3086.0,C,접하다,jeophada,동,verb,接-,"adjoin,be adjacent to",,1,1,
2805,3087.0,C,정성,jeongseong,명,noun,精誠,"True heart,devotion",,1,1,
2806,3088.0,C,제약,jeyak,명,noun,制約,"A condition,restriction",,1,1,
2807,3089.0,C,쫓다,jjoccda,동,verb,,"Drive away, chase off",,1,1,
2808,3090.0,A,천,cheon,관,attributive,千,thousand,,3,1,surface_duplicate
2809,3091.0,C,추가,chuga,명,noun,追加,An addition,,1,1,
2810,3093.0,B,테이프,teipeu,명,noun,tape,Tape,,1,1,
2811,3095.0,C,품,pum,명,noun,옷이~이크다,"Width; bosom, breast (the clothes have a big ~)",,1,1,
2812,3097.0,C,해석,haeseok,명,noun,解析,"Interpretation, a comment",,2,2,surface_duplicate
2813,3098.0,C,확인되다,hwagindoeda,동,verb,確認-,To be confirmed,,1,1,
2814,3099.0,C,가하다,gahada,동,verb,加-,To add,,1,1,
2815,3100.0,B,간장,ganjang,명,noun,-醬,Soy sauce,,1,1,
2816,3101.0,C,강의,gangui,명,noun,講義,A lecture or discourse,,1,1,
2817,3102.0,A,거,geo,대,pronoun,것,thing,,2,2,surface_duplicate
2818,3104.0,B,고민하다,gominhada,동,verb,苦悶-,Be in anguish or worried,,1,1,
2819,3105.0,C,과,gwa,명,noun,科,a section or a academic department,,2,2,surface_duplicate
2820,3107.0,B,교환,gyohwan,명,noun,交換,An exchange,,1,1,
2821,3108.0,B,국어,gugeo,명,noun,國語,1) The national language or 2) Korean,,1,1,
2822,3109.0,B,노랗다,norahda,형,adjective,,Be yellow,,1,1,
2823,3110.0,B,다치다,dachida,동,verb,,To hurt,,1,1,
2824,3111.0,B,동양,dongyang,명,noun,東洋,"the Orient, the East",,1,1,
2825,3112.0,C,동포,dongpo,명,noun,同胞,"compatriot, countryman",,1,1,
2826,3113.0,C,뚫다,tdulhda,동,verb,,"to pierce a hole through, to bore through",,1,1,
2827,3116.0,C,상,sang,명,noun,上,Upper,,4,1,surface_duplicate
2828,3117.0,C,새,sae,명,noun,사이,"Contraction of 사이 (sai, “gap; space between”",,3,3,surface_duplicate
2829,3122.0,B,악기,akgi,명,noun,樂器,Musical instrument,,1,1,
2830,3124.0,B,연말,yeonmal,명,noun,年末,"The end, close of the year",,1,1,
2831,3125.0,B,올려놓다,ollyeonohda,동,verb,,Put a thing on a place,,1,1,
2832,3126.0,C,외면하다,oemyeonhada,동,verb,外面-,Outward appearance,,1,1,
2833,3127.0,C,원고,wongo,명,noun,原稿,A manuscript,,1,1,
2834,3129.0,B,정말,jeongmal,명,noun,正-,Really,,3,2,surface_duplicate
2835,3130.0,C,줄곧,julgot,부,adverb,,"All the time, all through, repeatedly, constantly",,1,1,
2836,3131.0,C,지출,jichul,명,noun,支出,"Expenses, expenditure",,1,1,
2837,3133.0,C,차,cha,명,noun,差,difference; to distinguish,,4,4,surface_duplicate
2838,3134.0,B,치우다,chiuda,동,verb,,"Straighten up, tidy, remove",,2,1,surface_duplicate
2839,3135.0,B,피로,piro,명,noun,疲勞,"Fatigue, exhaustion",,1,1,
2840,3136.0,C,향,hyang,명,noun,香,"perfume,incense",,1,1,
2841,3137.0,C,개선하다,gaeseonhada,동,verb,改善-,To renovate or to improve,,1,1,
2842,3138.0,C,계좌,gyejwa,명,noun,計座,Account,,1,1,
2843,3140.0,B,당기다,danggida,동,verb,,Pull,,1,1,
2844,3141.0,C,도,do,명,noun,道.~를깨치다,"(government) province (in both Koreas); principle, reason; morals; (philosophy, Confucianism) the Way, the Tao",,3,2,surface_duplicate
2845,3142.0,B,들다,deulda,보,auxiliary verb,따지고~,"Means continuing the main verb’s action ; to enter/go into ; to hold, to carry",,3,3,surface_duplicate
2846,3143.0,B,따르다,ttareuda,동,verb,물을~,to pour,,2,2,surface_duplicate
2847,3144.0,C,말기,malgi,명,noun,末期,"The end, final period",,1,1,
2848,3145.0,C,말없이,maleopsi,부,adverb,,At a loss for words,,1,1,
2849,3146.0,C,망하다,manghada,동,verb,亡-,Go to ruin,,1,1,
2850,3147.0,C,문서,munseo,명,noun,文書,A document,,1,1,
2851,3148.0,B,박수,baksu,명,noun,拍手,Applause,,1,1,
2852,3150.0,B,부자,buja,명,noun,富者,A rich person,,1,1,
2853,3151.0,B,사흘,saheul,명,noun,,Three days,,1,1,
2854,3152.0,A,서쪽,seojjok,명,noun,西-,The west,,1,1,
2855,3153.0,C,성립되다,seongripdoeda,동,verb,成立-,"To be concluded, formed",,1,1,
2856,3154.0,B,손자,sonja,명,noun,孫子,Grandson,,1,1,
2857,3156.0,B,신랑,sinrang,명,noun,新郞,A bridegroom,,1,1,
2858,3157.0,C,실습,silseup,명,noun,實習,"Actual training,practice",,1,1,
2859,3160.0,C,일찍이,iljjigi,부,adverb,,Early,,1,1,
2860,3161.0,C,자율,jayul,명,noun,自律,"self-control,autonomy",,1,1,
2861,3162.0,B,제법,jebeop,부,adverb,,"quite,fairly,considerably",,1,1,
2862,3163.0,C,집중되다,jipjungdoeda,동,verb,集中-,To concentrate,,1,1,
2863,3164.0,C,창조적,changjojeok,명,noun,創造的,Creatively,,1,1,
2864,3166.0,C,천장,cheonjang,명,noun,天障,The ceiling,,1,1,
2865,3168.0,C,파다,pada,동,verb,,To dig,,1,1,
2866,3169.0,C,하긴,hagin,부,adverb,,"Indeed, though, nevertheless",,1,1,
2867,3170.0,C,해결되다,haegyeoldoeda,동,verb,解決-,"To be settled, resolved",,1,1,
2868,3171.0,C,향상,hyangsang,명,noun,向上,"Improve; elevation,rise",,1,1,
2869,3172.0,B,화가,hwaga,명,noun,畵家,"A painter, a drawer artist",,1,1,
2870,3173.0,C,가라앉다,garaanjda,동,verb,,"To sink (calm,settle,subside)",,1,1,
2871,3174.0,C,감싸다,gamssada,동,verb,,1) wrap up or tuck in 2) to protect or defend,,1,1,
2872,3175.0,C,고작,gojak,부,adverb,,To be at the highest or the best,,1,1,
2873,3176.0,B,구경하다,gugyeonghada,동,verb,,To watch or enjoy watching,,1,1,
2874,3177.0,B,국물,gukmul,명,noun,,soup or broth or gravy,,1,1,
2875,3178.0,C,기구,gigu,명,noun,器具,device; tool,,2,2,surface_duplicate
2876,3180.0,C,깔다,kkalda,동,verb,,"to pave (a road), lay down a floor, spread a blanket etc.",,1,1,
2877,3181.0,C,다짐하다,dajimhada,동,verb,,"Pledge, vow, swear",,1,1,
2878,3183.0,C,대합실,daehapsil,명,noun,待合室,A waiting room,,1,1,
2879,3184.0,B,말씀드리다,malsseumdeurida,동,verb,,Speak (honor.),,1,1,
2880,3185.0,C,매장,maejang,명,noun,賣場,"A store, shop",,1,1,
2881,3186.0,B,멀어지다,meoreojida,동,verb,,Become distant to,,1,1,
2882,3187.0,C,명칭,myeongching,명,noun,名稱,"A name,title",,1,1,
2883,3188.0,B,불쌍하다,bulssanghada,형,adjective,,To be deplorable,,1,1,
2884,3190.0,C,상업,sangeop,명,noun,商業,"commerce,trade",,1,1,
2885,3191.0,C,생산되다,saengsandoeda,동,verb,生産-,To be produced,,1,1,
2886,3192.0,C,숨기다,sumgida,동,verb,,To hide,,1,1,
2887,3193.0,B,실력,sillyeok,명,noun,實力,"one’s real ability,talent",,1,1,
2888,3194.0,B,야채,yachae,명,noun,野菜,Vegetables,,1,1,
2889,3196.0,C,엉덩이,eongdeongi,명,noun,,The buttocks,,1,1,
2890,3197.0,B,울음,ureum,명,noun,,"crying,weeping",,1,1,
2891,3199.0,C,이달,idal,명,noun,,This month,,1,1,
2892,3200.0,C,인체,inche,명,noun,人體,The human body,,1,1,
2893,3201.0,C,저고리,jeogori,명,noun,,"A coat, korean jacket",,1,1,
2894,3202.0,B,전부,jeonbu,명,noun,全部,"All, everything",,2,1,surface_duplicate
2895,3203.0,B,즐거움,jeulgeoum,명,noun,,"pleasure,merriment",,1,1,
2896,3204.0,B,지다,jida,동,verb,전쟁에~,to be defeated; to lose,,4,3,surface_duplicate
2897,3205.0,C,진단,jindan,명,noun,診斷,Diagnosis,,1,1,
2898,3206.0,C,질병,jilbyeong,명,noun,疾病,"A disease, sickness",,1,1,
2899,3207.0,C,짜다,jjada,동,verb,관을~,"to make, to assemble, to put together, to piece together",,3,1,surface_duplicate
2900,3208.0,C,체력,cheryeok,명,noun,體力,Physical strength,,1,1,
2901,3209.0,B,친하다,chinhada,형,adjective,親-,"To be intimate, familiar, close, friendly",,1,1,
2902,3211.0,C,헤아리다,hearida,동,verb,,"Consider, weigh, ponder, consider",,1,1,
2903,3213.0,C,각기,gakgi,부,adverb,各其,Each or severally or respectively,,1,1,
2904,3214.0,A,경찰서,gyeongchalseo,명,noun,警察署,A police station,,1,1,
2905,3215.0,B,곧바로,gotbaro,부,adverb,,At once or straight away,,1,1,
2906,3216.0,C,관찰,gwanchal,명,noun,觀察,Observation or survey,,1,1,
2907,3217.0,A,구두,gudu,명,noun,,Shoes or boots,,1,1,
2908,3219.0,C,군사,gunsa,명,noun,軍士,soldier,,2,2,surface_duplicate
2909,3220.0,C,귀신,gwisin,명,noun,鬼神,A ghost,,1,1,
2910,3221.0,C,귀하다,gwihada,형,adjective,貴-,1) noble or high 2) dear 3) lovable or precious,,1,1,
2911,3222.0,C,그토록,geutorok,부,adverb,,So much or to such an extent,,1,1,
2912,3223.0,C,기초하다,gichohada,동,verb,基礎-,Make the basis for,,1,1,
2913,3224.0,B,깊이,gipi,명,noun,,Deepness,,2,2,surface_duplicate
2914,3225.0,B,나뭇가지,namusgaji,명,noun,,A tree branch,,1,1,
2915,3226.0,B,낫다,nasda,동,verb,병이~,to recover from an illness,,2,2,surface_duplicate
2916,3228.0,B,답하다,daphada,동,verb,答-,"Answer, reply",,1,1,
2917,3229.0,C,대가,daega,명,noun,代價,"A price, cost, charge, consideration, purchase money, value",,1,1,
2918,3230.0,B,더위,deowi,명,noun,,The heat,,1,1,
2919,3231.0,C,되찾다,doechajda,동,verb,,"to retrieve, to find (something again)",,1,1,
2920,3232.0,C,말리다,mallida,동,verb,빨래를~,Dry sth,,2,1,surface_duplicate
2921,3233.0,C,무덤,mudeom,명,noun,,"A grave,tomb",,1,1,
2922,3234.0,C,물결,mulgyeol,명,noun,,A wave,,1,1,
2923,3235.0,C,밥상,bapsang,명,noun,-床,Dinner table,,1,1,
2924,3236.0,C,보장하다,bojanghada,동,verb,保障-,"To secure,guarantee",,1,1,
2925,3237.0,A,사과,sagwa,명,noun,沙果,An apple,,2,1,surface_duplicate
2926,3238.0,C,사귀다,sagwida,동,verb,,Make friends with,,1,1,
2927,3240.0,B,서너,seoneo,관,attributive,,"About three, three or four",,1,1,
2928,3241.0,C,솟다,sosda,동,verb,,"rise,soar,tower above",,1,1,
2929,3242.0,B,실패,silpae,명,noun,失敗,Failure,,1,1,
2930,3243.0,C,예상하다,yesanghada,동,verb,豫想-,"To expect, anticipate",,1,1,
2931,3244.0,C,예외,yeoe,명,noun,例外,An exception,,1,1,
2932,3245.0,C,완전,wanjeon,명,noun,完全,"Perfection, completeness",,1,1,
2933,3246.0,B,웃기다,usgida,동,verb,,To be funny,,1,1,
2934,3247.0,B,유리,yuri,명,noun,琉璃,A glass pane,,1,1,
2935,3248.0,C,절대적,jeoldaejeok,명,noun,絶對的,"absolute,unconditional",,1,1,
2936,3249.0,C,제작하다,jejakhada,동,verb,製作-,"To produce,manufacture",,1,1,
2937,3250.0,B,쥐,jwi,명,noun,동물,Mouse,,1,1,
2938,3251.0,C,최대한,choedaehan,명,noun,最大限,"At the most, at the maximum",,1,1,
2939,3252.0,B,턱,teok,명,noun,신체의일부,The chin,,2,1,surface_duplicate
2940,3253.0,B,팔리다,pallida,동,verb,,"To be in demand, to be sold",,1,1,
2941,3254.0,C,품다,pumda,동,verb,가슴에~,"To hold, embrace",,1,1,
2942,3255.0,B,하하,haha,부,adverb,,Ha ha ha ha ha,,1,1,
2943,3257.0,B,형부,hyeongbu,명,noun,兄夫,A husband of a girl’s older sister,,1,1,
2944,3258.0,C,휴식,hyusik,명,noun,休息,"Rest, take a rest",,1,1,
2945,3259.0,C,굳다,gutda,형,adjective,,Harden or become hard,,1,1,
2946,3260.0,C,굳어지다,gudeojida,동,verb,,Become hard,,1,1,
2947,3261.0,C,굶다,gulmda,동,verb,,To starve or go hungry,,1,1,
2948,3262.0,B,금년,geumnyeon,명,noun,今年,This year,,1,1,
2949,3263.0,C,기기13,gigi13,명,noun,機器,Machinery and tools,,1,1,
2950,3264.0,B,까맣다,kkamahda,형,adjective,,Black,,1,1,
2951,3265.0,C,나침반,nachimban,명,noun,羅針盤,A compass,,1,1,
2952,3267.0,C,농부,nongbu,명,noun,農夫,A farmer,,1,1,
2953,3268.0,B,대학원,daehagwon,명,noun,大學院,Graduate school,,1,1,
2954,3269.0,B,더럽다,deoreopda,형,adjective,,"Foul, dirty",,1,1,
2955,3270.0,C,도달하다,dodalhada,동,verb,到達-,Arrival,,1,1,
2956,3271.0,C,뒤늦다,dwineujda,형,adjective,,"late, tardy",,1,1,
2957,3272.0,C,뒤지다,dwijida,동,verb,가방을~,"to rummage, to rifle",,1,1,
2958,3273.0,B,등록,deungrok,명,noun,登錄,"registration, enrollment",,1,1,
2959,3274.0,C,디스크,diseukeu,명,noun,disk,disk,,1,1,
2960,3275.0,C,맛보다,masboda,동,verb,,Taste,,1,1,
2961,3277.0,B,무늬,munui,명,noun,,Pattern,,1,1,
2962,3278.0,B,문장,munjang,명,noun,文章,"writing,composition",,1,1,
2963,3279.0,C,묻다,mutda,동,verb,시체를~,to bury,,3,3,surface_duplicate
2964,3280.0,B,변호사,byeonhosa,명,noun,辯護士,Lawyer,,1,1,
2965,3283.0,C,상,sang,명,noun,像,statue; figure; image,,4,2,surface_duplicate
2966,3284.0,C,상상력,sangsangryeok,명,noun,想像力,Imaginative powers,,1,1,
2967,3287.0,A,여학생,yeohaksaeng,명,noun,女學生,Female student,,1,1,
2968,3288.0,C,영업,yeongeop,명,noun,營業,"business, doing business",,1,1,
2969,3289.0,C,예,ye,명,noun,~나지금이나,Example,,3,3,surface_duplicate
2970,3290.0,C,예방,yebang,명,noun,豫防,"Prevention, protection",,1,1,
2971,3291.0,C,완성,wanseong,명,noun,完成,"completion,accomplishment",,1,1,
2972,3292.0,C,유리하다,yurihada,형,adjective,有利-,"To be profitable, favorable",,1,1,
2973,3293.0,C,자연환경,jayeonhwangyeong,명,noun,自然環境,Natural surroundings,,1,1,
2974,3296.0,C,증명하다,jeungmyeonghada,동,verb,證明-,"To prove,show,bear",,1,1,
2975,3297.0,C,지적되다,jijeokdoeda,동,verb,指摘-,To be pointed out to,,1,1,
2976,3298.0,B,지점,jijeom,명,noun,地點,"point on a map, spot, place, location",,2,1,surface_duplicate
2977,3299.0,C,철저히,cheoljeohi,부,adverb,徹底-,Thoroughly,,1,1,
2978,3300.0,C,코스,koseu,명,noun,course,Course,,1,1,
2979,3301.0,C,학부모,hakbumo,명,noun,學父母,Mothers of the students,,1,1,
2980,3302.0,C,합리적,haprijeok,명,noun,合理的,"Rational, reasonable",,1,1,
2981,3304.0,C,해석하다,haeseokhada,동,verb,解釋-,"To intrepret, construe",,1,1,
2982,3305.0,C,힘쓰다,himsseuda,동,verb,,To try really hard,,1,1,
2983,3306.0,C,거듭,geodeup,부,adverb,,Again or over and over,,1,1,
2984,3307.0,B,귀국하다,gwigukhada,동,verb,歸國-,To return to one’s home country,,1,1,
2985,3308.0,B,기뻐하다,gippeohada,동,verb,,Be pleased or delighted with,,1,1,
2986,3309.0,C,날리다,nallida,동,verb,날다'의사동사,To send flying,,1,1,
2987,3310.0,B,내려놓다,naeryeonohda,동,verb,,Set or put down,,1,1,
2988,3311.0,A,냉장고,naengjanggo,명,noun,冷藏庫,Freezer,,1,1,
2989,3312.0,B,당근,danggeun,명,noun,,A carrot,,1,1,
2990,3313.0,C,덜다,deolda,동,verb,,"Save, lighten",,1,1,
2991,3315.0,C,뛰어넘다,ttwieoneomda,동,verb,,"(transitive) to leap, to jump (over something)",,1,1,
2992,3316.0,C,마누라,manura,명,noun,,one’s wife,,1,1,
2993,3317.0,C,맞이하다,majihada,동,verb,,Go to greet,,1,1,
2994,3318.0,B,불행하다,bulhaenghada,형,adjective,不幸-,Do not permit,,1,1,
2995,3320.0,C,신고하다,singohada,동,verb,申告-,"To state, declare",,1,1,
2996,3321.0,C,연속,yeonsok,명,noun,連續,"continuity,succession",,1,1,
2997,3322.0,B,외롭다,oeropda,형,adjective,,"To be lonely, lonesome",,1,1,
2998,3323.0,C,욕,yok,명,noun,辱,An insult,,1,1,
2999,3324.0,C,원장,wonjang,명,noun,院長,The chief/head (of a 학원),,1,1,
3000,3325.0,C,유물,yumul,명,noun,遺物,"A relic, cultural remains",,1,1,
3001,3326.0,C,저절로,jeojeollo,부,adverb,,"Of itself, on its own accord",,1,1,
3002,3327.0,B,절,jeol,명,noun,~을하다,bow; greeting,,3,2,surface_duplicate
3003,3328.0,C,정비,jeongbi,명,noun,整備,maintaining equipment in good working order,,1,1,
3004,3330.0,C,주의,juui,명,noun,注意,"attention,notice",,1,1,
3005,3331.0,B,지난번,jinanbeon,명,noun,-番,Last time,,1,1,
3006,3333.0,C,집어넣다,jibeoneohda,동,verb,,Put in,,1,1,
3007,3334.0,C,통계,tonggye,명,noun,統計,Statistics,,1,1,
3008,3335.0,B,파일,pail,명,noun,file,File,,1,1,
3009,3336.0,C,판,pan,의,noun,마지막~,"A match, game, contest",,4,1,surface_duplicate
3010,3337.0,C,피해자,pihaeja,명,noun,被害者,"A sufferer, the injured party",,1,1,
3011,3338.0,C,필수적,pilsujeok,명,noun,必須的,"necessary,indispensable",,1,1,
3012,3339.0,C,학용품,hagyongpum,명,noun,學用品,"School things, supplies",,1,1,
3013,3340.0,B,화분,hwabun,명,noun,花盆,Flower pot,,1,1,
3014,3341.0,C,환하다,hwanhada,형,adjective,,"To be clear, unobstructed ; to be light, bright (opp. 어둡다)",,1,1,
3015,3342.0,B,갈색,galsaek,명,noun,褐色,Brown,,1,1,
3016,3343.0,A,감기,gamgi,명,noun,感氣,A cold,,1,1,
3017,3344.0,C,강남,gangnam,명,noun,江南,South of a river,,1,1,
3018,3346.0,C,구속되다,gusokdoeda,동,verb,拘束-,To be arrested,,1,1,
3019,3348.0,C,돌아다니다,doradanida,동,verb,,"to get around, to go around, to wander, to roam",,1,1,
3020,3349.0,C,등등,deungdeung,의,noun,等等,et cetera,,1,1,
3021,3350.0,C,멋지다,meosjida,형,adjective,,Be splendid,,1,1,
3022,3351.0,C,반발,banbal,명,noun,反撥,"Repulsion, a backlash",,1,1,
3023,3352.0,B,반찬,banchan,명,noun,飯饌,Sie dishes,,1,1,
3024,3353.0,C,방지,bangji,명,noun,防止,"Prevention, check",,1,1,
3025,3354.0,C,배다,baeda,동,verb,땀이~,Soak into,,1,1,
3026,3356.0,C,보장,bojang,명,noun,保障,"guarantee,security",,1,1,
3027,3357.0,C,빠져나오다,ppajyeonaoda,동,verb,,Come out of somewhere,,1,1,
3028,3358.0,C,새다,saeda,동,verb,비가~,"leak,escape from",,1,1,
3029,3360.0,B,소개되다,sogaedoeda,동,verb,紹介-,"To be introduced,presented",,1,1,
3030,3361.0,B,씨,ssi,명,noun,~를심다,"seed, kernel",,2,2,surface_duplicate
3031,3362.0,B,안쪽,anjjok,명,noun,,"The inside, the inner part",,1,1,
3032,3364.0,C,억울하다,eogulhada,형,adjective,抑鬱-,"To be regrettable, disappointing",,1,1,
3033,3365.0,B,오가다,ogada,동,verb,,"Come and go, keep going and coming",,1,1,
3034,3366.0,C,요구되다,yogudoeda,동,verb,要求-,"To be requested, claimed",,1,1,
3035,3367.0,C,음성,eumseong,명,noun,音聲,A voice,,1,1,
3036,3368.0,C,이윽고,ieukgo,부,adverb,,"After a while, shortly",,1,1,
3037,3370.0,C,장식,jangsik,명,noun,裝飾,Decoration,,1,1,
3038,3371.0,C,전개하다,jeongaehada,동,verb,展開-,"To unfold,evolve,spread out",,1,1,
3039,3372.0,B,전날,jeonnal,명,noun,前-,"The day before, the day prior",,1,1,
3040,3373.0,C,전반적,jeonbanjeok,명,noun,全般的,"over-all,all",,1,1,
3041,3377.0,C,척하다,cheokhada,보,auxiliary verb,,The preceding verb is a lie,,1,1,
3042,3380.0,C,풍습,pungseup,명,noun,風習,"customs,manners,practices ; a ritual, rituals",,1,1,
3043,3381.0,C,한가운데,hangaunde,명,noun,,"The very middle, the center",,1,1,
3044,3382.0,C,한정되다,hanjeongdoeda,동,verb,限定-,"To be limiited, qualified",,1,1,
3045,3383.0,C,해내다,haenaeda,동,verb,,"To accomplish, achieve, carry through",,1,1,
3046,3384.0,C,흉내,hyungnae,명,noun,,"Imitation, mimicry",,1,1,
3047,3385.0,C,감옥,gamok,명,noun,監獄,Prison,,1,1,
3048,3386.0,C,갚다,gapda,동,verb,,Pay back a loan,,1,1,
3049,3388.0,C,건전하다,geonjeonhada,형,adjective,健全-,Health or soundness or vitality,,1,1,
3050,3389.0,A,결혼식,gyeolhonsik,명,noun,結婚式,Wedding,,1,1,
3051,3390.0,B,계산기,gyesangi,명,noun,計算器,Calculator,,1,1,
3052,3392.0,C,광장,gwangjang,명,noun,廣場,An open space or a plaza or public square,,1,1,
3053,3393.0,B,그렇지,geureohji,감,interjection,,So it is or that is right,,1,1,
3054,3394.0,B,깨다,kkaeda,동,verb,그릇을~,"to break; to smash; to shatter, to crack",,2,2,surface_duplicate
3055,3395.0,C,꽉,kkwak,부,adverb,,Tightly or fast,,1,1,
3056,3396.0,C,끼우다,kkiuda,동,verb,,To put between or insert,,1,1,
3057,3398.0,A,노래하다,noraehada,동,verb,,To sing,,1,1,
3058,3399.0,C,다듬다,dadeumda,동,verb,,"Trim, shave",,1,1,
3059,3400.0,C,다름없다,dareumeopsda,형,adjective,,"Be similar, not different",,1,1,
3060,3401.0,C,당당하다,dangdanghada,형,adjective,堂堂-,Dignified,,1,1,
3061,3402.0,C,댐,daem,명,noun,dam,Dam,,1,1,
3062,3403.0,C,덩어리,deongeori,명,noun,,"A lump, a cluster",,1,1,
3063,3404.0,C,두뇌,dunoe,명,noun,頭腦,brain,,1,1,
3064,3405.0,B,등,deung,의,noun,等.1~,신체의일부,,3,3,surface_duplicate
3065,3406.0,C,모처럼,mocheoreom,부,adverb,,At long last,,1,1,
3066,3407.0,C,물리학,mullihak,명,noun,物理學,Physics,,1,1,
3067,3408.0,C,벌,beol,명,noun,罰,Punishment,,3,1,surface_duplicate
3068,3410.0,C,부정적,bujeongjeok,명,noun,否定的,"negative, contradicting sth else, not positive",,1,1,
3069,3411.0,C,북부,bukbu,명,noun,北部,The north part,,1,1,
3070,3412.0,C,분리,bunri,명,noun,分離,"separation,segration",,1,1,
3071,3413.0,C,상당,sangdang,명,noun,相當,"proper,fit,suitable",,1,1,
3072,3415.0,B,세다,seda,형,adjective,기운이~,"To be strong, mighty",,2,1,surface_duplicate
3073,3416.0,B,소개,sogae,명,noun,紹介,Introduction,,1,1,
3074,3417.0,B,수화기,suhwagi,명,noun,受話器,Telephone receiver,,1,1,
3075,3419.0,B,애인,aein,명,noun,愛人,A lover,,1,1,
3076,3420.0,C,애초,aecho,명,noun,-初,"The first, the beginning",,1,1,
3077,3421.0,B,얇다,yalpda,형,adjective,,To be thin,,1,1,
3078,3422.0,B,양념,yangnyeom,명,noun,,Spices and condiments,,1,1,
3079,3423.0,C,에,e,감,interjection,,at/in/on,,1,1,
3080,3425.0,C,오염되다,oyeomdoeda,동,verb,汚染-,"To be polluted, contaminated",,1,1,
3081,3426.0,C,오해,ohae,명,noun,誤解,Misunderstanding,,1,1,
3082,3428.0,B,웬일,wenil,명,noun,,"What cause, what reason",,1,1,
3083,3431.0,C,의식,uisik,명,noun,儀式,A ceremony,,2,2,surface_duplicate
3084,3432.0,C,의지하다,uijihada,동,verb,依支-,"To look to, depend on, rely on",,1,1,
3085,3433.0,B,일기,ilgi,명,noun,日記,"A diary, journal",,2,1,surface_duplicate
3086,3434.0,B,절대,jeoldae,부,adverb,絶對,Absoluteness,,2,1,surface_duplicate
3087,3436.0,C,제한하다,jehanhada,동,verb,制限-,"To restrict,limit",,1,1,
3088,3437.0,C,존중하다,jonjunghada,동,verb,尊重-,"appreciate,esteem,value",,1,1,
3089,3439.0,B,창고,changgo,명,noun,倉庫,"A warehouse,storehouse",,1,1,
3090,3440.0,C,채,chae,부,adverb,말이~끝나기도전에,"As it is, no change",,3,2,surface_duplicate
3091,3441.0,C,책임지다,chaegimjida,동,verb,,Take responsibility,,1,1,
3092,3442.0,C,청춘,cheongchun,명,noun,靑春,"youth,the springtime of life",,1,1,
3093,3443.0,C,초반,choban,명,noun,初盤,The opening part (of a game of baduk),,1,1,
3094,3446.0,C,트럭,teureok,명,noun,truck,Truck,,1,1,
3095,3447.0,B,파,pa,명,noun,식물,Onions,,1,1,
3096,3448.0,C,폭넓다,pokneolpda,형,adjective,幅-,To be broad,,1,1,
3097,3449.0,C,표현되다,pyohyeondoeda,동,verb,表現-,To have been expressed,,1,1,
3098,3450.0,C,학번,hakbeon,명,noun,學番,Year of graduation,,1,1,
3099,3451.0,B,학원,hagwon,명,noun,學院,Learning institute,,1,1,
3100,3452.0,C,허가,heoga,명,noun,許可,"Permission, grant, leave",,1,1,
3101,3453.0,C,헤매다,hemaeda,동,verb,,"Wander about, roam about",,1,1,
3102,3454.0,C,가장,gajang,명,noun,家長,head of a family,,2,2,surface_duplicate
3103,3459.0,C,곡,gok,명,noun,曲,A tune or an air,,1,1,
3104,3460.0,C,곡식,goksik,명,noun,穀食,Cereals or grain,,1,1,
3105,3462.0,C,꽂다,kkojda,동,verb,,Be stuck in or insert,,1,1,
3106,3466.0,C,두려움,duryeoum,명,noun,,"fear, terror",,1,1,
3107,3467.0,C,망설이다,mangseorida,동,verb,,Hesitate,,1,1,
3108,3468.0,C,무리,muri,명,noun,~를이루다,"group, crowd, gang, horde",,2,2,surface_duplicate
3109,3470.0,B,버터,beoteo,명,noun,butter,Butter,,1,1,
3110,3471.0,C,별다르다,byeoldareuda,형,adjective,別-,Be of a peculiar kind,,1,1,
3111,3472.0,C,보편적,bopyeonjeok,명,noun,普遍的,Universal,,1,1,
3112,3473.0,C,부품,bupum,명,noun,部品,"Parts, accessories",,1,1,
3113,3476.0,C,뻔하다,ppeonhada,형,adjective,,"almost,nearly",,2,1,surface_duplicate
3114,3477.0,C,뽑히다,ppophida,동,verb,,"Be taken out, pulled out",,1,1,
3115,3478.0,C,상담,sangdam,명,noun,相談,Consultation,,1,1,
3116,3479.0,C,서부,seobu,명,noun,西部,The western part,,1,1,
3117,3481.0,C,속담,sokdam,명,noun,俗談,"A proverb,saying",,1,1,
3118,3482.0,C,시중,sijung,명,noun,市中,In the city,,1,1,
3119,3484.0,C,심사,simsa,명,noun,審査,"judgment,examination",,1,1,
3120,3485.0,B,아이,ai,감,interjection,,Child,,2,2,surface_duplicate
3121,3486.0,C,앞세우다,apseuda,동,verb,,Make a person go,,1,1,
3122,3488.0,C,유사하다,yusahada,형,adjective,類似-,"To be similar, to resemble",,1,1,
3123,3489.0,B,유치원,yuchiwon,명,noun,幼稚園,Kindergarten,,1,1,
3124,3490.0,C,의욕,uiyok,명,noun,意欲,"volition,will,desire",,1,1,
3125,3491.0,C,인근,ingeun,명,noun,隣近,The neighborhood,,1,1,
3126,3493.0,C,일반인,ilbanin,명,noun,一般人,Of the general public,,1,1,
3127,3494.0,C,작성하다,jakseonghada,동,verb,作成-,"To edit or compose, write up ; to fill out a form",,1,1,
3128,3495.0,B,전공,jeongong,명,noun,專攻,Specialty,,1,1,
3129,3497.0,C,정기,jeonggi,명,noun,定期,A fixed time period,,1,1,
3130,3498.0,C,제의,jeui,명,noun,提議,"A proposal,an offer",,1,1,
3131,3499.0,B,종일,jongil,명,noun,終日,"All day, throughout the whole day",,1,1,
3132,3500.0,B,좋아지다,johajida,동,verb,,To become better,,1,1,
3133,3502.0,C,차림,charim,명,noun,,Appearance of clothes or worn objecs,,1,1,
3134,3503.0,C,창조하다,changjohada,동,verb,創造-,Create,,1,1,
3135,3504.0,B,추위,chuwi,명,noun,,Cold,,1,1,
3136,3505.0,B,토마토,tomato,명,noun,tomato,Tomato,,1,1,
3137,3506.0,B,파랗다,parahda,형,adjective,,To be blue,,1,1,
3138,3507.0,C,펴내다,pyeonaeda,동,verb,,"Publish, bring out in print",,1,1,
3139,3509.0,C,하드웨어,hadeuweeo,명,noun,hardware,Hardwaer,,1,1,
3140,3510.0,C,화장,hwajang,명,noun,化粧,Makeup,,1,1,
3141,3512.0,B,가져가다,gajyeogada,동,verb,,To take or carry,,1,1,
3142,3513.0,B,감자,gamja,명,noun,,Potato,,1,1,
3143,3514.0,C,강렬하다,gangryeolhada,형,adjective,强烈-,Intense or strong or severe,,1,1,
3144,3515.0,B,갖다,gajda,보,auxiliary verb,가지다,To hold,,2,2,surface_duplicate
3145,3516.0,B,괴롭다,goeropda,형,adjective,,Be painful or distressing,,1,1,
3146,3517.0,B,교통사고,gyotongsago,명,noun,交通事故,Traffic accident,,1,1,
3147,3519.0,B,군데,gunde,의,noun,,A place or spot,,1,1,
3148,3520.0,A,내일,naeil,부,adverb,來日,Tomorrow,,2,2,surface_duplicate
3149,3523.0,C,되풀이하다,doepurihada,동,verb,,repeat (do or say again),,1,1,
3150,3524.0,C,딱,ttak,부,adverb,멎는모양,"(onomatopoeia, of solid objects) while colliding together",,2,2,surface_duplicate
3151,3525.0,C,리,ri,의,noun,里,village; a Korean administrative division covering a small settlement and its surrounding hinterland.,,1,1,
3152,3526.0,B,메시지,mesiji,명,noun,message,Message,,1,1,
3153,3527.0,C,면하다,myeonhada,동,verb,免-,"escape,avoid",,1,1,
3154,3528.0,C,모색하다,mosaekhada,동,verb,摸索-,Evening twilight,,1,1,
3155,3530.0,C,붙잡다,butjapda,동,verb,,"seize,catch",,1,1,
3156,3531.0,C,빛깔,bicckkal,명,noun,,"A color,shade,hue",,1,1,
3157,3532.0,B,뺨,ppyam,명,noun,,Cheek,,1,1,
3158,3533.0,C,사방,sabang,명,noun,四方,The four directions,,1,1,
3159,3534.0,C,살림,sallim,명,noun,,"living,livelihood",,1,1,
3160,3537.0,C,실현,silhyeon,명,noun,實現,"realization,materialization",,1,1,
3161,3538.0,C,아냐,anya,감,interjection,,"No, that’s not the case",,1,1,
3162,3539.0,C,연예인,yeonyein,명,noun,演藝人,"A performer, an entertainer",,1,1,
3163,3540.0,B,영원히,yeongwonhi,부,adverb,永遠-,Forever,,1,1,
3164,3541.0,B,월급,wolgeup,명,noun,月給,Monthly salary,,1,1,
3165,3542.0,B,유행,yuhaeng,명,noun,流行,"Fashion, vogue",,1,1,
3166,3544.0,C,이내,inae,부,adverb,,"soon,right away",,2,1,surface_duplicate
3167,3545.0,B,이리,iri,부,adverb,~오너라,"This way, this direction",,1,1,
3168,3547.0,B,제발,jebal,부,adverb,,"kindly,please",,1,1,
3169,3550.0,C,차츰,chacheum,부,adverb,,"gradually,step by step",,1,1,
3170,3553.0,C,투표,tupyo,명,noun,投票,"vote,voting",,1,1,
3171,3554.0,C,파괴하다,pagoehada,동,verb,破壞-,"Destruction, demolition",,1,1,
3172,3555.0,C,하느님,haneunim,명,noun,,God,,1,1,
3173,3557.0,C,해당되다,haedangdoeda,동,verb,該當-,"correspond to, be equivalent to, be tantamount to",,1,1,
3174,3559.0,C,홀로,hollo,부,adverb,,"Alone, by oneself",,1,1,
3175,3560.0,B,가까이,gakkai,명,noun,,Close,,2,2,surface_duplicate
3176,3561.0,B,가득하다,gadeukhada,형,adjective,,To fill,,1,1,
3177,3562.0,B,각자,gakja,부,adverb,各自,Each one or every one,,2,1,surface_duplicate
3178,3563.0,C,감히,gamhi,부,adverb,敢-,Daringly or boldly,,1,1,
3179,3564.0,C,강요하다,gangyohada,동,verb,强要-,"to force, to impose",,1,1,
3180,3565.0,C,개미,gaemi,명,noun,곤충,Ant,,1,1,
3181,3566.0,C,관습,gwanseup,명,noun,慣習,Custom or usage,,1,1,
3182,3567.0,C,광경,gwanggyeong,명,noun,光景,A spectacle or a sight in 3-d and uncut (compare 관광 tourism),,1,1,
3183,3571.0,C,금세,geumse,부,adverb,,In a moment or at once,,1,1,
3184,3572.0,C,낮추다,najchuda,동,verb,,"Lower, make low",,1,1,
3185,3574.0,C,내주다,naejuda,동,verb,,Take out and give away,,1,1,
3186,3578.0,C,명의,myeongui,명,noun,名義,"name,title",,1,1,
3187,3579.0,B,물고기,mulgogi,명,noun,,Fish,,1,1,
3188,3580.0,C,물러나다,mulleonada,동,verb,,"Fall back, to pull back, to pull back your position",,1,1,
3189,3581.0,C,밀접하다,miljeophada,형,adjective,密接-,"Be close,intimate with",,1,1,
3190,3582.0,B,부탁,butak,명,noun,付託,"request,favor",,1,1,
3191,3583.0,C,분량,bunryang,명,noun,分量,"quantity,measure",,1,1,
3192,3584.0,C,불과,bulgwa,부,adverb,不過,"Only, not more than",,1,1,
3193,3585.0,C,뻔하다,ppeonhada,보,auxiliary verb,,"almost,nearly",,2,2,surface_duplicate
3194,3587.0,B,상자,sangja,명,noun,箱子,"A box,case",,1,1,
3195,3588.0,B,새해,saehae,명,noun,,A new year,,1,1,
3196,3589.0,C,소박하다,sobakhada,형,adjective,素朴-,"simple, naive, ingenuous",,1,1,
3197,3590.0,C,수없이,sueopsi,부,adverb,數-,Be unable to do,,1,1,
3198,3591.0,C,승진,seungjin,명,noun,昇進,"promotion,advancement",,1,1,
3199,3592.0,C,양,yang,관,attributive,兩,two; both,,4,3,surface_duplicate
3200,3593.0,B,얼음,eoreum,명,noun,,Ice,,1,1,
3201,3596.0,C,열매,yeolmae,명,noun,,Fruit,,1,1,
3202,3600.0,C,적히다,jeokhida,동,verb,,"To be recorded,written down",,1,1,
3203,3602.0,B,점수,jeomsu,명,noun,點數,"marks,the number of marks",,1,1,
3204,3603.0,C,제한되다,jehandoeda,동,verb,制限-,"To be restricted,limited",,1,1,
3205,3605.0,C,지속되다,jisokdoeda,동,verb,持續-,"Be lasting a long time, be continous",,1,1,
3206,3606.0,C,쫓기다,jjoccgida,동,verb,,"To be chased, be driven",,1,1,
3207,3607.0,C,쭉,jjuk,부,adverb,,All the time,,1,1,
3208,3611.0,B,통장,tongjang,명,noun,通帳,A bankbook (check register),,1,1,
3209,3613.0,C,평가되다,pyeonggadoeda,동,verb,評價-,To be appraised,,1,1,
3210,3614.0,C,하도,hado,부,adverb,,"Too much, excessively",,1,1,
3211,3615.0,C,한창,hanchang,부,adverb,,"The height, summit , the top",,1,1,
3212,3616.0,C,해안,haean,명,noun,海岸,"The seashore, the coast",,1,1,
3213,3617.0,C,호박,hobak,명,noun,,Pumpkin,,1,1,
3214,3619.0,C,흑인,heugin,명,noun,黑人,A black person,,1,1,
3215,3620.0,C,간,gan,명,noun,肝,liver,,3,2,surface_duplicate
3216,3621.0,C,갇히다,gathida,동,verb,,Be confined or shut up,,1,1,
3217,3623.0,B,결심하다,gyeolsimhada,동,verb,決心-,To resolve or be determined,,1,1,
3218,3624.0,B,경기장,gyeonggijang,명,noun,競技場,Sports stadium or a sports field,,1,1,
3219,3625.0,B,고장,gojang,명,noun,故障,breakdown (mechanical),,2,2,surface_duplicate
3220,3628.0,C,근로,geunro,명,noun,勤勞,Labor or exertion,,1,1,
3221,3629.0,C,눈동자,nundongja,명,noun,-瞳子,The pupil,,1,1,
3222,3630.0,A,늦다,neujda,동,verb,,To be late (time),,2,2,surface_duplicate
3223,3631.0,C,닥치다,dakchida,동,verb,다다르다,Shut the mouth!,,1,1,
3224,3633.0,B,도시락,dosirak,명,noun,,Lunchbox lunch,,1,1,
3225,3634.0,C,뜯다,tteutda,동,verb,,"to tear, pick, pluck",,1,1,
3226,3636.0,C,몸짓,momjis,명,noun,,A gesture,,1,1,
3227,3638.0,C,부담하다,budamhada,동,verb,負擔-,"bear,shoulder a responsibility",,1,1,
3228,3640.0,C,부회장,buhoejang,명,noun,副會長,A vice president,,1,1,
3229,3642.0,C,빼앗다,ppaeasda,동,verb,,"Snach, take away from",,1,1,
3230,3643.0,C,삼키다,samkida,동,verb,,Swallow,,1,1,
3231,3645.0,C,성실하다,seongsilhada,형,adjective,誠實-,Be ripe,,1,1,
3232,3646.0,C,스튜디오,seutyudio,명,noun,studio,Studio,,1,1,
3233,3647.0,C,실제,silje,부,adverb,實際,"The truth, a fact",,2,2,surface_duplicate
3234,3649.0,B,요새,yosae,명,noun,,"recently,lately",,1,1,
3235,3650.0,C,이상적,isangjeok,명,noun,理想的,Abnormal,,1,1,
3236,3652.0,C,일쑤,ilssu,명,noun,,Habitual practice,,1,1,
3237,3653.0,C,일체,ilche,명,noun,一切,"All, everything,the whole",,1,1,
3238,3654.0,B,자꾸만,jakkuman,부,adverb,,Repeatedly (emphasized),,1,1,
3239,3655.0,C,잦다,jajda,형,adjective,왕래가~,"Be frequent, incessant",,1,1,
3240,3656.0,C,절망,jeolmang,명,noun,絶望,"despair,hopelessness",,1,1,
3241,3657.0,C,접다,jeopda,동,verb,,Fold up,,1,1,
3242,3659.0,C,제시되다,jesidoeda,동,verb,提示-,To be presented,,1,1,
3243,3660.0,C,주방,jubang,명,noun,廚房,"A kitchen, a cookroom",,1,1,
3244,3662.0,C,진출하다,jinchulhada,동,verb,進出-,"Penetrate into, advance",,1,1,
3245,3663.0,B,짜증,jjajeung,명,noun,,Annoyance,,1,1,
3246,3664.0,B,첫날,cheosnal,명,noun,,The first day,,1,1,
3247,3666.0,C,통과하다,tonggwahada,동,verb,通過-,Passage through,,1,1,
3248,3667.0,C,투명하다,tumyeonghada,형,adjective,透明-,"To be transparent, clear",,1,1,
3249,3671.0,C,확산되다,hwaksandoeda,동,verb,擴散-,To get diffused,,1,1,
3250,3672.0,C,경력,gyeongryeok,명,noun,經歷,one’s personal history,,1,1,
3251,3674.0,C,고통스럽다,gotongseureopda,형,adjective,苦痛-,Be painful or torment,,1,1,
3252,3675.0,C,곤란하다,gonranhada,형,adjective,困難-,Difficulty or trouble,,1,1,
3253,3676.0,C,공중,gongjung,명,noun,空中,The air or the sky,,1,1,
3254,3677.0,C,공해,gonghae,명,noun,公害,Environmental pollution,,1,1,
3255,3679.0,C,귀찮다,gwichanhda,형,adjective,,Annoying irksome,,1,1,
3256,3680.0,C,기대다,gidaeda,동,verb,의지하다,1) To rely upon or lean upon 2) lean against,,1,1,
3257,3681.0,C,깨어나다,kkaeeonada,동,verb,,Return to consciousness,,1,1,
3258,3682.0,C,꼽히다,kkophida,동,verb,,To be elected,,1,1,
3259,3683.0,C,대다수,daedasu,명,noun,大多數,A large majority,,1,1,
3260,3685.0,C,듯싶다,deussipda,보,auxiliary verb,,"To be like something, i guess",,1,1,
3261,3686.0,C,먹이,meogi,명,noun,,Food,,1,1,
3262,3687.0,B,무,mu,명,noun,식물,"Radish, daikon",,2,1,surface_duplicate
3263,3688.0,C,무료,muryo,명,noun,無料,"Free, without charge",,1,1,
3264,3689.0,B,밉다,mipda,형,adjective,,Be detestable,,1,1,
3265,3690.0,C,발레,balle,명,noun,&프ballet,Ballet,,1,1,
3266,3693.0,C,상징하다,sangjinghada,동,verb,象徵-,Symbolize,,1,1,
3267,3694.0,C,실현하다,silhyeonhada,동,verb,實現-,"To realize,bring to fruition",,1,1,
3268,3695.0,C,아깝다,akkapda,형,adjective,,"regrettable,pitiful",,1,1,
3269,3696.0,C,안정되다,anjeongdoeda,동,verb,安定-,To be stable,,1,1,
3270,3698.0,C,어리석다,eoriseokda,형,adjective,,"juvenile,foolish",,1,1,
3271,3699.0,C,엎드리다,eopdeurida,동,verb,,"Prostrate oneself, lie on the ground",,1,1,
3272,3700.0,C,여럿,yeoreos,명,noun,,"many,many people",,1,1,
3273,3702.0,C,연설,yeonseol,명,noun,演說,A public speech,,1,1,
3274,3703.0,A,연필,yeonpil,명,noun,鉛筆,Pencil,,1,1,
3275,3704.0,C,염려,yeomryeo,명,noun,念慮,"anxiety,worry",,1,1,
3276,3706.0,C,우습다,useupda,형,adjective,,"To be funny, amusing",,1,1,
3277,3707.0,A,운전,unjeon,명,noun,運轉,Driving,,1,1,
3278,3708.0,B,익숙하다,iksukhada,형,adjective,,To become accustomed to,,1,1,
3279,3709.0,C,일자,ilja,명,noun,日子,"A date, the number of days",,1,1,
3280,3710.0,B,잔치,janchi,명,noun,,"banquet,feast",,1,1,
3281,3712.0,C,전달되다,jeondaldoeda,동,verb,傳達-,To be delivered,,1,1,
3282,3713.0,B,전부,jeonbu,부,adverb,全部,"All, everything",,2,2,surface_duplicate
3283,3716.0,B,차다,chada,형,adjective,날씨가~,to be cold to the touch,,4,3,surface_duplicate
3284,3718.0,B,치료하다,chiryohada,동,verb,治療-,"To cure, heal, treat a patient",,1,1,
3285,3719.0,C,칸,kan,명,noun,,Blank space,,1,1,
3286,3720.0,C,한,han,명,noun,恨,deep-seated resentment,,3,3,surface_duplicate
3287,3723.0,C,갈수록,galsurok,부,adverb,,As one goes aong,,1,1,
3288,3725.0,C,갖가지,gajgaji,명,noun,,A variety of or all sorts,,1,1,
3289,3726.0,C,거절하다,geojeolhada,동,verb,拒絶-,Refuse or reject,,1,1,
3290,3730.0,B,관광객,gwangwanggaek,명,noun,觀光客,A tourist,,1,1,
3291,3731.0,C,구별하다,gubyeolhada,동,verb,區別-,To distinguish between A and B,,1,1,
3292,3732.0,B,국,guk,명,noun,음식,Soup or broth,,1,1,
3293,3735.0,C,다행,dahaeng,명,noun,多幸,Good luck,,1,1,
3294,3737.0,C,동의,dongui,명,noun,同意,"agreement, consent",,1,1,
3295,3740.0,C,마무리,mamuri,명,noun,,"Finish, completion",,1,1,
3296,3741.0,C,마주치다,majuchida,동,verb,,Collide with,,1,1,
3297,3742.0,C,막상,maksang,부,adverb,,"Really, actually",,1,1,
3298,3743.0,A,몇,myeocc,수,numeral,,A few,,2,2,surface_duplicate
3299,3744.0,C,몸통,momtong,명,noun,,"The trunk,body",,1,1,
3300,3745.0,C,못,mos,명,noun,벽에~을박다,nail; peg; spike,,2,2,surface_duplicate
3301,3746.0,C,묘사하다,myosahada,동,verb,描寫-,To describe,,1,1,
3302,3748.0,B,미술관,misulgwan,명,noun,美術館,Fine arts museum,,1,1,
3303,3750.0,C,베다,beda,동,verb,목을~,"Cut, chop",,1,1,
3304,3751.0,C,보장되다,bojangdoeda,동,verb,保障-,Be secured,,1,1,
3305,3752.0,C,볼,bol,명,noun,뺨,Cheek,,1,1,
3306,3753.0,C,부분적,bubunjeok,명,noun,部分的,Departmental,,1,1,
3307,3754.0,A,불고기,bulgogi,명,noun,,Roast meat,,1,1,
3308,3755.0,C,불리다,bullida,동,verb,물에~,"soak, sodden",,2,2,surface_duplicate
3309,3756.0,C,불행,bulhaeng,명,noun,不幸,Unhappiness,,1,1,
3310,3757.0,C,비명,bimyeong,명,noun,悲鳴,A scream,,1,1,
3311,3759.0,C,순수,sunsu,명,noun,純粹,"purity,genuineness",,1,1,
3312,3760.0,C,시각,sigak,명,noun,時刻,time; a specific point in time,,2,2,surface_duplicate
3313,3761.0,C,실질적,siljiljeok,명,noun,實質的,"substantial,essential",,1,1,
3314,3762.0,C,안개,angae,명,noun,,Fog,,1,1,
3315,3764.0,B,여름철,yeoreumcheol,명,noun,,Summertime,,1,1,
3316,3765.0,C,오로지,oroji,부,adverb,,"Only, solely, exclusively",,1,1,
3317,3766.0,C,완성하다,wanseonghada,동,verb,完成-,"To accomplish, to end successfully",,1,1,
3318,3767.0,C,이런저런,ireonjeoreon,관,attributive,,"This and that, one and another",,1,1,
3319,3769.0,C,임무,immu,명,noun,任務,"A duty, an office, a task",,1,1,
3320,3770.0,C,자연히,jayeonhi,부,adverb,自然-,Naturally,,1,1,
3321,3772.0,C,장난,jangnan,명,noun,,"A game,playing",,1,1,
3322,3773.0,B,저런,jeoreon,관,attributive,,"Such a, that sort of",,2,1,surface_duplicate
3323,3774.0,C,전용,jeonyong,명,noun,專用,Exclusive or private use,,1,1,
3324,3778.0,C,지극히,jigeukhi,부,adverb,至極-,"very,extremely",,1,1,
3325,3779.0,C,청하다,cheonghada,동,verb,請-,"ask,request",,1,1,
3326,3783.0,C,확정,hwakjeong,명,noun,確定,"decision,settlement",,1,1,
3327,3784.0,C,가상,gasang,명,noun,假想,Imagination,,1,1,
3328,3785.0,B,각자,gakja,명,noun,各自,Each one or every one,,2,2,surface_duplicate
3329,3786.0,C,간혹,ganhok,부,adverb,間或,Occasionally or at times,,1,1,
3330,3787.0,C,개방하다,gaebanghada,동,verb,開放-,To open or to throw open,,1,1,
3331,3791.0,C,관계되다,gwangyedoeda,동,verb,關係-,Be affected or influenced by,,1,1,
3332,3792.0,C,국산,guksan,명,noun,國産,A country’s product,,1,1,
3333,3794.0,B,그해,geuhae,명,noun,,That year,,1,1,
3334,3795.0,B,꺼지다,kkeojida,동,verb,불이~,To go or die out,,1,1,
3335,3796.0,B,꼭대기,kkokdaegi,명,noun,,The top,,1,1,
3336,3797.0,B,끊어지다,kkeunheojida,동,verb,,To break off or expire or be done with,,1,1,
3337,3800.0,C,도,do,명,noun,道.전국각~,"path, travels, way",,3,3,surface_duplicate
3338,3802.0,C,리그,rigeu,명,noun,league,league,,1,1,
3339,3803.0,C,마이크,maikeu,명,noun,mike,Mike,,1,1,
3340,3804.0,B,만족하다,manjokhada,형,adjective,滿足-,To be content,,2,1,surface_duplicate
3341,3805.0,C,메우다,meuda,동,verb,메다'의사동사,"To carry,attach;put on",,1,1,
3342,3806.0,C,면적,myeonjeok,명,noun,面積,"area,dimensions",,1,1,
3343,3808.0,A,목욕,mogyok,명,noun,沐浴,A bath,,1,1,
3344,3809.0,C,반성,banseong,명,noun,反省,Reflection,,1,1,
3345,3810.0,C,벌떡,beoltteok,부,adverb,,"Suddenly, abruptly",,1,1,
3346,3811.0,C,보상,bosang,명,noun,補償,Compensation,,1,1,
3347,3812.0,C,분리되다,bunridoeda,동,verb,分離-,To be segregated,,1,1,
3348,3813.0,C,빚,bij,명,noun,,Debt,,1,1,
3349,3814.0,C,새기다,saegida,동,verb,문신을~,"To sculpt,engrave",,1,1,
3350,3815.0,C,서민,seomin,명,noun,庶民,Common people,,1,1,
3351,3816.0,C,석,seok,의,noun,席,"A seat,sitting place",,2,1,surface_duplicate
3352,3817.0,C,선정하다,seonjeonghada,동,verb,選定-,"select,choose",,1,1,
3353,3820.0,C,세다,seda,동,verb,돈을~,to count,,2,2,surface_duplicate
3354,3821.0,C,소수,sosu,명,noun,少數,"A small number, a few",,1,1,
3355,3822.0,B,쇼,syo,명,noun,show,Show,,1,1,
3356,3823.0,B,수학,suhak,명,noun,數學,Mathematics,,2,1,surface_duplicate
3357,3824.0,B,시어머니,sieomeoni,명,noun,媤-,one’s husband’s mother,,1,1,
3358,3825.0,B,시집,sijip,명,noun,媤-,one’s husband’s home/family,,2,1,surface_duplicate
3359,3826.0,C,연간,yeongan,명,noun,年間,For a year,,1,1,
3360,3827.0,C,영화제,yeonghwaje,명,noun,映畵祭,Movie festival,,1,1,
3361,3828.0,C,예측하다,yecheukhada,동,verb,豫測-,"To predict, forecast",,1,1,
3362,3829.0,C,용도,yongdo,명,noun,用途,"use,service",,1,1,
3363,3830.0,C,의심,uisim,명,noun,疑心,A doubt,,1,1,
3364,3831.0,C,이동하다,idonghada,동,verb,移動-,"To move,migrate,travel",,1,1,
3365,3832.0,C,자극하다,jageukhada,동,verb,刺戟-,To stimulate,,1,1,
3366,3833.0,C,재빨리,jaeppalli,부,adverb,,"quickly,rapidly",,1,1,
3367,3835.0,C,적합하다,jeokhaphada,형,adjective,適合-,"suitability,fitness",,1,1,
3368,3836.0,A,전화번호,jeonhwabeonho,명,noun,電話番號,Telephone number,,1,1,
3369,3837.0,C,조절하다,jojeolhada,동,verb,調節-,"To regulate,tune",,1,1,
3370,3838.0,C,조정,jojeong,명,noun,調整,"regulation,control,coordination",,1,1,
3371,3839.0,C,중얼거리다,jungeolgeorida,동,verb,,Mutter to oneself,,1,1,
3372,3841.0,C,지급하다,jigeuphada,동,verb,支給-,"To pay,allow,furnish sth",,1,1,
3373,3845.0,C,확장,hwakjang,명,noun,擴張,"expansion, enlargement",,1,1,
3374,3846.0,C,힘차다,himchada,형,adjective,,"Be forcible,powerful",,1,1,
3375,3847.0,A,감사하다,gamsahada,형,adjective,感謝-,To thank,,2,1,surface_duplicate
3376,3849.0,C,건조,geonjo,명,noun,乾燥,Dryness or aridity,,1,1,
3377,3851.0,C,고요하다,goyohada,형,adjective,,Be quiet or silent or still,,1,1,
3378,3852.0,C,그대,geudae,대,pronoun,,You or thou,,1,1,
3379,3853.0,B,그립다,geuripda,형,adjective,,Beloved or sweet or affectionate,,1,1,
3380,3854.0,C,긋다,geusda,동,verb,금을~,1) draw or mark 2) strike,,1,1,
3381,3855.0,C,기둥,gidung,명,noun,,A pillar,,1,1,
3382,3856.0,B,긴장하다,ginjanghada,동,verb,緊張-,To become tense,,1,1,
3383,3857.0,C,날카롭다,nalkaropda,형,adjective,,Sharp,,1,1,
3384,3859.0,C,논하다,nonhada,동,verb,論-,"Argue, discuss,debate",,1,1,
3385,3860.0,B,느리다,neurida,형,adjective,,"Be slow, tardy",,1,1,
3386,3861.0,C,도덕,dodeok,명,noun,道德,Immorality,,1,1,
3387,3862.0,C,동부,dongbu,명,noun,東部,the eastern part; east,,1,1,
3388,3863.0,C,뒷모습,dwismoseup,명,noun,,The features of the back side,,1,1,
3389,3864.0,B,똑똑하다,ttokttokhada,형,adjective,,"(to be) smart, clever, intelligent",,1,1,
3390,3865.0,A,만,man,관,attributive,萬,ten thousand,,5,2,surface_duplicate
3391,3866.0,C,만만하다,manmanhada,형,adjective,대적할만함,"Be soft, tender ; to be easy to handle, deal with",,1,1,
3392,3867.0,C,못되다,mosdoeda,형,adjective,,To go wrong,,1,1,
3393,3869.0,C,보고하다,bogohada,동,verb,報告-,Report to a person,,1,1,
3394,3870.0,C,사무소,samuso,명,noun,事務所,Office,,1,1,
3395,3871.0,B,사촌,sachon,명,noun,四寸,a cousin,,1,1,
3396,3872.0,B,상,sang,명,noun,賞,prize; award; reward,,4,3,surface_duplicate
3397,3874.0,C,상인,sangin,명,noun,商人,"merchant,trader",,1,1,
3398,3875.0,C,선언하다,seoneonhada,동,verb,宣言-,"declare,proclaim,announce",,1,1,
3399,3876.0,C,소원,sowon,명,noun,所願,one’s desire,,1,1,
3400,3877.0,B,수입하다,suiphada,동,verb,輸入-,To import,,1,1,
3401,3878.0,B,식다,sikda,동,verb,,"To get cold, cool off",,1,1,
3402,3879.0,C,엿보다,yeosboda,동,verb,,Wait for an opportunity,,1,1,
3403,3880.0,C,완성되다,wanseongdoeda,동,verb,完成-,To be accomplished,,1,1,
3404,3881.0,C,유적,yujeok,명,noun,遺跡,"Remains, relics,ruins",,1,1,
3405,3883.0,C,일생,ilsaeng,명,noun,一生,one’s lifetime,,1,1,
3406,3884.0,C,입히다,iphida,동,verb,,"Clothe, dress",,1,1,
3407,3885.0,C,잡아먹다,jabameokda,동,verb,,Slaughter and eat,,1,1,
3408,3886.0,C,정보화,jeongbohwa,명,noun,情報化,Change to an information orientation,,1,1,
3409,3887.0,C,종종,jongjong,부,adverb,種種.~놀러오세요,A variety of things,,1,1,
3410,3888.0,A,지갑,jigap,명,noun,紙匣,"A purse,wallet",,1,1,
3411,3890.0,C,차다,chada,동,verb,시계를~,"to put on, to wear, to don, to hang on one's body",,4,4,surface_duplicate
3412,3891.0,C,창작,changjak,명,noun,創作,"Creation, origination",,1,1,
3413,3892.0,C,축소,chukso,명,noun,縮小,"Reduction, a cutback",,1,1,
3414,3893.0,C,취향,chwihyang,명,noun,趣向,"Taste, liking, one’s inclinations",,1,1,
3415,3894.0,A,친절하다,chinjeolhada,형,adjective,親切-,"To be kind, to be nice",,1,1,
3416,3895.0,B,카운터,kaunteo,명,noun,계산대,"Counter, where you pay",,1,1,
3417,3897.0,C,탄생하다,tansaenghada,동,verb,誕生-,To be born,,1,1,
3418,3898.0,B,하숙집,hasukjip,명,noun,下宿-,"Dormitory, boarding house",,1,1,
3419,3899.0,C,학급,hakgeup,명,noun,學級,A class (school),,1,1,
3420,3900.0,C,해군,haegun,명,noun,海軍,The navy,,1,1,
3421,3903.0,C,효율적,hyoyuljeok,명,noun,效率的,"The utility factor, efficiency",,1,1,
3422,3904.0,B,가슴속,gaseumsok,명,noun,,one’s heart feelings,,1,1,
3423,3905.0,C,간,gan,명,noun,음식의~을보다,salty seasonings,,3,3,surface_duplicate
3424,3906.0,C,간판,ganpan,명,noun,看板,A signboard,,1,1,
3425,3907.0,C,건드리다,geondeurida,동,verb,,1) touch or jog 2) irritate or vex,,1,1,
3426,3909.0,C,관리하다,gwanrihada,동,verb,管理-,To manage or control or supervise or manage,,1,1,
3427,3910.0,C,괴로움,goeroum,명,noun,,Trouble or annoyance or distress,,1,1,
3428,3912.0,C,근거하다,geungeohada,동,verb,根據-,To base sth on sth,,1,1,
3429,3913.0,C,금액,geumaek,명,noun,金額,Amount ofmoney,,1,1,
3430,3915.0,B,다행히,dahaenghi,부,adverb,多幸-,Fortunately,,1,1,
3431,3916.0,C,달래다,dallaeda,동,verb,,Calm down,,1,1,
3432,3920.0,B,동아리,dongari,명,noun,,(school) club/circle,,1,1,
3433,3921.0,B,따라오다,ttaraoda,동,verb,,"to follow, to come after",,1,1,
3434,3922.0,C,말리다,mallida,동,verb,싸움을~,"to stop, to keep",,2,2,surface_duplicate
3435,3923.0,C,맘,mam,명,noun,마음,"mind, heart (i.e. one's emotions); intention, will",,1,1,
3436,3924.0,A,먹다,meokda,보,auxiliary verb,잊어~,"to make up (one's mind), to be determined",,3,2,surface_duplicate
3437,3926.0,B,명절,myeongjeol,명,noun,名節,Festival days,,1,1,
3438,3927.0,A,못하다,moshada,형,adjective,,Be impossible,,3,3,surface_duplicate
3439,3928.0,B,바이올린,baiollin,명,noun,violin,Violin,,1,1,
3440,3929.0,C,밝혀내다,balkhyeonaeda,동,verb,,To find out,,1,1,
3441,3930.0,C,부서지다,buseojida,동,verb,,"Break, be broken",,1,1,
3442,3932.0,C,비행,bihaeng,명,noun,飛行,"Flying, aviation",,2,1,surface_duplicate
3443,3934.0,C,상관없다,sanggwaneopsda,형,adjective,相關-,To not be of concern,,1,1,
3444,3936.0,C,성립하다,seongriphada,동,verb,成立-,"To exist, to come into being",,1,1,
3445,3937.0,C,수명,sumyeong,명,noun,壽命,Life span,,1,1,
3446,3938.0,C,시즌,sijeun,명,noun,season,Season,,1,1,
3447,3939.0,C,신기하다,singihada,형,adjective,神奇-,"to be strange and amazing; to be mysterious, to be wondrous",,2,1,surface_duplicate
3448,3940.0,C,업다,eopda,동,verb,,"To carry on one’s back, to shoulder sth",,1,1,
3449,3943.0,C,예감,yegam,명,noun,豫感,"A presentiment, a premonition",,1,1,
3450,3944.0,C,음식물,eumsikmul,명,noun,飮食物,Anything to eat or drink,,1,1,
3451,3946.0,C,자신감,jasingam,명,noun,自信感,Self-confidence,,1,1,
3452,3948.0,C,죄인,joein,명,noun,罪人,A criminal,,1,1,
3453,3949.0,C,주의하다,juuihada,동,verb,注意-,Pay attention to,,1,1,
3454,3950.0,B,준비물,junbimul,명,noun,準備物,Stuff that needs to be prepared,,1,1,
3455,3952.0,C,천,cheon,명,noun,실로짠물건,"Cloth, woven stuff",,3,2,surface_duplicate
3456,3955.0,B,출입,churip,명,noun,出入,Coming and going,,1,1,
3457,3956.0,C,쾌감,kwaegam,명,noun,快感,"A pleasant sensation, a good feeling",,1,1,
3458,3957.0,C,탄생,tansaeng,명,noun,誕生,Birth,,1,1,
3459,3958.0,C,튀다,twida,동,verb,,"Spring, bound, jump",,1,1,
3460,3960.0,C,하필,hapil,부,adverb,何必,Why necessarily? Why of all things?,,1,1,
3461,3963.0,C,활용,hwaryong,명,noun,活用,Practical use,,1,1,
3462,3964.0,B,회색,hoesaek,명,noun,灰色,Gray,,1,1,
3463,3967.0,C,거액,geoaek,명,noun,巨額,A large sum of money,,1,1,
3464,3968.0,B,고교,gogyo,명,noun,高校,High school,,1,1,
3465,3969.0,C,고집하다,gojiphada,동,verb,固執-,To be stubborn or persistent,,1,1,
3466,3970.0,C,곧잘,gotjal,부,adverb,,1) fairly or pretty well 2) frequently or too often,,1,1,
3467,3971.0,C,골짜기,goljjagi,명,noun,,A valley or gorge,,1,1,
3468,3973.0,C,교훈,gyohun,명,noun,敎訓,Edification or giving instructions to,,1,1,
3469,3974.0,C,구르다,gureuda,동,verb,바위가~,Roll over,,1,1,
3470,3976.0,B,글씨,geulssi,명,noun,,1) Handwriting 2) a letter or an ideograph or a character,,1,1,
3471,3977.0,B,노래방,noraebang,명,noun,-房,Singing room,,1,1,
3472,3979.0,C,단편,danpyeon,명,noun,短篇,"A piece, fragment",,1,1,
3473,3980.0,B,달다,dalda,동,verb,돈을다오,to charge (money),,5,3,surface_duplicate
3474,3981.0,C,대처하다,daecheohada,동,verb,對處-,"Disposal, treatment",,1,1,
3475,3982.0,B,매다,maeda,동,verb,끈을~,Tie,,1,1,
3476,3983.0,B,머리카락,meorikarak,명,noun,,Headhair,,1,1,
3477,3984.0,C,명확하다,myeonghwakhada,형,adjective,明確-,"clear,precise",,1,1,
3478,3986.0,C,발걸음,balgeoreum,명,noun,,"Gait, step",,1,1,
3479,3987.0,C,발길,balgil,명,noun,,"A kick; walking pace, steps",,1,1,
3480,3988.0,B,벌레,beolle,명,noun,,A bug,,1,1,
3481,3991.0,C,빼앗기다,ppaeasgida,동,verb,,A thing be taken away,,1,1,
3482,3994.0,C,생산자,saengsanja,명,noun,生産者,A producer,,1,1,
3483,3995.0,C,선진,seonjin,명,noun,先進,"seniority,advance",,1,1,
3484,3997.0,B,성인,seongin,명,noun,成人,An adult,,1,1,
3485,3998.0,C,소매,somae,명,noun,,1)a sleeve 2) a retail sale,,1,1,
3486,4001.0,C,시멘트,simenteu,명,noun,cement,Cement,,1,1,
3487,4002.0,C,신규,singyu,명,noun,新規,"A new regulation, a new project, sth new on a big scale ; work being done anew",,1,1,
3488,4003.0,C,신청하다,sincheonghada,동,verb,申請-,To apply (for),,1,1,
3489,4004.0,C,실은,sireun,부,adverb,實-,"In reality, to tell the truth",,1,1,
3490,4005.0,C,심판,simpan,명,noun,審判,"referencing,umpireship",,1,1,
3491,4006.0,C,안기다,angida,동,verb,안다'의사동사,to be embraced by sb (in their arms),,2,1,surface_duplicate
3492,4007.0,C,양심,yangsim,명,noun,良心,Conscience,,1,1,
3493,4009.0,C,이사장,isajang,명,noun,理事長,A director,,1,1,
3494,4010.0,C,이자,ija,명,noun,利子,Interest,,1,1,
3495,4011.0,B,익숙해지다,iksukhaejida,동,verb,,To become accustomed to,,1,1,
3496,4013.0,C,자세하다,jasehada,형,adjective,仔細-,Be detailed,,1,1,
3497,4015.0,A,저거,jeogeo,대,pronoun,,That thing over there,,1,1,
3498,4016.0,B,저축,jeochuk,명,noun,貯蓄,"savings,saving",,1,1,
3499,4017.0,C,제비,jebi,명,noun,동물,A swallow,,1,1,
3500,4018.0,C,제안,jean,명,noun,提案,"A proposal,suggestion",,1,1,
3501,4019.0,C,제안하다,jeanhada,동,verb,提案-,"To propose,make a suggestion",,1,1,
3502,4021.0,B,증세,jeungse,명,noun,症勢,"Symptoms, a patient’s condition",,1,1,
3503,4022.0,C,지난날,jinannal,명,noun,,"Old days, old times",,1,1,
3504,4024.0,C,진급,jingeup,명,noun,進級,Promotion,,1,1,
3505,4027.0,B,콩나물,kongnamul,명,noun,,Bean soup,,1,1,
3506,4028.0,C,튀어나오다,twieonaoda,동,verb,,"Jump out, spring out",,1,1,
3507,4029.0,C,표준,pyojun,명,noun,標準,"A standard, norm, criteria",,1,1,
3508,4030.0,C,항구,hanggu,명,noun,港口,"A port, a harbor",,1,1,
3509,4032.0,C,허용,heoyong,명,noun,許容,"Permission, allowance",,1,1,
3510,4033.0,C,헬기,helgi,명,noun,helicopter機,Helicopter,,1,1,
3511,4034.0,C,간신히,gansinhi,부,adverb,艱辛-,Narrowly or barely. 겨우,,1,1,
3512,4035.0,B,갈아입다,garaipda,동,verb,,Change one’s clothes,,1,1,
3513,4036.0,C,감다,gamda,동,verb,실을~,"to wind around, to coil",,2,2,surface_duplicate
3514,4038.0,C,같이하다,gatihada,동,verb,,To do together or to share,,1,1,
3515,4039.0,B,거짓,geojis,명,noun,,Fabrication or fiction,,1,1,
3516,4040.0,C,거품,geopum,명,noun,,Bubble,,1,1,
3517,4041.0,A,걸어오다,georeooda,동,verb,집까지~,Come on foot or walk,,1,1,
3518,4043.0,C,공군,gonggun,명,noun,空軍,The air force,,1,1,
3519,4046.0,C,기술자,gisulja,명,noun,技術者,Technician,,1,1,
3520,4047.0,B,나물,namul,명,noun,,"Herbs, wild greens",,1,1,
3521,4048.0,C,년생80,nyeonsaeng80,의,noun,年生.80~,Year of birth,,1,1,
3522,4050.0,C,달리기,dalligi,명,noun,,"A run, a spin",,1,1,
3523,4051.0,B,대도시,daedosi,명,noun,大都市,Large city,,1,1,
3524,4052.0,B,도둑,doduk,명,noun,,"A thief, a burglar",,1,1,
3525,4054.0,C,도전,dojeon,명,noun,挑戰,"Challenge, defiance",,1,1,
3526,4058.0,C,면,myeon,명,noun,面.행정단위,(government) township,,3,2,surface_duplicate
3527,4059.0,A,모자,moja,명,noun,帽子,A hat,,1,1,
3528,4060.0,C,보조,bojo,명,noun,補助,"assistance,aid",,1,1,
3529,4061.0,C,불리하다,bullihada,형,adjective,不利-,"to be disadvantageous,unfavorable to/for",,1,1,
3530,4062.0,C,불편,bulpyeon,명,noun,不便,Inconvenience,,1,1,
3531,4063.0,C,비비다,bibida,동,verb,,"rub,chafe",,1,1,
3532,4064.0,C,사과,sagwa,명,noun,謝過,apology,,2,2,surface_duplicate
3533,4066.0,C,살아나다,saranada,동,verb,,"revive,be brought back to life",,1,1,
3534,4073.0,A,소파,sopa,명,noun,sofa,Sofa,,1,1,
3535,4074.0,C,속이다,sogida,동,verb,,"deceive,cheat",,1,1,
3536,4075.0,C,수면,sumyeon,명,noun,睡眠,"sleep,slumber",,1,1,
3537,4076.0,C,수천,sucheon,관,attributive,數千,Thousands,,1,1,
3538,4078.0,A,스무,seumu,관,attributive,,20.0,,1,1,
3539,4079.0,C,승부,seungbu,명,noun,勝負,"A contest,match",,1,1,
3540,4080.0,C,시기,sigi,명,noun,時期,"period of time, season",,2,2,surface_duplicate
3541,4082.0,C,신념,sinnyeom,명,noun,信念,"belief,faith",,1,1,
3542,4083.0,B,신입생,sinipsaeng,명,noun,新入生,A new student,,1,1,
3543,4084.0,B,어린아이,eorinai,명,noun,,"A youngster, a child",,1,1,
3544,4085.0,B,어쩐지,eojjeonji,부,adverb,,"(1) somehow, in a strange way ; (2) in combination with an ending giving a reason to place stress on the action of the verb",,1,1,
3545,4086.0,C,여간,yeogan,부,adverb,如干,"just, a little. 여간 ~지 않다 means very very ~다",,1,1,
3546,4087.0,A,역,yeok,명,noun,驛,"(railway, subway) station",,2,2,surface_duplicate
3547,4088.0,B,연락하다,yeonrakhada,동,verb,連絡-,"To contact, get in touch with",,1,1,
3548,4089.0,C,영향력,yeonghyangryeok,명,noun,影響力,"Influence, power to influence",,1,1,
3549,4090.0,C,예의,yeui,명,noun,禮儀,"Courtesy, politeness",,1,1,
3550,4093.0,C,이내,inae,명,noun,以內,within (in less than),,2,2,surface_duplicate
3551,4094.0,C,이리저리,irijeori,부,adverb,~돌아다니다,"This way and that, here and there",,1,1,
3552,4095.0,C,인간적,inganjeok,명,noun,人間的,Personal,,1,1,
3553,4096.0,A,인사하다,insahada,동,verb,人事-,"To greet, say hello",,1,1,
3554,4097.0,C,임금,imgeum,명,noun,,"Wages, pay",,2,2,surface_duplicate
3555,4099.0,C,잘나다,jalnada,형,adjective,,"To be handsome,excellent",,1,1,
3556,4100.0,C,재능,jaeneung,명,noun,才能,"talent,ability",,1,1,
3557,4102.0,C,지불하다,jibulhada,동,verb,支拂-,To pay,,1,1,
3558,4107.0,C,파출소,pachulso,명,noun,派出所,"Small, local police box",,1,1,
3559,4108.0,C,판,pan,명,noun,板,"board, plank",,4,2,surface_duplicate
3560,4110.0,C,한문,hanmun,명,noun,漢文,"Chinese writing, chinese classics",,1,1,
3561,4112.0,C,건네주다,geonnejuda,동,verb,,To pass over or to put on the other side (of a river),,1,1,
3562,4113.0,C,결승,gyeolseung,명,noun,決勝,The decision of the final round of a contest,,1,1,
3563,4114.0,C,공공,gonggong,명,noun,公共,The public or the common,,1,1,
3564,4115.0,C,교양,gyoyang,명,noun,敎養,Culture or education,,1,1,
3565,4116.0,C,국왕,gugwang,명,noun,國王,A king or a monarch,,1,1,
3566,4117.0,B,규칙적,gyuchikjeok,명,noun,規則的,Be regular or systematic,,1,1,
3567,4118.0,C,극복,geukbok,명,noun,克服,Conquest or subjugation,,1,1,
3568,4119.0,B,글쎄요,geulsseyo,감,interjection,,Now or well or let me see,,1,1,
3569,4120.0,C,내려지다,naeryeojida,동,verb,,To become lower,,1,1,
3570,4121.0,C,냉동,naengdong,명,noun,冷凍,Refrigeration,,1,1,
3571,4122.0,C,녹다,nokda,동,verb,,To melt,,1,1,
3572,4124.0,C,대개,daegae,명,noun,大槪,"Mostly, for the most part",,2,2,surface_duplicate
3573,4129.0,B,배추,baechu,명,noun,,Chinese cabbage,,1,1,
3574,4132.0,B,센터,senteo,명,noun,center,Center,,1,1,
3575,4134.0,B,수염,suyeom,명,noun,鬚髥,Beard,,1,1,
3576,4135.0,C,수집하다,sujiphada,동,verb,蒐集-,To collect,,1,1,
3577,4136.0,C,승객,seunggaek,명,noun,乘客,Passenger,,1,1,
3578,4137.0,C,싱싱하다,singsinghada,형,adjective,,"Be fresh, full of life",,1,1,
3579,4139.0,B,아아,aa,감,interjection,,Oh-oh!,,1,1,
3580,4141.0,B,어리다,eorida,동,verb,눈물이~,tears come to eyes,,2,2,surface_duplicate
3581,4142.0,A,여권,yeogwon,명,noun,旅券,A passport,,1,1,
3582,4143.0,A,열쇠,yeolsoe,명,noun,,Lock,,1,1,
3583,4145.0,A,오렌지,orenji,명,noun,orange,Orange,,1,1,
3584,4146.0,C,외모,oemo,명,noun,外貌,Outward appearance,,1,1,
3585,4149.0,C,인공,ingong,명,noun,人工,"Art, human skill",,1,1,
3586,4151.0,C,잠자리,jamjari,명,noun,~를바꾸다,Bed,,2,1,surface_duplicate
3587,4152.0,B,장남,jangnam,명,noun,長男,The eldest son,,1,1,
3588,4153.0,C,저마다,jeomada,부,adverb,,"Each one, everyone",,1,1,
3589,4154.0,C,전국적,jeongukjeok,명,noun,全國的,National,,1,1,
3590,4155.0,C,전반,jeonban,명,noun,全般,"The whole, all, general",,1,1,
3591,4160.0,C,제자리,jejari,명,noun,,The proper/original place,,1,1,
3592,4161.0,C,지루하다,jiruhada,형,adjective,,Be tedious,,1,1,
3593,4162.0,C,척,cheok,의,noun,隻,A few ships (vessels),,2,1,surface_duplicate
3594,4170.0,B,포도주,podoju,명,noun,葡萄酒,Grape wine,,1,1,
3595,4172.0,C,학술,haksul,명,noun,學術,"Science, learning, scolarship",,1,1,
3596,4173.0,C,혈액,hyeoraek,명,noun,血液,Blood,,1,1,
3597,4174.0,C,화살,hwasal,명,noun,,An arrow,,1,1,
3598,4175.0,C,화재,hwajae,명,noun,火災,"A fire, a blaze",,1,1,
3599,4177.0,C,가르다,gareuda,동,verb,,1) split or divide 2) distribute or share 3) distinguish or separate,,1,1,
3600,4178.0,B,각각,gakgak,명,noun,各各,Each and every,,2,2,surface_duplicate
3601,4179.0,C,간격,gangyeok,명,noun,間隔,A space or interval,,1,1,
3602,4181.0,C,고함,goham,명,noun,高喊,A shout or yell,,1,1,
3603,4182.0,C,공격하다,gonggyeokhada,동,verb,攻擊-,To attack,,1,1,
3604,4183.0,C,그놈,geunom,대,pronoun,,That person or that guy,,1,1,
3605,4185.0,C,기록되다,girokdoeda,동,verb,記錄-,To be recorded or written down,,1,1,
3606,4186.0,C,끝없다,kkeuteopsda,형,adjective,,Endless or unfathomable,,1,1,
3607,4187.0,C,끼어들다,kkieodeulda,동,verb,,Interrupt,,1,1,
3608,4189.0,C,노선,noseon,명,noun,路線,Route,,1,1,
3609,4191.0,C,답,dap,명,noun,答,Answer,,1,1,
3610,4193.0,C,대사,daesa,명,noun,臺詞,"Speech, dialogue, lines of an  actor",,2,1,surface_duplicate
3611,4195.0,C,도망치다,domangchida,동,verb,逃亡-,To make an escape,,1,1,
3612,4196.0,B,독서,dokseo,명,noun,讀書,Reading,,1,1,
3613,4197.0,C,동,dong,의,noun,棟,"number of houses, buildings, etc.",,2,2,surface_duplicate
3614,4198.0,C,동의하다,donguihada,동,verb,同意-,to agree,,1,1,
3615,4200.0,C,딱딱하다,ttakttakhada,형,adjective,굳다,"hard, firm (resistant to pressure)",,1,1,
3616,4201.0,C,땅속,ttangsok,명,noun,,In the soil,,1,1,
3617,4203.0,C,벌금,beolgeum,명,noun,罰金,A fine,,1,1,
3618,4205.0,C,복,bok,명,noun,福,"luck,happiness",,1,1,
3619,4206.0,C,봉사,bongsa,명,noun,奉仕,"service,attendance",,1,1,
3620,4207.0,C,부서,buseo,명,noun,部署,"one’s post,duty",,1,1,
3621,4212.0,C,성,seong,명,noun,城,castle; fortress,,3,2,surface_duplicate
3622,4213.0,C,소형,sohyeong,명,noun,小型,Small size,,1,1,
3623,4214.0,C,신인,sinin,명,noun,新人,A new man,,1,1,
3624,4218.0,C,악몽,akmong,명,noun,惡夢,Nightmare,,1,1,
3625,4219.0,C,안내,annae,명,noun,案內,"Guidance, conducting",,1,1,
3626,4220.0,B,앞뒤,apdwi,명,noun,,Before and behind,,1,1,
3627,4221.0,C,언덕,eondeok,명,noun,,A hill,,1,1,
3628,4223.0,C,열정,yeoljeong,명,noun,熱情,Passion,,1,1,
3629,4224.0,C,오페라,opera,명,noun,opera,An opera,,1,1,
3630,4229.0,C,입맛,ipmas,명,noun,,"Appetite, taste, palate",,1,1,
3631,4230.0,C,재즈,jaejeu,명,noun,jazz,Jazz,,1,1,
3632,4232.0,C,적응하다,jeogeunghada,동,verb,適應-,"Be suited to, adapted to",,1,1,
3633,4233.0,C,절대,jeoldae,명,noun,絶對,"absolutely, totally, never",,2,2,surface_duplicate
3634,4234.0,B,접시,jeopsi,명,noun,,"A plate,platter",,1,1,
3635,4236.0,C,제공,jegong,명,noun,提供,An offer,,1,1,
3636,4237.0,C,지나치다,jinachida,동,verb,,"Go too far, to go to extremes",,2,2,surface_duplicate
3637,4240.0,C,참가,chamga,명,noun,參加,"participation,joining",,1,1,
3638,4241.0,B,체중,chejung,명,noun,體重,Body weight,,1,1,
3639,4242.0,C,추석,chuseok,명,noun,秋夕,Korean thanksgiving,,1,1,
3640,4243.0,C,충돌,chungdol,명,noun,衝突,"A collision, clash; discord",,1,1,
3641,4244.0,C,통로,tongro,명,noun,通路,"A passage, a way, an aisle",,1,1,
3642,4246.0,B,포장,pojang,명,noun,包裝,"packing,wrapping",,1,1,
3643,4247.0,C,해소,haeso,명,noun,解消,"Dissolution, disorganization",,1,1,
3644,4248.0,C,행해지다,haenghaejida,동,verb,行-,"be enacted, come into action",,1,1,
3645,4249.0,B,현관,hyeongwan,명,noun,玄關,"The porch, the entrance",,1,1,
3646,4250.0,C,현대인,hyeondaein,명,noun,現代人,A modern person,,1,1,
3647,4251.0,C,혜택,hyetaek,명,noun,惠澤,"A favor, benefit",,1,1,
3648,4252.0,B,호수,hosu,명,noun,湖水,A lake,,1,1,
3649,4253.0,C,확,hwak,부,adverb,,"With a burst, great puff",,1,1,
3650,4255.0,B,건너가다,geonneogada,동,verb,,To cross or go over (river or street),,1,1,
3651,4258.0,C,골고루,golgoru,부,adverb,,Evenly or among all indiscriminately,,1,1,
3652,4259.0,C,구석구석,guseokguseok,명,noun,,Every nook and corner,,1,1,
3653,4261.0,C,그제서야,geujeseoya,부,adverb,,Then,,1,1,
3654,4262.0,B,껌,kkeom,명,noun,gum,Gum,,1,1,
3655,4265.0,B,녹색,noksaek,명,noun,綠色,Green,,1,1,
3656,4266.0,A,다,da,명,noun,,"All, everything",,2,2,surface_duplicate
3657,4268.0,C,등록증,deungrokjeung,명,noun,登錄證,registration card i.e: permanent resident card or alien registration card,,1,1,
3658,4269.0,B,막내,maknae,명,noun,,The lastborn,,1,1,
3659,4273.0,C,반복되다,banbokdoeda,동,verb,反復-,To be repeated,,1,1,
3660,4274.0,C,발전,baljeon,명,noun,發電,power generation,,2,2,surface_duplicate
3661,4275.0,C,방해,banghae,명,noun,妨害,"An obstacle, hindrance",,1,1,
3662,4276.0,A,번호,beonho,명,noun,番號,A number,,1,1,
3663,4277.0,C,벼,byeo,명,noun,,A rice plant,,1,1,
3664,4279.0,C,본인,bonin,명,noun,本人,Person in question,,1,1,
3665,4281.0,C,상점,sangjeom,명,noun,商店,"A shop,store",,1,1,
3666,4285.0,C,수백,subaek,관,attributive,數百,Hundreds,,1,1,
3667,4288.0,C,실장,siljang,명,noun,室長,"boss,president",,1,1,
3668,4289.0,C,쓸쓸하다,sseulsseulhada,형,adjective,,"Be lonely,lonesome",,1,1,
3669,4290.0,B,악수,aksu,명,noun,握手,Handshake,,1,1,
3670,4291.0,C,애,ae,명,noun,~가타다,(idiomatic) anxiety; impatience,,2,2,surface_duplicate
3671,4292.0,C,어지럽다,eojireopda,형,adjective,,"To be dizzy 2) to be in chaos, disorganized",,1,1,
3672,4293.0,C,어찌하다,eojjihada,동,verb,,"Be subject to an attack of vertigo (figuratively), to not know what the hell is going on or what to do.",,1,1,
3673,4294.0,C,예정되다,yejeongdoeda,동,verb,豫定-,"Make a program, set a schedule",,1,1,
3674,4296.0,C,이중,ijung,명,noun,二重,"duplication,double",,1,1,
3675,4298.0,B,인원,inwon,명,noun,人員,The number of persons,,1,1,
3676,4299.0,C,인정받다,injeongbatda,동,verb,認定-,To receive recognition,,1,1,
3677,4300.0,B,인터뷰,inteobyu,명,noun,interview,Interview,,1,1,
3678,4302.0,B,입학하다,iphakhada,동,verb,入學-,To enter/be admitted into a school,,1,1,
3679,4303.0,C,자랑,jarang,명,noun,,Pride,,1,1,
3680,4304.0,A,저것,jeogeos,대,pronoun,,That thing over there,,1,1,
3681,4305.0,B,정문,jeongmun,명,noun,正門,"The front gate,main entrance",,1,1,
3682,4311.0,C,착각,chakgak,명,noun,錯覺,"Hallucination, illusion",,1,1,
3683,4312.0,C,창,chang,명,noun,窓,Window,,1,1,
3684,4313.0,C,친정,chinjeong,명,noun,親庭,A woman’s maiden home and family,,1,1,
3685,4314.0,B,켜지다,kyeojida,동,verb,,To become turned on,,1,1,
3686,4315.0,C,타입,taip,명,noun,type,Type,,1,1,
3687,4317.0,B,팩,paek,명,noun,pack,Pack,,1,1,
3688,4318.0,B,표시하다,pyosihada,동,verb,表示-,"To make a sign, display",,2,1,surface_duplicate
3689,4319.0,C,행하다,haenghada,동,verb,行-,"To do, act, behave",,1,1,
3690,4320.0,C,활짝,hwaljjak,부,adverb,,"extensively,widely",,1,1,
3691,4321.0,B,감상하다,gamsanghada,동,verb,鑑賞-,To show appreciation,,1,1,
3692,4322.0,C,개별,gaebyeol,명,noun,個別,An individual or a particular case,,1,1,
3693,4325.0,C,공식적,gongsikjeok,명,noun,公式的,Formal or procedural,,1,1,
3694,4326.0,C,그런대로,geureondaero,부,adverb,,Such as it is or anyways,,1,1,
3695,4328.0,C,기독교,gidokgyo,명,noun,基督敎,Christianity,,1,1,
3696,4329.0,C,깨달음,kkaedareum,명,noun,,Realization,,1,1,
3697,4331.0,B,끼다,kkida,동,verb,구름이~,"(of fog, smoke, etc.) to shroud, to envelop, to permeate",,2,2,surface_duplicate
3698,4332.0,B,넘어지다,neomeojida,동,verb,,"Fall down, collapse",,1,1,
3699,4334.0,C,눈부시다,nunbusida,형,adjective,,To be dazzling,,1,1,
3700,4335.0,B,단점,danjeom,명,noun,短點,A weak point,,1,1,
3701,4337.0,B,들려주다,deullyeojuda,동,verb,,"let [sb] hear; tell, inform",,1,1,
3702,4338.0,B,뚜껑,ttukkeong,명,noun,,1. lid,,1,1,
3703,4339.0,C,마음먹다,maeummeokda,동,verb,,Be determined to,,1,1,
3704,4340.0,C,목록,mokrok,명,noun,目錄,Catalogue,,1,1,
3705,4341.0,B,반복하다,banbokhada,동,verb,反復-,To repeat,,1,1,
3706,4342.0,C,반성하다,banseonghada,동,verb,反省-,Examine oneself,,1,1,
3707,4345.0,C,별명,byeolmyeong,명,noun,別名,"nickname,alias",,1,1,
3708,4346.0,C,보전,bojeon,명,noun,保全,"ingegrity,preservation",,1,1,
3709,4348.0,C,불어오다,bureooda,동,verb,,Call to come,,1,1,
3710,4352.0,C,소유하다,soyuhada,동,verb,所有-,"To possess,hold",,1,1,
3711,4353.0,A,수박,subak,명,noun,과일,Watermelon,,1,1,
3712,4354.0,C,스위치,seuwichi,명,noun,switch,Switch,,1,1,
3713,4355.0,C,신세,sinse,명,noun,~를망치다,"indebtedness,obligation",,1,1,
3714,4356.0,B,아까,akka,명,noun,,A little while ago,,2,2,surface_duplicate
3715,4357.0,C,알아내다,aranaeda,동,verb,,To find out (e.g. the answer),,1,1,
3716,4358.0,B,암,am,명,noun,癌,Cancer,,1,1,
3717,4360.0,C,야단,yadan,명,noun,惹端,"A clamro, uproar 2) a scolding",,1,1,
3718,4361.0,C,얘,yae,감,interjection,,"Sonny, you there",,2,2,surface_duplicate
3719,4363.0,B,엔,en,의,noun,&일en,Yen (japanese),,1,1,
3720,4364.0,C,연결,yeongyeol,명,noun,連結,"Connection, linking",,1,1,
3721,4365.0,C,연관,yeongwan,명,noun,聯關,"a connection, a grouping together, relationships",,1,1,
3722,4368.0,C,용서하다,yongseohada,동,verb,容恕-,"To pardon, to forgive",,1,1,
3723,4369.0,C,우정,ujeong,명,noun,友情,Feeling of friendship,,1,1,
3724,4371.0,C,육군,yukgun,명,noun,陸軍,The army,,1,1,
3725,4372.0,C,음식점,eumsikjeom,명,noun,飮食店,Restaurant,,1,1,
3726,4373.0,C,의논하다,uinonhada,동,verb,議論-,"To consult,confer with, talk over a matter",,1,1,
3727,4374.0,B,인분,inbun,의,noun,人分.3~,How many people counter for at restaurants,,1,1,
3728,4380.0,C,주요하다,juyohada,형,adjective,主要-,"To be chief,principal,leading",,1,1,
3729,4381.0,B,죽,juk,명,noun,粥,Rice porridge,,2,1,surface_duplicate
3730,4383.0,C,차마,chama,부,adverb,,For all the world,,1,1,
3731,4384.0,C,참조,chamjo,명,noun,參照,"reference,comparison",,1,1,
3732,4386.0,A,첫째,cheosjjae,관,attributive,,The first,,2,2,surface_duplicate
3733,4388.0,C,타고나다,tagonada,동,verb,,"Be born, gifted/endowed with",,1,1,
3734,4389.0,B,태우다,taeuda,동,verb,차에~,to give a ride/lift,,2,2,surface_duplicate
3735,4392.0,C,행사,haengsa,명,noun,行使,1. use; exercise,,2,2,surface_duplicate
3736,4393.0,B,향수,hyangsu,명,noun,香水,A perfume,,1,1,
3737,4394.0,C,허용되다,heoyongdoeda,동,verb,許容-,"To be permitted, approved",,1,1,
3738,4397.0,C,가입,gaip,명,noun,加入,"joining, signing, subscription",,1,1,
3739,4398.0,C,가정,gajeong,명,noun,假定,"a supposition or presupposition, hypothesis",,2,2,surface_duplicate
3740,4402.0,A,과자,gwaja,명,noun,菓子,A snack or pastries or candy,,1,1,
3741,4403.0,C,교체,gyoche,명,noun,交替,Shift or change or alternate,,1,1,
3742,4405.0,B,김,gim,명,noun,"해초, 海草","Seaweed, laver",,3,1,surface_duplicate
3743,4407.0,C,꼬마,kkoma,명,noun,,A dwarf,,1,1,
3744,4408.0,C,끝없이,kkeuteopsi,부,adverb,,Boundlessly,,1,1,
3745,4409.0,C,나르다,nareuda,동,verb,,"to move a long or semi-long distance (not just within a room); Carry, convey, transport",,1,1,
3746,4411.0,C,놀리다,nollida,동,verb,흉을보다,"Banter, tease",,1,1,
3747,4412.0,C,늘어놓다,neureonohda,동,verb,,"(1) Scatter about haphazardly ; (2) 으로 늘어놓다 to arrange, place in order",,1,1,
3748,4413.0,B,닫히다,dathida,동,verb,,"To shut, be closed",,1,1,
3749,4415.0,C,대표하다,daepyohada,동,verb,代表-,Represent,,1,1,
3750,4416.0,A,대학교,daehakgyo,명,noun,大學校,University,,1,1,
3751,4417.0,B,도로,doro,부,adverb,,"A road, way",,2,2,surface_duplicate
3752,4418.0,A,돼지고기,dwaejigogi,명,noun,,pork,,1,1,
3753,4419.0,C,두려워하다,duryeowohada,동,verb,,"be afraid of, be scared, be frightened",,1,1,
3754,4420.0,C,뜻밖,tteusbakk,명,noun,,"1. unexpectedness, surprise",,1,1,
3755,4421.0,C,막걸리,makgeolli,명,noun,,A slightly bitter soju drink,,1,1,
3756,4422.0,C,맡다,matda,동,verb,냄새를~,(transitive) to smell,,2,2,surface_duplicate
3757,4424.0,C,미스,miseu,명,noun,Miss,Miss,,1,1,
3758,4425.0,C,밀리다,millida,동,verb,방세가~,"to be left undone, to be late in making a payment (to fall into arrears) (2) to be pushed, shoved",,1,1,
3759,4426.0,B,밥그릇,bapgeureus,명,noun,,A rice bown,,1,1,
3760,4427.0,B,방문,bangmun,명,noun,房門,door of a room,,2,2,surface_duplicate
3761,4429.0,B,병들다,byeongdeulda,동,verb,病-,Get sick,,1,1,
3762,4430.0,C,부러지다,bureojida,동,verb,,"Break, get broken",,1,1,
3763,4433.0,B,불꽃,bulkkocc,명,noun,,"flame,blaze,spark",,1,1,
3764,4436.0,C,상대성,sangdaeseong,명,noun,相對性,Relativity,,1,1,
3765,4437.0,C,설문,seolmun,명,noun,設問,questions like those on a questionnaire,,1,1,
3766,4438.0,B,소설가,soseolga,명,noun,小說家,Novelist,,1,1,
3767,4443.0,C,쓸다,sseulda,동,verb,마당을~,"brush, sweep perhaps lightly",,1,1,
3768,4444.0,A,안녕히,annyeonghi,부,adverb,安寧-,Peacefully,,1,1,
3769,4445.0,C,안팎,anpakk,명,noun,,"The interior and exterior, both sides",,1,1,
3770,4448.0,C,예방하다,yebanghada,동,verb,豫防-,"To protect, prevent, fend off",,1,1,
3771,4449.0,C,올,ol,명,noun,올해,This year,,2,2,surface_duplicate
3772,4451.0,C,유의하다,yuuihada,동,verb,留意-,"To bear in mind, be heedful of",,1,1,
3773,4452.0,B,유학,yuhak,명,noun,儒學,Confucianism,,2,2,surface_duplicate
3774,4453.0,C,이해되다,ihaedoeda,동,verb,理解-,To be understood,,1,1,
3775,4454.0,C,인하,inha,명,noun,引下,"reduction,lowering",,1,1,
3776,4456.0,C,작성,jakseong,명,noun,作成,"editing,composition ; filling out a form",,1,1,
3777,4457.0,C,잘리다,jallida,동,verb,,"Be snapped,broken,cut off",,1,1,
3778,4459.0,C,전달,jeondal,명,noun,傳達,Delivery,,1,1,
3779,4460.0,C,전시회,jeonsihoe,명,noun,展示會,"An exhibition, show, display",,1,1,
3780,4461.0,A,전화하다,jeonhwahada,동,verb,電話-,To call,,1,1,
3781,4462.0,C,전환하다,jeonhwanhada,동,verb,轉換-,"To exchange, to convert, to change over",,1,1,
3782,4463.0,C,정치학,jeongchihak,명,noun,政治學,Political science,,1,1,
3783,4464.0,B,좌석,jwaseok,명,noun,座席,A seat,,1,1,
3784,4467.0,C,주문,jumun,명,noun,注文,"An order, a request",,2,1,surface_duplicate
3785,4468.0,C,집안일,jibanil,명,noun,,Housework,,1,1,
3786,4469.0,C,체계적,chegyejeok,명,noun,體系的,"Systematic, organizational",,1,1,
3787,4470.0,B,출근,chulgeun,명,noun,出勤,Going to work,,1,1,
3788,4471.0,C,크림,keurim,명,noun,cream,Cream,,1,1,
3789,4472.0,C,탁월하다,tagwolhada,형,adjective,卓越-,"Be excellent, prominished",,1,1,
3790,4473.0,C,텅,teong,부,adverb,~비다,Hollow,,1,1,
3791,4474.0,C,토하다,tohada,동,verb,吐-,To vomit,,1,1,
3792,4478.0,B,푹,puk,부,adverb,,"Completely, entirely",,1,1,
3793,4479.0,C,한순간,hansungan,명,noun,-瞬間,One fleeting moment,,1,1,
3794,4483.0,C,가사,gasa,명,noun,歌詞,Words or lyrics,,1,1,
3795,4484.0,C,가입자,gaipja,명,noun,加入者,Member or subscriber,,1,1,
3796,4485.0,C,감소하다,gamsohada,동,verb,減少-,To reduce or diminish,,1,1,
3797,4486.0,B,개구리,gaeguri,명,noun,,Frog,,1,1,
3798,4487.0,C,결과적,gyeolgwajeok,명,noun,結果的,Resultative,,1,1,
3799,4489.0,C,괴롭히다,goerophida,동,verb,,Afflict or worry,,1,1,
3800,4490.0,C,구별,gubyeol,명,noun,區別,A distinction or a separation,,1,1,
3801,4495.0,C,깨우다,kkaeuda,동,verb,,To wake up or awaken,,1,1,
3802,4496.0,C,끈,kkeun,명,noun,,A string or a cord,,1,1,
3803,4497.0,C,끊기다,kkeunhgida,동,verb,,To be cut off or severed,,1,1,
3804,4498.0,C,끊임없다,kkeunhimeopsda,형,adjective,,To not end,,1,1,
3805,4500.0,C,넉넉하다,neokneokhada,형,adjective,,To be enough,,1,1,
3806,4503.0,B,동전,dongjeon,명,noun,銅錢,1. coin,,1,1,
3807,4505.0,C,두어,dueo,관,attributive,,"About two, a couple",,1,1,
3808,4508.0,C,마약,mayak,명,noun,痲藥,A drug,,1,1,
3809,4512.0,C,밑바닥,mitbadak,명,noun,,"The bottom,base",,1,1,
3810,4514.0,C,보도되다,bododoeda,동,verb,報道-,To be reported,,1,1,
3811,4515.0,C,보리,bori,명,noun,,Barley,,1,1,
3812,4516.0,C,본부,bonbu,명,noun,本部,The headquarters,,1,1,
3813,4517.0,C,부,bu,명,noun,富,wealth,,3,2,surface_duplicate
3814,4523.0,C,성숙하다,seongsukhada,동,verb,成熟-,"to ripen, to mature",,1,1,
3815,4524.0,C,소극적,sogeukjeok,명,noun,消極的,"Passivity,passiveness",,1,1,
3816,4525.0,C,소용,soyong,명,noun,所用,"use,usefulness",,1,1,
3817,4526.0,C,손질하다,sonjilhada,동,verb,,Handle with care,,1,1,
3818,4527.0,A,수건,sugeon,명,noun,手巾,Handkerchief,,1,1,
3819,4528.0,C,순식간,sunsikgan,명,noun,瞬息間,A brief instant,,1,1,
3820,4530.0,C,시도,sido,명,noun,試圖,"An attempt,test",,1,1,
3821,4532.0,C,시집,sijip,명,noun,詩集,collection of poems,,2,2,surface_duplicate
3822,4533.0,C,아무개,amugae,대,pronoun,,Mr. so-and-so,,1,1,
3823,4534.0,C,약점,yakjeom,명,noun,弱點,"A weak point, a vulnerable point",,1,1,
3824,4535.0,A,양복,yangbok,명,noun,洋服,Western European style clothing,,1,1,
3825,4536.0,C,어째서,eojjaeseo,불,expression,어찌하여서,"For what reason, why is that",,1,1,
3826,4537.0,C,어쩌다,eojjeoda,부,adverb,,"By chance, accident",,2,2,surface_duplicate
3827,4538.0,B,얼다,eolda,동,verb,,"Freeze, be frozen",,1,1,
3828,4539.0,B,녀,nyeo,명,noun,女,"A woman, a girl",alternative: 여,1,1,
3829,4540.0,C,연령,nyeollyeong,명,noun,年齡,"Age, years of age",연령,1,1,
3830,4541.0,C,예비,yebi,명,noun,豫備,"Preparation, reserve",,1,1,
3831,4542.0,C,울음소리,ureumsori,명,noun,,Sound of crying,,1,1,
3832,4543.0,C,이놈,inom,대,pronoun,,That rascal!,,1,1,
3833,4544.0,C,이력서,iryeokseo,명,noun,履歷書,"Curriculum vitae, a resume (for a job)",,1,1,
3834,4545.0,C,인정되다,injeongdoeda,동,verb,認定-,To be recognized,,1,1,
3835,4547.0,A,잠자다,jamjada,동,verb,,Fall asleep,,1,1,
3836,4550.0,A,젓가락,jeosgarak,명,noun,,A pair of chopsticks,,1,1,
3837,4553.0,C,주년,junyeon,의,noun,周年,One whole year,,1,1,
3838,4554.0,C,중단하다,jungdanhada,동,verb,中斷-,"To interrupt, to stop",,1,1,
3839,4555.0,C,중대하다,jungdaehada,형,adjective,重大-,"importance,gravity",,1,1,
3840,4556.0,C,중심지,jungsimji,명,noun,中心地,A central place,,1,1,
3841,4560.0,C,집중적,jipjungjeok,명,noun,集中的,Related to the concentration,,1,1,
3842,4562.0,C,참되다,chamdoeda,형,adjective,,"To be true, honest, faithful",,1,1,
3843,4563.0,C,초청,chocheong,명,noun,招請,An invitation,,1,1,
3844,4564.0,C,출판사,chulpansa,명,noun,出版社,A publishing company,,1,1,
3845,4566.0,C,탁자,takja,명,noun,卓子,"A table, desk",,1,1,
3846,4567.0,B,토끼,tokki,명,noun,,A rabbit,,1,1,
3847,4570.0,C,퍽,peok,부,adverb,~궁금하다,"Very, very much",,1,1,
3848,4571.0,C,풍속,pungsok,명,noun,風俗,"Manners, customs, morals",,1,1,
3849,4572.0,A,피아노,piano,명,noun,piano,Pian,,1,1,
3850,4573.0,C,핑계,pinggye,명,noun,,Excuse,,1,1,
3851,4574.0,C,한층,hancheung,부,adverb,-層,"More, still more",,1,1,
3852,4575.0,C,행운,haengun,명,noun,幸運,"Good luck, good fortune",,1,1,
3853,4576.0,C,가로막다,garomakda,동,verb,,Interrupt or obstruct,,1,1,
3854,4577.0,C,간섭,ganseop,명,noun,干涉,Interfere or meddle,,1,1,
3855,4578.0,C,갈증,galjeung,명,noun,渴症,Thirst,,1,1,
3856,4580.0,C,갑작스럽다,gapjakseureopda,형,adjective,,All of a sudden,,1,1,
3857,4582.0,C,교환하다,gyohwanhada,동,verb,交換-,To exchange,,1,1,
3858,4586.0,C,그래야,geuraeya,불,expression,그리하여야,And so or and then,,1,1,
3859,4587.0,C,기원,giwon,명,noun,起源,Origin,,1,1,
3860,4588.0,B,길가,gilga,명,noun,,The roadside,,1,1,
3861,4589.0,C,난리,nanri,명,noun,亂離,"A war, revolt",,1,1,
3862,4590.0,B,남매,nammae,명,noun,男妹,Brother and sister,,1,1,
3863,4591.0,C,내버리다,naebeorida,동,verb,,Throw away,,1,1,
3864,4594.0,C,달리하다,dallihada,동,verb,,differ,,1,1,
3865,4598.0,C,뛰어가다,ttwieogada,동,verb,,"1. (intransitive) to run, to rush, to dash, to dart",,1,1,
3866,4601.0,C,미사일,misail,명,noun,missile,Missile,,1,1,
3867,4602.0,B,발가락,balgarak,명,noun,,A toe,,1,1,
3868,4607.0,C,보존,bojon,명,noun,保存,Preservation,,1,1,
3869,4608.0,C,보호되다,bohodoeda,동,verb,保護-,To be protected,,1,1,
3870,4609.0,B,뵙다,boepda,동,verb,,"see,meet",,1,1,
3871,4611.0,B,부치다,buchida,동,verb,편지를~,"to send, to post",,1,1,
3872,4615.0,C,상관,sanggwan,명,noun,相關,"Concern, relation",,1,1,
3873,4616.0,C,설명되다,seolmyeongdoeda,동,verb,說明-,To be explained,,1,1,
3874,4617.0,C,섭섭하다,seopseophada,형,adjective,,"Be sorry,disappointed",,1,1,
3875,4618.0,C,세,se,의,noun,世,world; lineage; generation,,3,3,surface_duplicate
3876,4619.0,C,세련되다,seryeondoeda,형,adjective,洗練-,"To be polished,refined",,1,1,
3877,4620.0,C,손쉽다,sonswipda,형,adjective,,"Be easy, simple",,1,1,
3878,4623.0,B,안주,anju,명,noun,按酒,Appetizers for alcohol,,1,1,
3879,4624.0,B,어린애,eorinae,명,noun,,"A youngster, a child",,1,1,
3880,4628.0,C,열기,yeolgi,명,noun,熱氣,"Heat, hot air",,1,1,
3881,4630.0,C,옷차림,oscharim,명,noun,,"Dress, one’s way of dressing",,1,1,
3882,4632.0,C,위로하다,wirohada,동,verb,慰勞-,"To console, soothe somebody",,1,1,
3883,4633.0,C,이같이,igati,부,adverb,,"Like this, like so",,1,1,
3884,4636.0,B,인형,inhyeong,명,noun,人形,A doll,,1,1,
3885,4638.0,C,일치,ilchi,명,noun,一致,"Agreement, accord",,1,1,
3886,4641.0,C,재생,jaesaeng,명,noun,再生,"revival,restoration to life",,1,1,
3887,4643.0,B,전철,jeoncheol,명,noun,電鐵,An electric railway,,1,1,
3888,4652.0,C,찢어지다,jjijeojida,동,verb,,"To be torn, rent",,1,1,
3889,4653.0,C,철학자,cheolhakja,명,noun,哲學者,Philosopher,,1,1,
3890,4656.0,A,축하하다,chukhahada,동,verb,祝賀-,To Congratulate sb,,1,1,
3891,4658.0,C,컬러,keolleo,명,noun,colour,Colour,,1,1,
3892,4659.0,C,통화,tonghwa,명,noun,通話,Conversation by telephone,,2,1,surface_duplicate
3893,4661.0,C,특이하다,teugihada,형,adjective,特異-,"Be peculiar, special, unique",,1,1,
3894,4662.0,C,필연적,piryeonjeok,명,noun,必然的,"Necessity, necessary",,1,1,
3895,4663.0,C,하룻밤,harusbam,명,noun,,"One night, a single night",,1,1,
3896,4666.0,C,흘러내리다,heulleonaerida,동,verb,,"Run (stream,pour) down",,1,1,
3897,4668.0,B,가짜,gajja,명,noun,假-,Fake,,1,1,
3898,4669.0,C,강도,gangdo,명,noun,强度,Intensity or strength,,2,1,surface_duplicate
3899,4671.0,B,곰,gom,명,noun,동물,Bear,,1,1,
3900,4676.0,C,급히,geuphi,부,adverb,急-,Fast or quickly or in a hurry,,1,1,
3901,4677.0,C,기념,ginyeom,명,noun,記念,Commemoration,,1,1,
3902,4679.0,C,나아지다,naajida,동,verb,,"Become better, be improved",,1,1,
3903,4680.0,C,넘어오다,neomeooda,동,verb,,"Fall, come down",,1,1,
3904,4685.0,C,되돌리다,doedollida,동,verb,,"restore, turn back",,1,1,
3905,4687.0,C,띄우다,ttuiuda,동,verb,배를~,"fly, let fly, launch",,1,1,
3906,4690.0,C,매너,maeneo,명,noun,manner,Manner,,1,1,
3907,4693.0,C,민속,minsok,명,noun,民俗,Folk-customs,,1,1,
3908,4696.0,C,버려지다,beoryeojida,동,verb,,"Take away, throw away to somewhere",,1,1,
3909,4701.0,B,빗물,bismul,명,noun,,Rainwater,,1,1,
3910,4702.0,B,사위,sawi,명,noun,,"environment,surroundings",,1,1,
3911,4704.0,B,설날,seolnal,명,noun,,New Year’s Day,,1,1,
3912,4705.0,C,설득하다,seoldeukhada,동,verb,說得-,Persuasion,,1,1,
3913,4707.0,C,손질,sonjil,명,noun,,"handling,care",,1,1,
3914,4708.0,B,손톱,sontop,명,noun,,Fingernail,,1,1,
3915,4711.0,B,식빵,sikppang,명,noun,食-,Bread,,1,1,
3916,4712.0,C,아르바이트,areubaiteu,명,noun,&독Arbeit,Part time,,1,1,
3917,4717.0,C,외로움,oeroum,명,noun,,Loneliness,,1,1,
3918,4718.0,B,외우다,oeuda,동,verb,,Recite from memory,,1,1,
3919,4720.0,B,운전자,unjeonja,명,noun,運轉者,The driver,,1,1,
3920,4721.0,B,유리창,yurichang,명,noun,琉璃窓,A window which uses glass,,1,1,
3921,4725.0,C,입대,ipdae,명,noun,入隊,"Enlistment, enrollment",,1,1,
3922,4730.0,C,적성,jeokseong,명,noun,適性,Aptitude,,1,1,
3923,4731.0,C,전망하다,jeonmanghada,동,verb,展望-,"Have a view of, observe",,1,1,
3924,4736.0,C,집단적,jipdanjeok,명,noun,集團的,Collectively (of people),,1,1,
3925,4738.0,C,차이점,chaijeom,명,noun,差異點,A point of difference,,1,1,
3926,4740.0,B,찬물,chanmul,명,noun,,Cold water,,1,1,
3927,4741.0,C,철도,cheoldo,명,noun,鐵道,Railroad,,1,1,
3928,4742.0,C,총각,chonggak,명,noun,總角,"A bachelor, an unmarried man",,1,1,
3929,4747.0,C,캠페인,kaempein,명,noun,campaign,Campaign,,1,1,
3930,4748.0,B,태풍,taepung,명,noun,颱風,Typhoon,,1,1,
3931,4750.0,C,한눈,hannun,명,noun,~에반하다,"A look, glampse, look",,1,1,
3932,4751.0,B,햇볕,haesbyeot,명,noun,,"Sunbeams, sunlight",,1,1,
3933,4753.0,C,홍수,hongsu,명,noun,洪水,"A flood, inundation",,1,1,
3934,4755.0,C,가뭄,gamum,명,noun,,A drought,,1,1,
3935,4756.0,C,간접,ganjeop,명,noun,間接,Indirectness,,1,1,
3936,4757.0,C,강력히,gangryeokhi,부,adverb,强力-,With great strengh or or might,,1,1,
3937,4758.0,C,개선되다,gaeseondoeda,동,verb,改善-,To be renovated or to get improved,,1,1,
3938,4760.0,C,건네다,geonneda,동,verb,,Speak to a person or address,,1,1,
3939,4761.0,C,게,ge,명,noun,동물,A crab,,1,1,
3940,4763.0,C,결심,gyeolsim,명,noun,決心,Determination or resolution,,1,1,
3941,4767.0,C,곧장,gotjang,부,adverb,,Directly or straightforwardly ; to do something straight away,,1,1,
3942,4769.0,C,교직,gyojik,명,noun,敎職,The teaching profession,,1,1,
3943,4770.0,C,구속하다,gusokhada,동,verb,拘束-,To arrest or restrain,,1,1,
3944,4772.0,C,귀중하다,gwijunghada,형,adjective,貴重-,To be precious,,1,1,
3945,4773.0,C,긁다,geulkda,동,verb,,Scratch or scrape,,1,1,
3946,4774.0,B,금지하다,geumjihada,동,verb,禁止-,To restrain or prohibit,,1,1,
3947,4775.0,B,기사,gisa,명,noun,技士,driver; chauffeur; engineer,,2,2,surface_duplicate
3948,4776.0,A,기숙사,gisuksa,명,noun,寄宿舍,A hostel or residence hall,,1,1,
3949,4778.0,B,나뭇잎,namusip,명,noun,,Tree leaves,,1,1,
3950,4779.0,C,내쉬다,naeswida,동,verb,,Exhale,,1,1,
3951,4780.0,B,넓어지다,neolpeojida,동,verb,,Get wider,,1,1,
3952,4781.0,C,늘어지다,neureojida,동,verb,,Be lengthened,,1,1,
3953,4782.0,C,단독,dandok,명,noun,單獨,"Independence, being independent, being singular",,1,1,
3954,4788.0,C,마당,madang,의,noun,,Garden,,2,2,surface_duplicate
3955,4789.0,C,마음껏,maeumkkeos,부,adverb,,As much as you want,,1,1,
3956,4790.0,C,몰려들다,mollyeodeulda,동,verb,,Be driven into,,1,1,
3957,4793.0,B,미팅,miting,명,noun,meeting,Meeting,,1,1,
3958,4794.0,C,바,ba,명,noun,bar,bar,,2,2,surface_duplicate
3959,4795.0,C,바퀴,bakwi,의,noun,네~,Wheel,,2,1,surface_duplicate
3960,4796.0,C,발자국,baljaguk,명,noun,,Footprint,,1,1,
3961,4797.0,C,뱉다,baetda,동,verb,,Spit,,1,1,
3962,4798.0,C,벌어지다,beoreojida,동,verb,틈이~,"To become separated, To become estranged. Differ",,2,2,surface_duplicate
3963,4799.0,C,보너스,boneoseu,명,noun,bonus,Bonus,,1,1,
3964,4802.0,A,산책,sanchaek,명,noun,散策,"A walk,stroll",,1,1,
3965,4803.0,C,생기,saenggi,명,noun,生氣,"animation,life",,1,1,
3966,4805.0,C,서적,seojeok,명,noun,書籍,"books,publications",,1,1,
3967,4807.0,C,소화,sohwa,명,noun,消化,Digestion,,1,1,
3968,4808.0,C,수험생,suheomsaeng,명,noun,受驗生,A student preparing for an examination,,1,1,
3969,4809.0,B,시끄럽다,sikkeureopda,형,adjective,,"To be noisy,boisterous",,1,1,
3970,4810.0,C,신세대,sinsedae,명,noun,新世代,The new generation,,1,1,
3971,4813.0,C,안기다,angida,동,verb,안다'의피동사,to be embraced by sb (in their arms),,2,2,surface_duplicate
3972,4814.0,C,어기다,eogida,동,verb,,"Run counter to, go against",,1,1,
3973,4815.0,B,어때,eottae,불,expression,어떠해,What do you think?,,1,1,
3974,4816.0,B,엘리베이터,ellibeiteo,명,noun,elevator,Elevator,,1,1,
3975,4817.0,C,연구원,yeonguwon,명,noun,硏究員,Researcher,,1,1,
3976,4819.0,C,연애,yeonae,명,noun,戀愛,"Love, tender, passion",,1,1,
3977,4820.0,B,연휴,yeonhyu,명,noun,連休,Consecutive holidays,,1,1,
3978,4821.0,C,요약하다,yoyakhada,동,verb,要約-,"summary,condense,abridge",,1,1,
3979,4822.0,A,운동하다,undonghada,동,verb,運動-,To do exercise,,1,1,
3980,4823.0,A,월요일,woryoil,명,noun,月曜日,Monday,,1,1,
3981,4824.0,C,위성,wiseong,명,noun,衛星,A satellite,,1,1,
3982,4826.0,C,의외로,uioero,부,adverb,意外-,"unexpectedly,surprisingly",,1,1,
3983,4827.0,B,이모,imo,명,noun,姨母,A maternal aunt,,1,1,
3984,4828.0,C,자살,jasal,명,noun,自殺,Suicide,,1,1,
3985,4833.0,C,제시,jesi,명,noun,提示,Presentation,,1,1,
3986,4834.0,C,제외되다,jeoedoeda,동,verb,除外-,To be excluded,,1,1,
3987,4835.0,B,조카,joka,명,noun,,Nephew,,1,1,
3988,4836.0,A,주소,juso,명,noun,住所,An address,,1,1,
3989,4838.0,C,찍히다,jjikhida,동,verb,도장이~,"Get sealed, stamped",,1,1,
3990,4841.0,C,철,cheol,명,noun,鐵,Steel,,3,1,surface_duplicate
3991,4844.0,B,취직,chwijik,명,noun,就職,"Employment, getting a job",,1,1,
3992,4846.0,C,타락,tarak,명,noun,墮落,"depravity,corruption,degradation",,1,1,
3993,4847.0,C,통화,tonghwa,명,noun,通貨,currency,,2,2,surface_duplicate
3994,4848.0,C,틀림없이,teullimeopsi,부,adverb,,No mistaking it,,1,1,
3995,4849.0,A,파티,pati,명,noun,party,Party,,1,1,
3996,4856.0,C,회관,hoegwan,명,noun,會館,An assembly hall,,1,1,
3997,4862.0,B,계획하다,gyehoekhada,동,verb,計劃-,Plan or make a project,,1,1,
3998,4864.0,C,공연장,gongyeonjang,명,noun,公演場,Auditorium,,1,1,
3999,4868.0,C,국적,gukjeok,명,noun,國籍,Nationality or citizenship,,1,1,
4000,4871.0,C,근래,geunrae,명,noun,近來,Of late or recently,,1,1,
4001,4874.0,C,나뉘다,nanwida,동,verb,,Divide,,1,1,
4002,4875.0,C,낱말,natmal,명,noun,단어,A word,,1,1,
4003,4876.0,C,내외,naeoe,명,noun,內外.남녀,"inside and outside, home and abroad",,2,1,surface_duplicate
4004,4877.0,B,냄비,naembi,명,noun,,A pot,,1,1,
4005,4878.0,C,늑대,neukdae,명,noun,동물,Wolf,,1,1,
4006,4879.0,C,늘어서다,neureoseoda,동,verb,,Stand in a row,,1,1,
4007,4880.0,C,다정하다,dajeonghada,형,adjective,多情-,"To be affectionate, warm-hearted",,1,1,
4008,4881.0,A,달다,dalda,형,adjective,맛,"to be sweet, to be delicious",,5,4,surface_duplicate
4009,4882.0,C,달려들다,dallyeodeulda,동,verb,,2. to be delicious,,1,1,
4010,4888.0,C,망원경,mangwongyeong,명,noun,望遠鏡,Telescope,,1,1,
4011,4890.0,C,모범,mobeom,명,noun,模範,"model,example",,1,1,
4012,4891.0,C,무리하다,murihada,형,adjective,無理-,to overexert oneself,,1,1,
4013,4892.0,C,묶이다,mukkida,동,verb,,Be fastened together,,1,1,
4014,4896.0,C,방해하다,banghaehada,동,verb,妨害-,"Interrupt, interfere",,1,1,
4015,4897.0,B,뱀,baem,명,noun,,Snake,,1,1,
4016,4898.0,C,벌,beol,의,noun,옷한~,a set of clothes,,3,2,surface_duplicate
4017,4903.0,B,뵈다,boeda,동,verb,보이다,"Contraction of 보이다 "" to show""",,2,1,surface_duplicate
4018,4906.0,C,상류,sangryu,명,noun,上流,"The upper classes,upstream",,1,1,
4019,4907.0,C,석,seok,관,attributive,~달,three,,2,2,surface_duplicate
4020,4909.0,C,선명하다,seonmyeonghada,형,adjective,鮮明-,"To be clear,distinct",,1,1,
4021,4910.0,C,선호하다,seonhohada,동,verb,選好-,To prefer,,1,1,
4022,4911.0,C,성공적,seonggongjeok,명,noun,成功的,Successfully,,1,1,
4023,4912.0,C,소규모,sogyumo,명,noun,小規模,Small scale,,1,1,
4024,4914.0,C,수시로,susiro,부,adverb,隨時-,"On demand, per the demand of the occasion ; all the time, at any time",,1,1,
4025,4915.0,C,시야,siya,명,noun,視野,Visual field,,1,1,
4026,4917.0,C,실현되다,silhyeondoeda,동,verb,實現-,"be realized, be materialized",,1,1,
4027,4918.0,B,아니야,aniya,감,interjection,,"No, that’s not the case",,1,1,
4028,4919.0,C,어느덧,eoneudeos,부,adverb,,Before one knows it,,1,1,
4029,4922.0,C,오르내리다,oreunaerida,동,verb,,"Go up and down, rise and fall",,1,1,
4030,4923.0,C,왕자,wangja,명,noun,王子,Prince,,1,1,
4031,4924.0,B,우수하다,usuhada,형,adjective,優秀-,"to be superior,excellent",,1,1,
4032,4926.0,B,유명,yumyeong,명,noun,有名,"fame,celebrity status",,1,1,
4033,4929.0,C,유형,yuhyeong,명,noun,類型,A similar type,,1,1,
4034,4930.0,C,으레,eure,부,adverb,,"customarily,habitually",,1,1,
4035,4933.0,C,일상적,ilsangjeok,명,noun,日常的,"Daily, of the everyday things",,1,1,
4036,4934.0,C,일일이,iriri,부,adverb,一一-,"One by one, individually",,1,1,
4037,4936.0,C,전공하다,jeongonghada,동,verb,專攻-,To major in something,,1,1,
4038,4938.0,C,전후,jeonhu,명,noun,前後,"sequence,order,front and rear",,1,1,
4039,4939.0,C,정상,jeongsang,명,noun,正常,normality,,2,2,surface_duplicate
4040,4940.0,C,정상적,jeongsangjeok,명,noun,正常的,"normal,like usual",,1,1,
4041,4942.0,C,질적,jiljeok,명,noun,質的,Qualitative,,1,1,
4042,4944.0,C,척,cheok,의,noun,못이기는~,pretense; as if,,2,2,surface_duplicate
4043,4945.0,B,철,cheol,명,noun,계절,season (of the year),,3,2,surface_duplicate
4044,4946.0,A,청소하다,cheongsohada,동,verb,淸掃-,To clean,,1,1,
4045,4947.0,C,충격적,chunggyeokjeok,명,noun,衝擊的,Shocking,,1,1,
4046,4948.0,C,치아,chia,명,noun,齒牙,A tooth,,1,1,
4047,4950.0,C,판,pan,명,noun,~이벌어지다,"board, game board",,4,3,surface_duplicate
4048,4951.0,C,편의,pyeonui,명,noun,便宜,"Convenience, expediency",,1,1,
4049,4952.0,C,폐지,pyeji,명,noun,廢止,"Abolition, to not use, to do away with",,1,1,
4050,4955.0,C,해설,haeseol,명,noun,解說,"Explanation, elucidation",,1,1,
4051,4956.0,B,헌,heon,관,attributive,,"Old, shabby, worn-out",,1,1,
4052,4962.0,C,흑백,heukbaek,명,noun,黑白,Black and white,,1,1,
4053,4963.0,C,희생,huisaeng,명,noun,犧牲,A sacrifice,,1,1,
4054,4964.0,B,가까워지다,gakkawojida,동,verb,,Get closer,,1,1,
4055,4966.0,A,감사하다,gamsahada,동,verb,感謝-,To thank,,2,2,surface_duplicate
4056,4967.0,B,강도,gangdo,명,noun,强盜,"burglar, thief",,2,2,surface_duplicate
4057,4968.0,C,경비,gyeongbi,명,noun,經費,Expenses or outlay,,1,1,
4058,4969.0,C,경제력,gyeongjeryeok,명,noun,經濟力,Economic power,,1,1,
4059,4976.0,C,금하다,geumhada,동,verb,禁-,1) suppress or restraint 2) abstain from or restrain from,,1,1,
4060,4977.0,C,기대되다,gidaedoeda,동,verb,期待-,To be expected,,1,1,
4061,4980.0,C,깊숙이,gipsugi,부,adverb,,Deep or far,,1,1,
4062,4982.0,B,꿀,kkul,명,noun,,Honey or nectar,,1,1,
4063,4984.0,C,넘어뜨리다,neomeotteurida,동,verb,,Throw down,,1,1,
4064,4985.0,C,농사짓다,nongsajisda,동,verb,農事-,To do farming,,1,1,
4065,4987.0,C,단단하다,dandanhada,형,adjective,,"Be hard, solid",,1,1,
4066,4988.0,C,담당자,damdangja,명,noun,擔當者,Person in charge,,1,1,
4067,4989.0,C,답변,dapbyeon,명,noun,答辯,An answer,,1,1,
4068,4990.0,C,대비,daebi,명,noun,對備,"Provision, preparation",,1,1,
4069,4991.0,C,대체,daeche,부,adverb,大體,"An outline, summary",,1,1,
4070,4992.0,C,더욱더,deoukdeo,부,adverb,,More and more and more,,1,1,
4071,4993.0,C,도심,dosim,명,noun,都心,The heart of the city,,1,1,
4072,4994.0,B,된장,doenjang,명,noun,-醬,1. fermented soybean paste,,1,1,
4073,4995.0,C,둘러싸이다,dulleossaida,동,verb,,"be wrapped, be surrounded, be enclosed, be encompassed",,1,1,
4074,4996.0,A,등산,deungsan,명,noun,登山,"hiking, climbing",,1,1,
4075,4997.0,C,마찰,machal,명,noun,摩擦,"Rubbing, chafing",,1,1,
4076,4998.0,C,마크,makeu,명,noun,mark,a company logo,,1,1,
4077,4999.0,C,만족,manjok,명,noun,滿足,Satisfaction,,1,1,
4078,5000.0,C,망치다,mangchida,동,verb,,Ruin,,1,1,
4079,5002.0,A,메뉴,menyu,명,noun,menu,Menu,,1,1,
4080,5003.0,C,모금,mogeum,의,noun,한~,Money raising,,1,1,
4081,5005.0,C,묘사,myosa,명,noun,描寫,Description,,1,1,
4082,5007.0,C,문화적,munhwajeok,명,noun,文化的,Cultural,,1,1,
4083,5008.0,C,묻히다,muthida,동,verb,옷에흙을~,"stain, smear",,2,2,surface_duplicate
4084,5009.0,C,미혼,mihon,명,noun,未婚,Unmarried,,1,1,
4085,5010.0,C,발전되다,baljeondoeda,동,verb,發展-,"Be advanced, prospering",,1,1,
4086,5011.0,C,방송사,bangsongsa,명,noun,放送社,Broadcasting company,,1,1,
4087,5012.0,C,방지하다,bangjihada,동,verb,防止-,"To prevent, check",,1,1,
4088,5016.0,C,사표,sapyo,명,noun,辭表,A written resignation,,1,1,
4089,5019.0,C,삼가다,samgada,동,verb,,"Be discreet,take care of ; to abstain (refrain) o.s. from doing",,1,1,
4090,5020.0,C,생방송,saengbangsong,명,noun,生放送,A live broadcast,,1,1,
4091,5023.0,A,셋째,sesjjae,관,attributive,,The third,,2,2,surface_duplicate
4092,5024.0,C,소홀히,soholhi,부,adverb,疏忽-,"carelessly,indifferently,neglectfully",,1,1,
4093,5025.0,B,손발,sonbal,명,noun,,Hand and foot; the limbs,,1,1,
4094,5031.0,C,쌍둥이,ssangdungi,명,noun,雙-,Twins,,1,1,
4095,5032.0,B,안내하다,annaehada,동,verb,案內-,To lead the way,,1,1,
4096,5033.0,C,앉히다,anjhida,동,verb,,To place a person in a set,,1,1,
4097,5037.0,B,영하,yeongha,명,noun,零下,Below zero,,1,1,
4098,5038.0,C,옆구리,yeopguri,명,noun,,"The side, the flank",,1,1,
4099,5039.0,B,외교관,oegyogwan,명,noun,外交官,A diplomat,,1,1,
4100,5040.0,A,외국어,oegugeo,명,noun,外國語,"A foreign language; sometimes, only means English",,1,1,
4101,5042.0,C,웬만하다,wenmanhada,형,adjective,,"To be just only barely passable, fairly good",,1,1,
4102,5043.0,B,유행하다,yuhaenghada,동,verb,流行-,"To be in fashion, to be popular",,1,1,
4103,5045.0,B,으응,eueung,감,interjection,,Ugh!,,1,1,
4104,5046.0,C,이어서,ieoseo,부,adverb,,Subsequently,,1,1,
4105,5048.0,A,자장면,jajangmyeon,명,noun,&중Zhajiangmian,Black chinese noodles,,1,1,
4106,5049.0,C,자정,jajeong,명,noun,子正,Midnight,,1,1,
4107,5052.0,C,종합하다,jonghaphada,동,verb,綜合-,"synthesize,integrate",,1,1,
4108,5053.0,A,중학생,junghaksaeng,명,noun,中學生,Middle school student,,1,1,
4109,5057.0,C,짜다,jjada,동,verb,빨래를~,"to press, to squeeze",,3,2,surface_duplicate
4110,5058.0,C,참,cham,의,noun,집에가던~에,"break, rest, recess",,3,3,surface_duplicate
4111,5059.0,C,채,chae,의,noun,집한~,"As it is, no change",,3,3,surface_duplicate
4112,5061.0,C,최후,choehu,명,noun,最後,"The last, the end, the conclusion",,1,1,
4113,5062.0,C,취재,chwijae,명,noun,取材,"Selection, picking out of news articles (by a reporter)",,1,1,
4114,5063.0,C,치다,chida,동,verb,그물을~,to cast (a net),,4,3,surface_duplicate
4115,5064.0,C,테러,tereo,명,noun,terror,Terror,,1,1,
4116,5065.0,C,토론회,toronhoe,명,noun,討論會,A debating society/contest,,1,1,
4117,5067.0,B,한잔,hanjan,명,noun,-盞,A drink of liquor,,1,1,
4118,5069.0,C,호주머니,hojumeoni,명,noun,胡-,A pocket,,1,1,
4119,5070.0,A,휴일,hyuil,명,noun,休日,"A day off of work, a holiday",,1,1,
4120,5071.0,C,가난,ganan,명,noun,,Poor,,1,1,
4121,5072.0,B,가죽,gajuk,명,noun,,The skin or hide or leather,,1,1,
4122,5077.0,C,관계없이,gwangyeeopsi,부,adverb,關係-,Without any relation,,1,1,
4123,5080.0,C,군,gun,명,noun,郡,"county, a secondary administrative division of both North and South Korea",,3,3,surface_duplicate
4124,5085.0,C,기다,gida,동,verb,,Crawl or creep,,1,1,
4125,5087.0,C,다툼,datum,명,noun,,A quarrel,,1,1,
4126,5088.0,A,달력,dallyeok,명,noun,-曆,A calendar,,1,1,
4127,5090.0,C,대,dae,의,noun,담배한~,"Used to count long, stick-like objects, such as arrows, rib bones, and cigarettes.",,5,4,surface_duplicate
4128,5092.0,C,대낮,daenaj,명,noun,,Broad daylight,,1,1,
4129,5094.0,B,데려가다,deryeogada,동,verb,,Take with,,1,1,
4130,5095.0,B,도자기,dojagi,명,noun,陶瓷器,Porcelain,,1,1,
4131,5096.0,C,돌멩이,dolmengi,명,noun,,"1. (small) stone, rock",,1,1,
4132,5098.0,C,되돌아오다,doedoraoda,동,verb,,"come back, return, be restored",,1,1,
4133,5099.0,C,두께,dukke,명,noun,,thickness,,1,1,
4134,5100.0,B,뒤쪽,dwijjok,명,noun,,"back, rear",,1,1,
4135,5104.0,C,모조리,mojori,부,adverb,,"One and all, wholly",,1,1,
4136,5108.0,C,변경,byeongyeong,명,noun,變更,"Change, alteration",,1,1,
4137,5110.0,C,부지런히,bujireonhi,부,adverb,,Diligently,,1,1,
4138,5114.0,C,사슴,saseum,명,noun,,Deer,,1,1,
4139,5117.0,B,삼촌,samchon,명,noun,三寸,"An uncle (usually on the father\’s side)(외삼촌 a brother of the wife, an uncle on the mother\’s side)",,1,1,
4140,5118.0,C,상당수,sangdangsu,명,noun,相當數,plenty/a lot of,,1,1,
4141,5121.0,A,소풍,sopung,명,noun,逍風,Picnic,,1,1,
4142,5122.0,B,속옷,sogos,명,noun,,Underwear,,1,1,
4143,5123.0,B,손목,sonmok,명,noun,,The wrist,,1,1,
4144,5124.0,C,손실,sonsil,명,noun,損失,Loss,,1,1,
4145,5125.0,C,슬쩍,seuljjeok,부,adverb,,"Secretly, on the sly, stealthily",,1,1,
4146,5126.0,C,시나리오,sinario,명,noun,scenario,Scenario,,1,1,
4147,5127.0,B,신문지,sinmunji,명,noun,新聞紙,Newspaper paper,,1,1,
4148,5128.0,C,실컷,silkeos,부,adverb,,To one’s satisfaction,,1,1,
4149,5129.0,B,양보하다,yangbohada,동,verb,讓步-,"To make a concession, recede",,1,1,
4150,5131.0,C,엔진,enjin,명,noun,engine,Engine,,1,1,
4151,5132.0,C,용,yong,명,noun,龍,A dragon,,1,1,
4152,5133.0,C,운행,unhaeng,명,noun,運行,"movement,revolution",,1,1,
4153,5135.0,C,이대로,idaero,부,adverb,,As it is,,1,1,
4154,5136.0,C,인간성,inganseong,명,noun,人間性,Human nature,,1,1,
4155,5138.0,C,인상적,insangjeok,명,noun,印象的,Impressive,,1,1,
4156,5139.0,B,자라나다,jaranada,동,verb,,To grow up,,1,1,
4157,5140.0,C,전시,jeonsi,명,noun,展示,"exhibition,display",,1,1,
4158,5142.0,C,조그마하다,jogeumahada,형,adjective,,"Be tiny,small",,1,1,
4159,5143.0,B,주차장,juchajang,명,noun,駐車場,Parking lot,,1,1,
4160,5144.0,C,주한,juhan,명,noun,駐韓,Residing in South Korea,,1,1,
4161,5145.0,C,중년,jungnyeon,명,noun,中年,Middle-aged,,1,1,
4162,5147.0,C,지다,jida,동,verb,그늘이~,"look [be] gloomy, have a gloomy expression (on the face)",,4,4,surface_duplicate
4163,5148.0,C,찌꺼기,jjikkeogi,명,noun,,"drugs,sediments,remnants (tea grounds)",,1,1,
4164,5154.0,A,춤추다,chumchuda,동,verb,,To dance,,1,1,
4165,5157.0,A,테니스,teniseu,명,noun,tennis,Tennis,,1,1,
4166,5158.0,B,파리,pari,명,noun,,A fly,,2,1,surface_duplicate
4167,5159.0,B,포스터,poseuteo,명,noun,poster,Poster,,1,1,
4168,5160.0,C,포함,poham,명,noun,包含,"inclusion,comprehension",,1,1,
4169,5163.0,C,형식적,hyeongsikjeok,명,noun,形式的,Related to the form,,1,1,
4170,5164.0,C,호남,honam,명,noun,湖南,"The HONAM district, which is CHOLLA-DO in S.W south korea",,1,1,
4171,5166.0,B,후회하다,huhoehada,동,verb,後悔-,To regret,,1,1,
4172,5167.0,B,가이드,gaideu,명,noun,guide,Guide,,1,1,
4173,5168.0,C,가입하다,gaiphada,동,verb,加入-,Join,,1,1,
4174,5170.0,C,감소,gamso,명,noun,減少,Decrease or dimunition,,1,1,
4175,5175.0,B,고르다,goreuda,형,adjective,차이가없다,"to be even, equal; to be straight (of teeth)",,2,2,surface_duplicate
4176,5176.0,B,고속도로,gosokdoro,명,noun,高速道路,Freeway or highway with no street lights,,1,1,
4177,5179.0,A,공책,gongchaek,명,noun,空冊,Notebook for taking notes and studying,,1,1,
4178,5181.0,C,구분되다,gubundoeda,동,verb,區分-,To be put into sections,,1,1,
4179,5182.0,C,구입,guip,명,noun,購入,Purchase or buying,,1,1,
4180,5184.0,C,기여,giyeo,명,noun,寄與,Contribution or service,,1,1,
4181,5185.0,C,기호,giho,명,noun,記號,Taste or likes,,1,1,
4182,5186.0,C,꾸리다,kkurida,동,verb,,Pack up or bundle up,,1,1,
4183,5189.0,C,낭비,nangbi,명,noun,浪費,Waste,,1,1,
4184,5191.0,C,내외,naeoe,명,noun,內外.안팎,"inside and outside, home and abroad",,2,2,surface_duplicate
4185,5195.0,C,대략,daeryak,부,adverb,大略,"an outline, summary (2) generally, on the whole",,1,1,
4186,5198.0,C,덮이다,deopida,동,verb,,Be covered,,1,1,
4187,5199.0,C,도리어,dorieo,부,adverb,,On the contrary,,1,1,
4188,5201.0,A,똑바로,ttokbaro,부,adverb,,"straight, upright",,1,1,
4189,5202.0,C,라인,rain,명,noun,line,line,,1,1,
4190,5203.0,B,렌즈,renjeu,명,noun,lens,lens,,1,1,
4191,5206.0,B,멋있다,meosissda,형,adjective,,"stylish,tasteful",,1,1,
4192,5207.0,C,멸치,myeolchi,명,noun,,Anchovy,,1,1,
4193,5210.0,C,바람,baram,명,noun,소원,"desire, expectation, hope",,3,3,surface_duplicate
4194,5211.0,B,발목,balmok,명,noun,,Ankle,,1,1,
4195,5212.0,B,밤늦다,bamneujda,형,adjective,,It is late at night,,1,1,
4196,5213.0,C,방울,bangul,명,noun,물~,A drop,,2,1,surface_duplicate
4197,5215.0,A,배,bae,명,noun,열매,pear,,4,4,surface_duplicate
4198,5216.0,C,벌,beol,명,noun,곤충,"bee, wasp, or hornet",,3,3,surface_duplicate
4199,5217.0,C,보관,bogwan,명,noun,保管,"custody,deposit",,1,1,
4200,5218.0,C,보살피다,bosalpida,동,verb,,Take care of,,1,1,
4201,5219.0,C,보완하다,bowanhada,동,verb,補完-,"to supplement and make complete, to complement sth",,1,1,
4202,5220.0,C,보존하다,bojonhada,동,verb,保存-,"preserve,conserve",,1,1,
4203,5223.0,C,빨다,ppalda,동,verb,젖을~,"sip,suck",,2,1,surface_duplicate
4204,5224.0,C,빼놓다,ppaenohda,동,verb,,"exclude,leave out",,1,1,
4205,5225.0,C,사상,sasang,명,noun,史上,In history,,1,1,
4206,5226.0,C,사춘기,sachungi,명,noun,思春期,"adolescence,puberty",,1,1,
4207,5227.0,C,상반기,sangbangi,명,noun,上半期,"The first,upper half",,1,1,
4208,5229.0,A,서점,seojeom,명,noun,書店,A bookstore,,1,1,
4209,5230.0,C,선전,seonjeon,명,noun,宣傳,Propaganda,,1,1,
4210,5231.0,C,설립하다,seolliphada,동,verb,設立-,"found,establish",,1,1,
4211,5234.0,C,수집,sujip,명,noun,蒐集,Collection,,1,1,
4212,5235.0,C,수필,supil,명,noun,隨筆,An essay,,1,1,
4213,5237.0,C,신기하다,singihada,형,adjective,新奇-,to be novel; to be new and interesting,,2,2,surface_duplicate
4214,5238.0,C,신비,sinbi,명,noun,神秘,Mystery,,1,1,
4215,5239.0,C,신설,sinseol,명,noun,新設,A new theory,,1,1,
4216,5240.0,C,실감,silgam,명,noun,實感,Actual feeling,,1,1,
4217,5241.0,C,실망,silmang,명,noun,失望,Disappointment,,1,1,
4218,5244.0,C,쓰다듬다,sseudadeumda,동,verb,,Stroke one’s beard,,1,1,
4219,5246.0,C,알루미늄,alluminyum,명,noun,aluminium,Aluminum,,1,1,
4220,5247.0,C,알아주다,arajuda,동,verb,,"acknowledge,recognize, appreciate",,1,1,
4221,5248.0,A,양말,yangmal,명,noun,洋襪,A sock,,1,1,
4222,5249.0,B,여우,yeou,명,noun,동물,Fox,,1,1,
4223,5252.0,B,와,wa,감,interjection,,Holy cow!,,1,1,
4224,5257.0,B,외출,oechul,명,noun,外出,"Going out, an outing",,1,1,
4225,5258.0,C,용기,yonggi,명,noun,容器,container,,2,2,surface_duplicate
4226,5259.0,B,웨이터,weiteo,명,noun,waiter,Waiter,,1,1,
4227,5260.0,C,유발하다,yubalhada,동,verb,誘發-,"To induce, bring about, cause",,1,1,
4228,5261.0,C,유지되다,yujidoeda,동,verb,維持-,"To be maintained, preserved",,1,1,
4229,5264.0,B,자가용,jagayong,명,noun,自家用,For personal/family use,,1,1,
4230,5266.0,C,잡아당기다,jabadanggida,동,verb,,Pull,,1,1,
4231,5273.0,C,점검,jeomgeom,명,noun,點檢,"inspection,examination",,1,1,
4232,5275.0,B,정말,jeongmal,감,interjection,正-,"Real, true or genuine",,3,3,surface_duplicate
4233,5276.0,B,정원,jeongwon,명,noun,庭園,Garden,,1,1,
4234,5277.0,C,조기,jogi,명,noun,早期,"An early stage,period",,1,1,
4235,5278.0,C,존경하다,jongyeonghada,동,verb,尊敬-,Respect,,1,1,
4236,5279.0,C,종,jong,명,noun,鐘,bell (instrument),,2,2,surface_duplicate
4237,5281.0,C,종소리,jongsori,명,noun,鐘-,The sound of a bell,,1,1,
4238,5283.0,C,중순,jungsun,명,noun,中旬,The second 10 days in a month,,1,1,
4239,5284.0,C,지각,jigak,명,noun,知覺,"perception,consciousness",,1,1,
4240,5285.0,C,직선,jikseon,명,noun,直線,A straight line,,1,1,
4241,5288.0,C,참외,chamoe,명,noun,식물,A melon,,1,1,
4242,5291.0,C,체하다,chehada,보,auxiliary verb,,"pretend,feign",,1,1,
4243,5292.0,C,체험하다,cheheomhada,동,verb,體驗-,"To experience, to undergo",,1,1,
4244,5293.0,A,초대하다,chodaehada,동,verb,招待-,To invide,,1,1,
4245,5294.0,C,총,chong,명,noun,銃,gun; rifle; machine gun,,2,2,surface_duplicate
4246,5295.0,C,칭찬하다,chingchanhada,동,verb,稱讚-,To praise somebody,,1,1,
4247,5296.0,C,코치,kochi,명,noun,coach,Coach,,1,1,
4248,5298.0,C,통일하다,tongilhada,동,verb,統一-,"To unify, consolidate",,1,1,
4249,5301.0,B,패션,paesyeon,명,noun,fashion,Fashion,,1,1,
4250,5302.0,C,프린터,peurinteo,명,noun,printer,Printer,,1,1,
4251,5303.0,C,피디,pidi,명,noun,PD,PD – a newspaper article,,1,1,
4252,5304.0,C,하나하나,hanahana,부,adverb,,Each individual piece,,2,1,surface_duplicate
4253,5305.0,C,학위,hagwi,명,noun,學位,Academic rank,,1,1,
4254,5308.0,C,회의,hoeui,명,noun,懷疑,doubt; skepticism,,2,2,surface_duplicate
4255,5311.0,C,가로등,garodeung,명,noun,街路燈,A street light,,1,1,
4256,5312.0,C,감,gam,명,noun,感,Feelings,,2,1,surface_duplicate
4257,5313.0,C,개개인,gaegaein,명,noun,個個人,Individuals or every person,,1,1,
4258,5314.0,C,걷다,geotda,동,verb,소매를~,(of sleeves) to roll up,,3,2,surface_duplicate
4259,5316.0,C,고집,gojip,명,noun,固執,Persistence or stubborness,,1,1,
4260,5323.0,B,금,geum,명,noun,金,Gold,,2,1,surface_duplicate
4261,5324.0,C,급격히,geupgyeokhi,부,adverb,急激-,Be rapid or sudden,,1,1,
4262,5325.0,C,기능,gineung,명,noun,技能,Function or functionality,,2,2,surface_duplicate
4263,5326.0,C,기막히다,gimakhida,형,adjective,氣-,Be at a loss for words,,1,1,
4264,5327.0,C,나누어지다,nanueojida,동,verb,,To become divided,,1,1,
4265,5328.0,B,낙엽,nagyeop,명,noun,落葉,Fallen dead leaves,,1,1,
4266,5330.0,C,넘겨주다,neomgyeojuda,동,verb,,Hand over,,1,1,
4267,5331.0,C,논리적,nonrijeok,명,noun,論理的,Logical,,1,1,
4268,5334.0,C,다가서다,dagaseoda,동,verb,,"Step up, go near to, come closer",,1,1,
4269,5337.0,C,대기하다,daegihada,동,verb,待機-,Be ready for the opportunity,,1,1,
4270,5339.0,C,대접,daejeop,명,noun,待接,treat; reception,,1,1,
4271,5341.0,B,동창,dongchang,명,noun,同窓,"schoolmate, graduates of the same school",,1,1,
4272,5342.0,C,두리번거리다,duribeongeorida,동,verb,,look around,,1,1,
4273,5343.0,C,말다,malda,동,verb,감다,Cease,,3,3,surface_duplicate
4274,5344.0,B,맞은편,majeunpyeon,명,noun,-便,The other side of x,,1,1,
4275,5346.0,B,멋,meos,명,noun,,Smartness,,1,1,
4276,5347.0,C,면,myeon,명,noun,綿,cotton (both the fiber and the cloth),,3,3,surface_duplicate
4277,5349.0,C,박,bak,의,noun,泊,Staying the night,,1,1,
4278,5351.0,C,밤하늘,bamhaneul,명,noun,,Night sky,,1,1,
4279,5352.0,C,변명,byeonmyeong,명,noun,辨明,"Explanation, vindication",,1,1,
4280,5353.0,C,보자기,bojagi,명,noun,褓-,A diver,,1,1,
4281,5356.0,C,부상,busang,명,noun,負傷,"A wound,injury",,1,1,
4282,5359.0,C,분리하다,bunrihada,동,verb,分離-,"To separate, break away from",,1,1,
4283,5360.0,C,붙들다,butdeulda,동,verb,,"catch,seize,grasp",,1,1,
4284,5362.0,C,사들이다,sadeurida,동,verb,,"buy,purchase",,1,1,
4285,5365.0,C,상관없이,sanggwaneopsi,부,adverb,相關-,Without anything to do with,,1,1,
4286,5367.0,B,새우,saeu,명,noun,,"lobster,shrimp",,1,1,
4287,5368.0,C,선원,seonwon,명,noun,船員,"A crew, a ship’s company",,1,1,
4288,5369.0,C,설사,seolsa,부,adverb,設使,Diarrhea,,1,1,
4289,5372.0,C,실망하다,silmanghada,동,verb,失望-,To disappoint,,1,1,
4290,5373.0,B,심해지다,simhaejida,동,verb,甚-,Become deep and serious,,1,1,
4291,5374.0,B,씨름,ssireum,명,noun,,Wrestling,,1,1,
4292,5375.0,C,아쉬움,aswium,명,noun,,Sense of missing,,1,1,
4293,5376.0,B,앞길,apgil,명,noun,앞에있는길,"The road ahead, outlook",,1,1,
4294,5377.0,C,약해지다,yakhaejida,동,verb,弱-,To become weak,,1,1,
4295,5378.0,B,어젯밤,eojesbam,명,noun,,Last night,,1,1,
4296,5379.0,C,엉망,eongmang,명,noun,,"A mess, in bad shape",,1,1,
4297,5380.0,B,여관,yeogwan,명,noun,旅館,"A hotel, an inn",,1,1,
4298,5381.0,B,여쭈다,yeojjuda,동,verb,,"Tell a superior, inform",,1,1,
4299,5382.0,A,연습하다,yeonseuphada,동,verb,練習-,"To practice,exercise",,1,1,
4300,5383.0,C,연출하다,yeonchulhada,동,verb,演出-,"Produce, present (a play)",,1,1,
4301,5384.0,C,열중하다,yeoljunghada,동,verb,熱中-,"Enthusiasm, zeal",,1,1,
4302,5385.0,C,영웅,yeongung,명,noun,英雄,"A hero, a great man",,1,1,
4303,5386.0,B,오,o,감,interjection,,"Oh, ah!",,2,1,surface_duplicate
4304,5388.0,C,유산,yusan,명,noun,遺産,"An inheritence, property left behind",,1,1,
4305,5391.0,C,의도적,uidojeok,명,noun,意圖的,Purposefully,,1,1,
4306,5392.0,C,이따금,ittageum,부,adverb,,From time to time,,1,1,
4307,5393.0,C,임신부,imsinbu,명,noun,妊娠婦,An expectant mother,,1,1,
4308,5395.0,C,장기적,janggijeok,명,noun,長期的,Long-term,,1,1,
4309,5396.0,C,재주,jaeju,명,noun,,"ability,talent",,1,1,
4310,5399.0,C,전설,jeonseol,명,noun,傳說,"A tradition, a legend",,1,1,
4311,5401.0,C,절,jeol,명,noun,節,"paragraph, passage; clause; verse",,3,3,surface_duplicate
4312,5403.0,C,젖,jeoj,명,noun,,The breasts,,1,1,
4313,5406.0,C,조르다,joreuda,동,verb,요구하다,"To tease, urge sb",,1,1,
4314,5408.0,B,주문하다,jumunhada,동,verb,注文-,"To order, to request",,1,1,
4315,5409.0,B,주사,jusa,명,noun,注射,"A shot, an injection",,1,1,
4316,5411.0,C,지겹다,jigyeopda,형,adjective,,"To be tedious,tiring",,1,1,
4317,5414.0,C,짐작,jimjak,명,noun,斟酌,"guess,conjecture",,1,1,
4318,5415.0,C,쫓겨나다,jjoccgyeonada,동,verb,,Chase away ; to fire from your job,,1,1,
4319,5416.0,C,찢다,jjijda,동,verb,,"Tear, rend, split",,1,1,
4320,5417.0,B,채널,chaeneol,명,noun,channel,Channel,,1,1,
4321,5420.0,B,출근하다,chulgeunhada,동,verb,出勤-,To go to work,,1,1,
4322,5421.0,B,취소하다,chwisohada,동,verb,取消-,"To cancel, calloff",,1,1,
4323,5422.0,C,취업,chwieop,명,noun,就業,"Employment, finding a job",,1,1,
4324,5423.0,C,칠하다,chilhada,동,verb,漆-,"Paint, coat",,1,1,
4325,5424.0,C,타오르다,taoreuda,동,verb,,"Blaze, light up",,1,1,
4326,5425.0,C,탁,tak,부,adverb,,"(1) With a bang, with a snap (2) widely",,1,1,
4327,5426.0,C,판,pan,명,noun,版,"edition, printing",,4,4,surface_duplicate
4328,5427.0,C,평,pyeong,명,noun,評,"a Pyeong, a square area about 2 square meters",,2,2,surface_duplicate
4329,5428.0,C,평화롭다,pyeonghwaropda,형,adjective,平和-,To be peaceful,,1,1,
4330,5429.0,C,표시,pyosi,명,noun,表示,"A sign,signal",,2,1,surface_duplicate
4331,5430.0,C,표시,pyosi,명,noun,標示,"indication, marking",,2,2,surface_duplicate
4332,5431.0,C,하반기,habangi,명,noun,下半期,The second half of the year,,1,1,
4333,5432.0,C,한구석,hanguseok,명,noun,,"A corner, a nook",,1,1,
4334,5433.0,C,한하다,hanhada,동,verb,限-,"Limit, restrict",,1,1,
4335,5435.0,C,해답,haedap,명,noun,解答,"A solution to a problem, an answer to a question",,1,1,
4336,5436.0,C,해소하다,haesohada,동,verb,解消-,"To be dissolved, disorganized",,1,1,
4337,5437.0,C,허락하다,heorakhada,동,verb,許諾-,"Consent, agree to",,1,1,
4338,5438.0,C,확립하다,hwakriphada,동,verb,確立-,"establish,settle,fix",,1,1,
4339,5439.0,C,확신하다,hwaksinhada,동,verb,確信-,To be confident of,,1,1,
4340,5441.0,C,흥분,heungbun,명,noun,興奮,"excitement,excitation",,1,1,
4341,5442.0,C,흥분하다,heungbunhada,동,verb,興奮-,be/grow excited,,1,1,
4342,5443.0,C,힘겹다,himgyeopda,형,adjective,,To be not strong enough to do,,1,1,
4343,5445.0,C,감수성,gamsuseong,명,noun,感受性,Receptivity or susceptibility,,1,1,
4344,5447.0,C,거들다,geodeulda,동,verb,,Help or assist or lend,,1,1,
4345,5448.0,B,건너편,geonneopyeon,명,noun,-便,The opposite side,,1,1,
4346,5452.0,A,경치,gyeongchi,명,noun,景致,A scene or scenery,,1,1,
4347,5460.0,C,급속히,geupsokhi,부,adverb,急速-,Rapidly or swiftly,,1,1,
4348,5461.0,C,급증하다,geupjeunghada,동,verb,急增-,Surge or sudden rapid increase,,1,1,
4349,5463.0,C,깔끔하다,kkalkkeumhada,형,adjective,,Be sleek and smart,,1,1,
4350,5464.0,C,꼼꼼하다,kkomkkomhada,형,adjective,,"very careful or meticulous, doing it in a very detailed manner",,1,1,
4351,5465.0,C,낮아지다,najajida,동,verb,,Become lower,,1,1,
4352,5470.0,C,단순,dansun,명,noun,單純,Simplicity,,1,1,
4353,5471.0,C,대사,daesa,명,noun,大使,ambassador,,2,2,surface_duplicate
4354,5473.0,B,두세,duse,관,attributive,,Two or three (months),,1,1,
4355,5475.0,C,때,ttae,명,noun,더러운물질,"dirt, especially dead skin produced by exfoliation",,2,2,surface_duplicate
4356,5476.0,C,매,mae,명,noun,~를맞다,"whip,rod,cane",,1,1,
4357,5478.0,C,먹고살다,meokgosalda,동,verb,,Make one’s living,,1,1,
4358,5479.0,C,멎다,meojda,동,verb,,Stop,,1,1,
4359,5481.0,C,면담,myeondam,명,noun,面談,An interview,,1,1,
4360,5485.0,C,모집,mojip,명,noun,募集,"recruitment, collection",,1,1,
4361,5486.0,C,모퉁이,motungi,명,noun,,Corner,,1,1,
4362,5488.0,C,바구니,baguni,명,noun,,Basket,,1,1,
4363,5489.0,C,바싹,bassak,부,adverb,,Completely,,1,1,
4364,5490.0,C,발달되다,baldaldoeda,동,verb,發達-,Be developed,,1,1,
4365,5491.0,A,발음,bareum,명,noun,發音,Pronunciation,,1,1,
4366,5492.0,C,방울,bangul,명,noun,~이울리다,1. (small) bell,,2,2,surface_duplicate
4367,5493.0,C,보름,boreum,명,noun,,"15days,the 15th day",,1,1,
4368,5496.0,B,봉지,bongji,명,noun,封紙,"Bag, sack",,1,1,
4369,5498.0,C,부딪히다,budijhida,동,verb,,Be bumped into,,1,1,
4370,5500.0,C,비상,bisang,명,noun,非常,Emergency,,1,1,
4371,5501.0,B,비서,biseo,명,noun,秘書,Secretary,,1,1,
4372,5502.0,C,뿌리치다,ppurichida,동,verb,,"Shake off, refuse",,1,1,
4373,5503.0,C,사업자,saeopja,명,noun,事業者,Businessman,,1,1,
4374,5505.0,C,상대편,sangdaepyeon,명,noun,相對便,The other party,,1,1,
4375,5506.0,C,세트,seteu,명,noun,set,Set,,1,1,
4376,5507.0,C,소망,somang,명,noun,所望,"desire,wish,hope",,1,1,
4377,5508.0,C,수동적,sudongjeok,명,noun,受動的,Passively,,1,1,
4378,5509.0,B,술잔,suljan,명,noun,-盞,A glass for alcohol,,1,1,
4379,5511.0,C,슬그머니,seulgeumeoni,부,adverb,,Furtively,,1,1,
4380,5513.0,C,시장,sijang,명,noun,市長,1. mayor,,2,2,surface_duplicate
4381,5514.0,C,시청률,sicheongryul,명,noun,視聽率,Popularity rating,,1,1,
4382,5516.0,B,신문사,sinmunsa,명,noun,新聞社,Newspaper company,,1,1,
4383,5519.0,C,여군,yeogun,명,noun,女軍,A woman soldier,,1,1,
4384,5520.0,C,연인,yeonin,명,noun,戀人,A sweetheart,,1,1,
4385,5521.0,C,연장,yeonjang,명,noun,延長,"Extension, prolongation",,1,1,
4386,5523.0,B,열흘,yeolheul,명,noun,,Ten days,,1,1,
4387,5524.0,C,예선,yeseon,명,noun,豫選,A preliminary match/election,,1,1,
4388,5527.0,B,옥수수,oksusu,명,noun,,Corn,,1,1,
4389,5528.0,C,원,won,명,noun,圓.~을그리다,circle,,3,2,surface_duplicate
4390,5530.0,C,은행나무,eunhaengnamu,명,noun,銀杏-,A ginko tree,,1,1,
4391,5532.0,B,이웃집,iusjip,명,noun,,The neighbor’s house,,1,1,
4392,5535.0,C,자부심,jabusim,명,noun,自負心,Pride,,1,1,
4393,5537.0,C,장차,jangcha,부,adverb,將次,"In the future, someday",,1,1,
4394,5538.0,A,재미없다,jaemieopsda,형,adjective,,Boring,,1,1,
4395,5540.0,C,저편,jeopyeon,대,pronoun,-便,"That side,direction",,1,1,
4396,5547.0,C,정신과,jeongsingwa,명,noun,精神科,Psychiatry,,1,1,
4397,5549.0,C,제도적,jedojeok,명,noun,制度的,Systematic,,1,1,
4398,5551.0,C,조절,jojeol,명,noun,調節,"regulation,adjustment",,1,1,
4399,5552.0,C,주거,jugeo,명,noun,住居,"residing,dwelling",,1,1,
4400,5553.0,A,주스,juseu,명,noun,juice,Juice,,1,1,
4401,5554.0,B,준비되다,junbidoeda,동,verb,準備-,To be ready,,1,1,
4402,5555.0,C,중단되다,jungdandoeda,동,verb,中斷-,"To be suspended,stopped",,1,1,
4403,5556.0,C,중요시하다,jungyosihada,동,verb,重要視-,Attach great importance to,,1,1,
4404,5557.0,C,지점,jijeom,명,noun,支店,branch (of a store or chain),,2,2,surface_duplicate
4405,5559.0,C,진단하다,jindanhada,동,verb,診斷-,To diagnose,,1,1,
4406,5567.0,A,콜라,kolla,명,noun,cola,Cola,,1,1,
4407,5568.0,C,타다,tada,동,verb,월급을~,to receive,,4,3,surface_duplicate
4408,5570.0,C,편견,pyeongyeon,명,noun,偏見,"A prejudice, a bias",,1,1,
4409,5572.0,B,플라스틱,peullaseutik,명,noun,plastic,Plastic,,1,1,
4410,5575.0,C,환율,hwanyul,명,noun,換率,The exchange rate (money),,1,1,
4411,5576.0,C,활기,hwalgi,명,noun,活氣,"Vigor, life, vitality",,1,1,
4412,5577.0,C,강사,gangsa,명,noun,講師,Instructor or teacher,,1,1,
4413,5578.0,C,강수량,gangsuryang,명,noun,降水量,How much rainfall,,1,1,
4414,5582.0,C,교대,gyodae,명,noun,交代,Alternation or change,,1,1,
4415,5583.0,C,구청,gucheong,명,noun,區廳,A ward or district office,,1,1,
4416,5584.0,C,국내외,guknaeoe,명,noun,國內外,The inside and outside of a country or home and abroad,,1,1,
4417,5586.0,C,금지되다,geumjidoeda,동,verb,禁止-,To be forbidden or prohibited,,1,1,
4418,5587.0,C,기도하다,gidohada,동,verb,祈禱-,To pray,,1,1,
4419,5588.0,C,기성,giseong,명,noun,旣成,introspection,,1,1,
4420,5589.0,C,깨뜨리다,kkaetteurida,동,verb,,To break or crush,,1,1,
4421,5590.0,C,꼼짝,kkomjjak,부,adverb,,Cannot move,,1,1,
4422,5594.0,A,남학생,namhaksaeng,명,noun,男學生,Male student,,1,1,
4423,5595.0,C,농사일,nongsail,명,noun,農事-,Farming,,1,1,
4424,5596.0,C,농장,nongjang,명,noun,農場,"A farm, plantation",,1,1,
4425,5598.0,C,데이트,deiteu,명,noun,date,Date,,1,1,
4426,5602.0,C,되돌아가다,doedoragada,동,verb,,"go back, return",,1,1,
4427,5603.0,B,두부,dubu,명,noun,豆腐,tofu,,1,1,
4428,5604.0,C,들이켜다,deurikyeoda,동,verb,,"drink, gulp, guzzle",,1,1,
4429,5605.0,C,따라다니다,ttaradanida,동,verb,,"follow, chase, go after",,1,1,
4430,5606.0,C,라운드,raundeu,명,noun,round,round,,1,1,
4431,5608.0,C,마음가짐,maeumgajim,명,noun,,Mental attitude,,1,1,
4432,5610.0,C,머리칼,meorikal,명,noun,,Hair,,1,1,
4433,5613.0,C,모,mo,관,attributive,某,"A certain person, mr. Jones",,2,2,surface_duplicate
4434,5615.0,C,바퀴,bakwi,명,noun,수레~,Wheel,,2,2,surface_duplicate
4435,5619.0,C,번개,beongae,명,noun,,Lightning,,1,1,
4436,5620.0,C,변화되다,byeonhwadoeda,동,verb,變化-,To be changed,,1,1,
4437,5621.0,B,부러워하다,bureowohada,동,verb,,"envy,be envious of",,1,1,
4438,5622.0,C,부재,bujae,명,noun,不在,Absence,,1,1,
4439,5626.0,C,사망,samang,명,noun,死亡,Death,,1,1,
4440,5628.0,C,생,saeng,명,noun,生,"1) raw,uncooked 2)living",,1,1,
4441,5629.0,C,서늘하다,seoneulhada,형,adjective,,"Be cool,refreshing",,1,1,
4442,5631.0,C,성경,seonggyeong,명,noun,聖經,The Bible,,1,1,
4443,5633.0,C,소요되다,soyodoeda,동,verb,所要-,Be needed,,1,1,
4444,5634.0,C,소화하다,sohwahada,동,verb,消化-,To digest,,1,1,
4445,5637.0,C,순간적,sunganjeok,명,noun,瞬間的,"instanteous,momentary",,1,1,
4446,5638.0,C,시집가다,sijipgada,동,verb,媤-,To take a husband,,1,1,
4447,5639.0,B,시청,sicheong,명,noun,市廳,City hall,,1,1,
4448,5641.0,C,싶어지다,sipeojida,보,auxiliary verb,,To come to want,,1,1,
4449,5642.0,C,씌우다,ssuiuda,동,verb,아이에게모자를~,Put a hat on somebody,,1,1,
4450,5644.0,C,야간,yagan,명,noun,夜間,The night time,,1,1,
4451,5646.0,C,엇갈리다,eosgallida,동,verb,,"Cross, miss eachother",,1,1,
4452,5649.0,C,엷다,yeolpda,형,adjective,,"Be thin, light",,1,1,
4453,5650.0,C,오락,orak,명,noun,娛樂,Entertainment,,1,1,
4454,5651.0,B,오른손,oreunson,명,noun,,The right hand,,1,1,
4455,5654.0,C,우아하다,uahada,형,adjective,優雅-,"To be elegant,refined",,1,1,
4456,5656.0,B,이것저것,igeosjeogeos,명,noun,,"This and that, one thing and another",,1,1,
4457,5657.0,C,이슬,iseul,명,noun,,"Dew, dewdrops",,1,1,
4458,5658.0,C,인간관계,ingangwangye,명,noun,人間關係,Human relations,,1,1,
4459,5660.0,C,장기간,janggigan,명,noun,長期間,For a long period,,1,1,
4460,5661.0,B,저자,jeoja,명,noun,著者,"A writer,author",,1,1,
4461,5662.0,C,전선,jeonseon,명,noun,戰線,The battle line,,1,1,
4462,5666.0,C,정지,jeongji,명,noun,停止,"stop,an interruption",,1,1,
4463,5667.0,C,제의하다,jeuihada,동,verb,提議-,Make a suggestion,,1,1,
4464,5668.0,C,조명,jomyeong,명,noun,照明,"lighting,illumination",,1,1,
4465,5669.0,C,조화되다,johwadoeda,동,verb,調和-,"harmony,agreement",,1,1,
4466,5673.0,C,줄거리,julgeori,명,noun,,"A stalk, a stem",,1,1,
4467,5674.0,C,중단,jungdan,명,noun,中斷,"interruption,suspension",,1,1,
4468,5679.0,C,차선,chaseon,명,noun,車線,A traffic lane,,1,1,
4469,5680.0,C,착각하다,chakgakhada,동,verb,錯覺-,"To misunderstand, to deceive oneself, to be having illucinations",,1,1,
4470,5684.0,C,초상화,chosanghwa,명,noun,肖像畵,"A portrait, a picture",,1,1,
4471,5686.0,B,출장,chuljang,명,noun,出張,A business trip,,1,1,
4472,5687.0,C,쿠데타,kudeta,명,noun,,Coup d’etat (overthrow of the government),,1,1,
4473,5690.0,B,퇴근,toegeun,명,noun,退勤,"Leaving one’s office, coming home from work",,1,1,
4474,5691.0,C,특수성,teuksuseong,명,noun,特殊性,"Particularity, distinctiveness",,1,1,
4475,5694.0,C,항공기,hanggonggi,명,noun,航空機,An aircraft,,1,1,
4476,5698.0,C,활발히,hwalbalhi,부,adverb,活潑-,"briskly,actively",,1,1,
4477,5700.0,B,회화,hoehwa,명,noun,繪畵,"Conversations, talk",,1,1,
4478,5702.0,C,흥미롭다,heungmiropda,형,adjective,興味-,To be interesting,,1,1,
4479,5704.0,B,가져다주다,gajyeodajuda,동,verb,,Take something to someone,,1,1,
4480,5706.0,C,각오,gago,명,noun,覺悟,Readiness or preparation,,1,1,
4481,5708.0,C,개방되다,gaebangdoeda,동,verb,開放-,To be opened,,1,1,
4482,5711.0,C,겨자,gyeoja,명,noun,,Mustard,,1,1,
4483,5712.0,C,경고하다,gyeonggohada,동,verb,警告-,To warn,,1,1,
4484,5713.0,C,경제학,gyeongjehak,명,noun,經濟學,Economics,,1,1,
4485,5717.0,B,골프,golpeu,명,noun,golf,Golf,,1,1,
4486,5720.0,C,관심사,gwansimsa,명,noun,關心事,A matter of concern and interest,,1,1,
4487,5722.0,C,구별되다,gubyeoldoeda,동,verb,區別-,To be separated andistinguished,,1,1,
4488,5723.0,C,국사,guksa,명,noun,國史,The history of a country,,1,1,
4489,5724.0,C,굳히다,guthida,동,verb,,Harden or make hard,,1,1,
4490,5725.0,B,귀국,gwiguk,명,noun,歸國,Returning to one’s home country,,1,1,
4491,5726.0,C,그간,geugan,명,noun,-間,The while or during tha time,,1,1,
4492,5727.0,C,그럴듯하다,geureoldeushada,형,adjective,,Be plausible or specious or likely,,1,1,
4493,5728.0,C,극작가,geukjakga,명,noun,劇作家,A dramatist,,1,1,
4494,5730.0,C,기23,gi23,명,noun,旗,A flag or a banner,,1,1,
4495,5732.0,C,기울다,giulda,동,verb,,To tilt or lean,,1,1,
4496,5733.0,C,기적,gijeok,명,noun,奇跡,A miracle,,1,1,
4497,5736.0,C,끌리다,kkeullida,동,verb,,To be drawn or pulled or dragged,,1,1,
4498,5737.0,C,내보내다,naebonaeda,동,verb,,"Let out, let go out",,1,1,
4499,5739.0,C,담,dam,명,noun,~을쌓다,"A wall, fence",,1,1,
4500,5742.0,C,동서,dongseo,명,noun,東西,east and west,,1,1,
4501,5743.0,C,들여놓다,deuryeonohda,동,verb,,"bring in, invite someone in",,1,1,
4502,5744.0,C,따스하다,ttaseuhada,형,adjective,,Feel warm,,1,1,
4503,5746.0,C,말투,maltu,명,noun,-套,One’s way of talking,,1,1,
4504,5748.0,C,명령어,myeongryeongeo,명,noun,命令語,Directive,,1,1,
4505,5749.0,B,목욕탕,mogyoktang,명,noun,沐浴湯,A bathhouse,,1,1,
4506,5753.0,C,미끄러지다,mikkeureojida,동,verb,,Slippery,,1,1,
4507,5754.0,B,바닷물,badasmul,명,noun,,Sea water,,1,1,
4508,5755.0,C,변신,byeonsin,명,noun,變身,"Disguise, transformation",,1,1,
4509,5757.0,C,부친,buchin,명,noun,父親,A father,,1,1,
4510,5759.0,C,붙잡히다,butjaphida,동,verb,,Be caught,,1,1,
4511,5760.0,C,브랜드,beuraendeu,명,noun,brand,Brand,,1,1,
4512,5761.0,B,빨다,ppalda,동,verb,옷을~,"to wash (clothes), to launder",,2,2,surface_duplicate
4513,5762.0,B,사무,samu,명,noun,事務,Office work,,1,1,
4514,5763.0,C,사소하다,sasohada,형,adjective,些少-,"Be trifling,insignificant",,1,1,
4515,5764.0,C,상,sang,명,noun,床,table,,4,4,surface_duplicate
4516,5767.0,C,상쾌하다,sangkwaehada,형,adjective,爽快-,"Be refreshing,exhilirating",,1,1,
4517,5768.0,B,성,seong,명,noun,姓,surname; last name,,3,3,surface_duplicate
4518,5771.0,C,손길,songil,명,noun,,An outstretched hand,,1,1,
4519,5774.0,C,순위,sunwi,명,noun,順位,"order,ranking",,1,1,
4520,5777.0,A,식사하다,siksahada,동,verb,食事-,To eat a meal,,1,1,
4521,5778.0,C,쌍,ssang,명,noun,雙,"A pair,couple",,1,1,
4522,5779.0,C,썰렁하다,sseolleonghada,형,adjective,,"chilly,feel cold",,1,1,
4523,5783.0,C,암시,amsi,명,noun,暗示,"A hint, suggestion",,1,1,
4524,5784.0,C,앞날,apnal,명,noun,,"The futre, the days ahead",,1,1,
4525,5787.0,C,역사상,yeoksasang,명,noun,歷史上,"being in history, existing historically",,1,1,
4526,5788.0,C,연주,yeonju,명,noun,演奏,A musical performance,,1,1,
4527,5790.0,B,우울하다,uulhada,형,adjective,憂鬱-,"To be melancholy, gloomy",,1,1,
4528,5791.0,A,우체국,ucheguk,명,noun,郵遞局,A post office,,1,1,
4529,5793.0,C,울리다,ullida,동,verb,아기를~,to cause to weep,,2,2,surface_duplicate
4530,5796.0,C,육상,yuksang,명,noun,陸上,"On land, on the ground",,1,1,
4531,5797.0,C,음주,eumju,명,noun,飮酒,Drinking (alcohol),,1,1,
4532,5798.0,C,이별,ibyeol,명,noun,離別,"Parting, separation; divorce",,1,1,
4533,5800.0,C,인재,injae,명,noun,人材,A man of ability,,1,1,
4534,5801.0,C,인종,injong,명,noun,人種,A human race,,1,1,
4535,5802.0,C,일시적,ilsijeok,명,noun,一時的,Of a day,,1,1,
4536,5804.0,C,재밌다,jaemissda,형,adjective,재미있다,"interesting,fun",,1,1,
4537,5805.0,C,전문적,jeonmunjeok,명,noun,專門的,Of a specialist nature,,1,1,
4538,5808.0,C,젊음,jeolmeum,명,noun,,Youth,,1,1,
4539,5809.0,C,점잖다,jeomjanhda,형,adjective,,"To be dignified,well-bred",,1,1,
4540,5812.0,C,조개,jogae,명,noun,동물,"shellfish,clam",,1,1,
4541,5816.0,B,주무시다,jumusida,동,verb,,To sleep (respectful word),,1,1,
4542,5819.0,C,중계방송,junggyebangsong,명,noun,中繼放送,"A relay, a hookup",,1,1,
4543,5820.0,C,중독,jungdok,명,noun,中毒,Poison,,1,1,
4544,5821.0,C,지급,jigeup,명,noun,支給,"supply,pay",,1,1,
4545,5822.0,C,진실하다,jinsilhada,형,adjective,眞實-,"Be true, truthful",,1,1,
4546,5823.0,C,차창,chachang,명,noun,車窓,car/train window,,1,1,
4547,5826.0,C,초청하다,chocheonghada,동,verb,招請-,To invite,,1,1,
4548,5827.0,C,출발점,chulbaljeom,명,noun,出發點,The starting point of a trip,,1,1,
4549,5828.0,C,출판,chulpan,명,noun,出版,"Publication, publishing",,1,1,
4550,5829.0,C,출현하다,chulhyeonhada,동,verb,出現-,"Appearance, turning out",,1,1,
4551,5830.0,C,클럽,keulleop,명,noun,club,Club,,1,1,
4552,5831.0,C,키스,kiseu,명,noun,kiss,Kiss,,1,1,
4553,5833.0,C,탈출하다,talchulhada,동,verb,脫出-,"To escape, get away from",,1,1,
4554,5836.0,C,판사,pansa,명,noun,判事,A judge,,1,1,
4555,5839.0,C,허락,heorak,명,noun,許諾,"Consent, assent, approval",,1,1,
4556,5841.0,C,확신,hwaksin,명,noun,確信,"Conviction, firm belief",,1,1,
4557,5845.0,B,흐리다,heurida,형,adjective,날이~,Cloudy (weather),,2,1,surface_duplicate
4558,5850.0,B,걱정스럽다,geokjeongseureopda,형,adjective,,Anxious or uneasy,,1,1,
4559,5851.0,C,건설되다,geonseoldoeda,동,verb,建設-,To become constructed,,1,1,
4560,5857.0,C,고개,gogae,명,noun,~너머,The nape of the neck,,2,2,surface_duplicate
4561,5860.0,A,고프다,gopeuda,형,adjective,,Hungry or famished,,1,1,
4562,5866.0,C,그제야,geujeya,부,adverb,,For the first time or not … until,,1,1,
4563,5868.0,B,금연,geumyeon,명,noun,禁煙,Prohibition of smoking,,1,1,
4564,5870.0,C,기성세대,giseongsedae,명,noun,旣成世代,Old people,,1,1,
4565,5871.0,C,기술하다,gisulhada,동,verb,記述-,To describe or give an account of,,1,1,
4566,5872.0,C,까치,kkachi,명,noun,,Magpie,,1,1,
4567,5873.0,B,꿈속,kkumsok,명,noun,,In a dream,,1,1,
4568,5874.0,B,나비,nabi,명,noun,,Butterfly,,1,1,
4569,5876.0,C,남북,nambuk,명,noun,南北,North and south,,1,1,
4570,5877.0,C,납득하다,napdeukhada,동,verb,納得-,"To convince, persuade oneself",,1,1,
4571,5881.0,C,단,dan,명,noun,段,end,,2,2,surface_duplicate
4572,5883.0,A,대사관,daesagwan,명,noun,大使館,Embassy,,1,1,
4573,5886.0,C,독창적,dokchangjeok,명,noun,獨創的,Original,,1,1,
4574,5887.0,C,되풀이되다,doepuridoeda,동,verb,,"be reiterated, be done over again",,1,1,
4575,5889.0,C,떠나가다,tteonagada,동,verb,,1. to go away; to leave; to depart,,1,1,
4576,5890.0,C,떠들썩하다,tteodeulsseokhada,형,adjective,떠들다,"noisy, boisterous troubled, disturbed sensational, much discussed",,1,1,
4577,5891.0,C,뜻대로,tteusdaero,부,adverb,,"just as wished, at one's pleasure, as desired",,1,1,
4578,5892.0,B,레스토랑,reseutorang,명,noun,&프restaurant,restaurant,,1,1,
4579,5893.0,C,로봇,robos,명,noun,robot,robot,,1,1,
4580,5896.0,C,만점,manjeom,명,noun,滿點,Perfect score,,1,1,
4581,5897.0,C,매달,maedal,부,adverb,每-,Every month,,1,1,
4582,5899.0,C,모여들다,moyeodeulda,동,verb,,"gather,flock",,1,1,
4583,5902.0,C,묵다,mukda,동,verb,오래된상태,"to become old, to become antiquated",,2,1,surface_duplicate
4584,5904.0,C,바깥쪽,bakkatjjok,명,noun,,The outside,,1,1,
4585,5905.0,A,배고프다,baegopeuda,형,adjective,,To be hungry,,1,1,
4586,5906.0,B,버섯,beoseos,명,noun,,Mushroom,,1,1,
4587,5911.0,C,보수,bosu,명,noun,保守,Conservation,,2,1,surface_duplicate
4588,5912.0,C,보안,boan,명,noun,保安,Preservation of the public peace,,1,1,
4589,5914.0,B,뵈다,boeda,동,verb,웃어른을보다,"look, appear",,2,2,surface_duplicate
4590,5915.0,C,부,bu,명,noun,部,"A department, a part",,3,3,surface_duplicate
4591,5917.0,C,비웃다,biusda,동,verb,,"Laugh at, ridicule",,1,1,
4592,5918.0,B,비키다,bikida,동,verb,,Move aside,,1,1,
4593,5919.0,C,사나이,sanai,명,noun,,"A man, a male",,1,1,
4594,5921.0,B,사모님,samonim,명,noun,師母-,Older more respected ajuma,,1,1,
4595,5923.0,A,삼,sam,수,numeral,三,Three,,1,1,
4596,5925.0,C,상징적,sangjingjeok,명,noun,象徵的,"symbolic,emblematic",,1,1,
4597,5926.0,C,색다르다,saekdareuda,형,adjective,色-,"Be different,novel",,1,1,
4598,5930.0,C,세미나,semina,명,noun,seminar,Seminar,,1,1,
4599,5931.0,C,세제,seje,명,noun,洗劑,"detergent,cleaning material",,1,1,
4600,5932.0,C,속삭이다,soksagida,동,verb,,Whisper,,1,1,
4601,5935.0,C,시일,siil,명,noun,時日,"time,days",,1,1,
4602,5936.0,C,시합,sihap,명,noun,試合,"A contest,match",,1,1,
4603,5939.0,C,신속하다,sinsokhada,형,adjective,迅速-,"Be quick,rapid,speedy",,1,1,
4604,5940.0,C,신제품,sinjepum,명,noun,新製品,A new product,,1,1,
4605,5941.0,C,신중하다,sinjunghada,형,adjective,愼重-,"To be prudent,cautious",,1,1,
4606,5944.0,C,썩,sseok,부,adverb,,"Very much,greatly",,1,1,
4607,5946.0,C,암컷,amkeos,명,noun,,"A female,a she (opp. 수컷)",,1,1,
4608,5949.0,A,여행하다,yeohaenghada,동,verb,旅行-,To travel,,1,1,
4609,5952.0,C,예고하다,yegohada,동,verb,豫告-,"Warn, give advance notice",,1,1,
4610,5953.0,C,위반하다,wibanhada,동,verb,違反-,To violate (the law),,1,1,
4611,5954.0,C,윗몸,wismom,명,noun,,The upper body,,1,1,
4612,5956.0,C,은은하다,euneunhada,형,adjective,隱隱-,"To be distant,faint,indistinct",,1,1,
4613,5958.0,C,이해관계,ihaegwangye,명,noun,利害關係,Mutual understanding,,1,1,
4614,5959.0,C,익히다,ikhida,동,verb,고기를~,to cook something through,,2,2,surface_duplicate
4615,5960.0,C,일대,ildae,관,attributive,一大,One great/large,,1,1,
4616,5961.0,C,입력,ipryeok,명,noun,入力,Power input,,1,1,
4617,5962.0,C,자연현상,jayeonhyeonsang,명,noun,自然現象,Natural phenomena,,1,1,
4618,5966.0,A,정류장,jeongryujang,명,noun,停留場,"stop,a station,bus-stop",,1,1,
4619,5968.0,C,정신없이,jeongsineopsi,부,adverb,精神-,Feel distracted and scatter-brained,,1,1,
4620,5969.0,C,정직하다,jeongjikhada,형,adjective,正直-,"honesty,uprightness",,1,1,
4621,5971.0,C,조정하다,jojeonghada,동,verb,調整-,"To regulate,adjust,coordinate",,1,1,
4622,5973.0,C,주름,jureum,명,noun,,Wrinkles,,1,1,
4623,5974.0,B,중요,jungyo,명,noun,重要,"importance,consequence",,1,1,
4624,5978.0,B,챔피언,chaempieon,명,noun,champion,Champion,,1,1,
4625,5981.0,C,최신,choesin,명,noun,最新,"Newest, the latest",,1,1,
4626,5982.0,B,축하,chukha,명,noun,祝賀,"Congratulation, celebration",,1,1,
4627,5983.0,B,취소,chwiso,명,noun,取消,"Cancellation, anulment",,1,1,
4628,5985.0,C,캐릭터,kaerikteo,명,noun,character,Character,,1,1,
4629,5987.0,B,커튼,keoteun,명,noun,curtain,Curtain,,1,1,
4630,5992.0,B,팬,paen,명,noun,애호가,"Fan, enthusiast",,2,2,surface_duplicate
4631,5995.0,C,해롭다,haeropda,형,adjective,害-,"To be harmful, injurious",,1,1,
4632,5998.0,C,현관문,hyeongwanmun,명,noun,玄關門,The front door,,1,1,
4633,6000.0,C,활발해지다,hwalbalhaejida,동,verb,活潑-,To become lively,,1,1,
4634,6001.0,C,회복되다,hoebokdoeda,동,verb,回復-,To be recovered,,1,1,
4635,6002.0,C,희생하다,huisaenghada,동,verb,犧牲-,To sacrifice,,1,1,
4636,6003.0,C,가능해지다,ganeunghaejida,동,verb,可能-,To become possible,,1,1,
4637,6009.0,B,겨울철,gyeoulcheol,명,noun,,The winter season,,1,1,
4638,6014.0,B,고추장,gochujang,명,noun,-醬,Red pepper paste,,1,1,
4639,6015.0,B,골프장,golpeujang,명,noun,golf場,Golf course,,1,1,
4640,6017.0,C,공연히,gongyeonhi,부,adverb,空然-,Futile or vain or useless,,1,1,
4641,6018.0,C,과정,gwajeong,명,noun,課程,Process or course,,2,2,surface_duplicate
4642,6022.0,B,국수,guksu,명,noun,,Noodles,,1,1,
4643,6023.0,C,국제적,gukjejeok,명,noun,國際的,International,,1,1,
4644,6025.0,C,그루,geuru,의,noun,,1) a root 2) stubble,,1,1,
4645,6026.0,C,그전,geujeon,명,noun,-前,Former days or the past,,1,1,
4646,6029.0,C,금고,geumgo,명,noun,金庫,A safe or strongbox,,1,1,
4647,6031.0,C,꾸중,kkujung,명,noun,,"Scolding, a rebuke",,1,1,
4648,6032.0,C,끌어당기다,kkeureodanggida,동,verb,,To draw near,,1,1,
4649,6033.0,C,끼,kki,명,noun,끼니,A meal or a repast,,1,1,
4650,6035.0,C,능동적,neungdongjeok,명,noun,能動的,"Activity ; voluntary, of its own nature (opp. 수동적)",,1,1,
4651,6036.0,B,달빛,dalbicc,명,noun,,Moonlight,,1,1,
4652,6038.0,C,당분간,dangbungan,부,adverb,當分間,For the present,,1,1,
4653,6042.0,C,도움말,doummal,명,noun,,Helping words,,1,1,
4654,6045.0,C,되살리다,doesallida,동,verb,,"revive, recreate",,1,1,
4655,6046.0,B,뒷산,dwissan,명,noun,-山,The back side of a mountain,,1,1,
4656,6047.0,B,땜,ttaem,의,noun,때문,"because, because of",,1,1,
4657,6049.0,B,만족하다,manjokhada,동,verb,滿足-,To be content,,2,2,surface_duplicate
4658,6050.0,A,맵다,maepda,형,adjective,,Spicy,,1,1,
4659,6051.0,B,메다,meda,동,verb,총을~,Put on one’s shoulder,,1,1,
4660,6052.0,C,몰려오다,mollyeooda,동,verb,,Come in crowds,,1,1,
4661,6054.0,C,물질적,muljiljeok,명,noun,物質的,Material,,1,1,
4662,6056.0,B,미인,miin,명,noun,美人,A beautiful girl,,1,1,
4663,6058.0,C,믿어지다,mideojida,동,verb,,Become believable,,1,1,
4664,6059.0,C,반죽,banjuk,명,noun,,Kneading; dough,,1,1,
4665,6060.0,B,반지,banji,명,noun,半指,Ring,,1,1,
4666,6062.0,B,밤,bam,명,noun,열매,chestnut,,2,2,surface_duplicate
4667,6063.0,C,배치,baechi,명,noun,配置,Arrangement,,1,1,
4668,6064.0,C,백인,baegin,명,noun,白人,Caucasian,,1,1,
4669,6068.0,C,본,bon,관,attributive,本,An example,,1,1,
4670,6069.0,C,본사,bonsa,명,noun,本社,Main office,,1,1,
4671,6070.0,B,부르다,bureuda,형,adjective,배가~,to be full (from eating),,2,2,surface_duplicate
4672,6072.0,C,불평등하다,bulpyeongdeunghada,형,adjective,不平等-,Inequality,,1,1,
4673,6075.0,B,비타민,bitamin,명,noun,vitamin,Vitamin,,1,1,
4674,6076.0,B,빌딩,bilding,명,noun,building,Building,,1,1,
4675,6077.0,C,빠뜨리다,ppatteurida,동,verb,,"Throw into (a river); entice, entrap",,1,1,
4676,6078.0,B,산속,sansok,명,noun,山-,The heart of a mountain,,1,1,
4677,6079.0,C,새로이,saeroi,부,adverb,,"newly,afresh",,1,1,
4678,6082.0,C,서양인,seoyangin,명,noun,西洋人,A Westerner,,1,1,
4679,6084.0,C,소지품,sojipum,명,noun,所持品,one’s things,,1,1,
4680,6085.0,B,송이,songi,명,noun,꽃한~,"A bunch,cluster",,1,1,
4681,6086.0,C,쇠,soe,명,noun,,Iron,,1,1,
4682,6088.0,C,수컷,sukeos,명,noun,,A male of the species,,1,1,
4683,6089.0,C,승리하다,seungrihada,동,verb,勝利-,To win,,1,1,
4684,6091.0,B,식초,sikcho,명,noun,食醋,Vinegar,,1,1,
4685,6095.0,B,심부름,simbureum,명,noun,,Errand,,1,1,
4686,6096.0,C,씨앗,ssias,명,noun,,Seeds,,1,1,
4687,6098.0,B,야외,yaoe,명,noun,野外,"The fields, the outskirts",,1,1,
4688,6099.0,C,얻어먹다,eodeomeokda,동,verb,,Go about begging,,1,1,
4689,6100.0,C,엄숙하다,eomsukhada,형,adjective,嚴肅-,"Seriousness, solemnity ; being grave, serious",,1,1,
4690,6101.0,C,여가,yeoga,명,noun,餘暇,"leisure,spare time",,1,1,
4691,6102.0,A,여동생,yeodongsaeng,명,noun,女同生,Younger sister,,1,1,
4692,6104.0,C,연상하다,yeonsanghada,동,verb,聯想-,Association of ideas,,1,1,
4693,6107.0,B,옆집,yeopjip,명,noun,,The house next door,,1,1,
4694,6108.0,A,오래간만,oraeganman,명,noun,,After a long time,,1,1,
4695,6109.0,B,오래도록,oraedorok,부,adverb,,"For long, a long while",,1,1,
4696,6110.0,C,올려다보다,ollyeodaboda,동,verb,,Look up,,1,1,
4697,6112.0,C,외다,oeda,동,verb,주문을~,To repeat back (an order),,1,1,
4698,6113.0,C,외침,oechim,명,noun,,"A shout, a cry",,1,1,
4699,6117.0,B,이빨,ippal,명,noun,,A tooth,,1,1,
4700,6118.0,C,이해,ihae,명,noun,利害,profits and losses,,2,2,surface_duplicate
4701,6122.0,C,일손,ilson,명,noun,,Work in hand,,1,1,
4702,6126.0,C,잠바,jamba,명,noun,jumper,Jumper,,1,1,
4703,6127.0,C,잠수함,jamsuham,명,noun,潛水艦,Submarine,,1,1,
4704,6128.0,C,장수,jangsu,명,noun,사과~,"A tradesman,merchant",,1,1,
4705,6129.0,B,장학금,janghakgeum,명,noun,奬學金,Scholarship,,1,1,
4706,6130.0,C,재다,jaeda,동,verb,저울로~,"measure,guage",,1,1,
4707,6131.0,B,쟤,jyae,불,expression,저아이,That kid,,1,1,
4708,6132.0,A,점심시간,jeomsimsigan,명,noun,點心時間,Lunchtime,,1,1,
4709,6137.0,C,지도하다,jidohada,동,verb,指導-,"To lead, instruct",,1,1,
4710,6138.0,C,지적,jijeok,명,noun,知的,something which is intellectual.,,2,2,surface_duplicate
4711,6139.0,C,진로,jinro,명,noun,進路,"A course,direction,path",,1,1,
4712,6140.0,C,진행자,jinhaengja,명,noun,進行者,Leader of the performance,,1,1,
4713,6142.0,B,쪽,jjok,명,noun,면,"side, Way, direction",,3,2,surface_duplicate
4714,6143.0,C,찾아다니다,chajadanida,동,verb,,To go around to meet somebody or see places,,1,1,
4715,6144.0,C,책임감,chaegimgam,명,noun,責任感,Feeling of responsibility,,1,1,
4716,6146.0,C,체온,cheon,명,noun,體溫,Body temperature,,1,1,
4717,6147.0,B,초밥,chobap,명,noun,醋-,Japanese vinegared rice vegetables,,1,1,
4718,6149.0,B,출구,chulgu,명,noun,出口,An exit,,1,1,
4719,6150.0,B,출입문,churipmun,명,noun,出入門,Door for exiting and entering,,1,1,
4720,6152.0,C,통과,tonggwa,명,noun,通過,Passage,,1,1,
4721,6155.0,C,포장마차,pojangmacha,명,noun,布帳馬車,A wheeled snack bar on the street,,1,1,
4722,6156.0,C,푸다,puda,동,verb,,"Dip out, bail out",,1,1,
4723,6157.0,B,풀,pul,명,noun,~을바르다,Grass (cut the ~),,2,2,surface_duplicate
4724,6158.0,C,피망,pimang,명,noun,&프piment,A pimento,,1,1,
4725,6159.0,B,필름,pilleum,명,noun,film,Film,,1,1,
4726,6160.0,C,한결,hangyeol,부,adverb,,"Stands out conspicuously, especially",,1,1,
4727,6163.0,C,한여름,hanyeoreum,명,noun,,"Midsummer, the middle of summer",,1,1,
4728,6165.0,C,항공,hanggong,명,noun,航空,An airport,,1,1,
4729,6166.0,B,호선,hoseon,의,noun,號線.1~,The track number for a train,,1,1,
4730,6168.0,C,회전,hoejeon,명,noun,回轉,"Revolution, rotation",,1,1,
4731,6169.0,A,휴지,hyuji,명,noun,休紙,Toilet paper,,1,1,
4732,6170.0,C,가려지다,garyeojida,동,verb,,be blocked from view,,1,1,
4733,6172.0,B,가위,gawi,명,noun,기구,Scissors,,1,1,
4734,6178.0,B,고속,gosok,명,noun,高速,High speed,,1,1,
4735,6180.0,C,곧다,gotda,형,adjective,,Be straight or upright or erect,,1,1,
4736,6181.0,C,골치,golchi,명,noun,,Worry or anxiety,,1,1,
4737,6187.0,B,구하다,guhada,동,verb,救-,1) To buy or purchase or 2) look for or seek or want,,2,2,surface_duplicate
4738,6189.0,C,그때그때,geuttaegeuttae,부,adverb,,"whenever, according to circumstances",,1,1,
4739,6195.0,C,내달,naedal,명,noun,來-,Next month,,1,1,
4740,6198.0,A,넷째,nesjjae,수,numeral,,Fourth,,2,1,surface_duplicate
4741,6201.0,C,놔두다,nwaduda,동,verb,놓아두다,"Leave as it is, let it be",,1,1,
4742,6202.0,C,늦어지다,neujeojida,동,verb,,To become late,,1,1,
4743,6210.0,B,도망가다,domanggada,동,verb,逃亡-,"Make a go for it, escape",,1,1,
4744,6212.0,C,독하다,dokhada,형,adjective,毒-,Be poison,,1,1,
4745,6215.0,B,땅콩,ttangkong,명,noun,,peanut,,1,1,
4746,6218.0,C,뜰,tteul,명,noun,,yard (i.e front or back yard,,1,1,
4747,6219.0,C,뜻밖에,tteusbakke,부,adverb,,"unexpectedly, surprisingly",,1,1,
4748,6221.0,C,만,man,의,noun,화를낼~도하다,"full, whole",,5,3,surface_duplicate
4749,6222.0,C,명단,myeongdan,명,noun,名單,List of names,,1,1,
4750,6224.0,C,무의미하다,muuimihada,형,adjective,無意味-,Be nonsense,,1,1,
4751,6225.0,C,문구,mungu,명,noun,文句,"passage,paragraph",,1,1,
4752,6228.0,C,뭣,mwos,대,pronoun,,What (thing)?,,1,1,
4753,6230.0,C,미만,miman,명,noun,未滿,"under,below ; less than",,1,1,
4754,6240.0,C,백색,baeksaek,명,noun,白色,White,,1,1,
4755,6249.0,C,비바람,bibaram,명,noun,,Rain and wind,,1,1,
4756,6251.0,C,사기,sagi,명,noun,士氣,"morale,fighting spirit",,1,1,
4757,6252.0,C,사망하다,samanghada,동,verb,死亡-,"To decease,pass away",,1,1,
4758,6253.0,C,사무직,samujik,명,noun,事務職,Working in the office not in the factory,,1,1,
4759,6260.0,C,소질,sojil,명,noun,素質,"temperament,character",,1,1,
4760,6261.0,C,솜,som,명,noun,,Cotton,,1,1,
4761,6267.0,C,시디롬,sidirom,명,noun,CD-ROM,Cd-rom,,1,1,
4762,6268.0,C,식생활,siksaenghwal,명,noun,食生活,Dietary life,,1,1,
4763,6269.0,B,신호등,sinhodeung,명,noun,信號燈,"Signal light, blinker",,1,1,
4764,6270.0,B,신혼여행,sinhonyeohaeng,명,noun,新婚旅行,the honeymoon (the trip after the wedding),,1,1,
4765,6271.0,C,실,sil,명,noun,~을감다,Thread (to wind thread),,1,1,
4766,6272.0,B,씩씩하다,ssikssikhada,형,adjective,,"Be brave,valiant",,1,1,
4767,6275.0,C,연구실,yeongusil,명,noun,硏究室,A laboratory,,1,1,
4768,6279.0,B,월드컵,woldeukeop,명,noun,WorldCup,World cup,,1,1,
4769,6281.0,C,유머,yumeo,명,noun,humor,Humor,,1,1,
4770,6284.0,C,의류,uiryu,명,noun,衣類,"Clothes, dresses; clothing",,1,1,
4771,6293.0,B,입원,ibwon,명,noun,入院,Hospitalization,,1,1,
4772,6294.0,C,잊혀지다,ijhyeojida,동,verb,,To become forgotten,,1,1,
4773,6295.0,B,잘살다,jalsalda,동,verb,,"To be affluent, well-off",,1,1,
4774,6296.0,B,장가,jangga,명,noun,~가다,To get married,,1,1,
4775,6297.0,C,적응,jeogeung,명,noun,適應,Adaptation,,1,1,
4776,6302.0,C,정리되다,jeongridoeda,동,verb,整理-,To be adjusted,,1,1,
4777,6303.0,C,조,jo,의,noun,組,group,,3,2,surface_duplicate
4778,6307.0,B,졸업생,joreopsaeng,명,noun,卒業生,A graduate,,1,1,
4779,6308.0,B,죽다,jukda,보,auxiliary verb,심심해~,"(hyperbolic) to be unbearable, to be irresistible, to die of x",,2,2,surface_duplicate
4780,6312.0,C,창피하다,changpihada,형,adjective,猖披-,To be ashamed,,1,1,
4781,6318.0,B,친절,chinjeol,명,noun,親切,"Kindness, goodness",,1,1,
4782,6319.0,B,침실,chimsil,명,noun,寢室,Bedroom,,1,1,
4783,6321.0,A,태권도,taegwondo,명,noun,跆拳道,Tae kwon do,,1,1,
4784,6324.0,C,토론하다,toronhada,동,verb,討論-,"To debate, discuss",,1,1,
4785,6335.0,C,하나하나,hanahana,명,noun,,Each individual piece,,2,2,surface_duplicate
4786,6337.0,C,합하다,haphada,동,verb,合-,"Harmonize with, be in accord with",,1,1,
4787,6339.0,C,핸드백,haendeubaek,명,noun,handbag,Handbag,,1,1,
4788,6340.0,A,고기겹빵,gogigyeopppang,명,noun,,Hamburger,alternative: 햄버거,1,1,
4789,6349.0,C,가정교사,gajeonggyosa,명,noun,家庭敎師,Private tutor,,1,1,
4790,6352.0,A,감사,gamsa,명,noun,感謝,Thanks,,1,1,
4791,6362.0,C,공통적,gongtongjeok,명,noun,共通的,Commonly,,1,1,
4792,6363.0,C,교육자,gyoyukja,명,noun,敎育者,An educator,,1,1,
4793,6364.0,C,교재,gyojae,명,noun,敎材,Teaching material or insruction materials,,1,1,
4794,6372.0,B,기타,gita,명,noun,guitar,guitar,,2,2,surface_duplicate
4795,6374.0,C,길어지다,gireojida,동,verb,,To become long,,1,1,
4796,6375.0,C,깨소금,kkaesogeum,명,noun,,Powdered sesame mixed with salt,,1,1,
4797,6379.0,B,나빠지다,nappajida,동,verb,,To become worse,,1,1,
4798,6380.0,B,남,nam,명,noun,男,male,,3,2,surface_duplicate
4799,6382.0,C,놓아두다,nohaduda,동,verb,,"Leave as it is, let it be",,1,1,
4800,6387.0,C,대접하다,daejeophada,동,verb,待接-,"to treat, to serve (somebody)",,1,1,
4801,6394.0,B,두통,dutong,명,noun,頭痛,headache,,1,1,
4802,6399.0,C,뛰어내리다,ttwieonaerida,동,verb,,"jump down, leap down",,1,1,
4803,6405.0,C,무궁화,mugunghwa,명,noun,無窮花,The rose of Sharon,,1,1,
4804,6411.0,C,바이러스,baireoseu,명,noun,virus,Virus,,1,1,
4805,6413.0,C,방바닥,bangbadak,명,noun,房-,room’s floor,,1,1,
4806,6415.0,C,번거롭다,beongeoropda,형,adjective,,Be troublesome. 할 일이 많아서 아주 바쁘다,,1,1,
4807,6426.0,C,사냥,sanyang,명,noun,,"Hunting, a hunt",,1,1,
4808,6429.0,C,사회생활,sahoesaenghwal,명,noun,社會生活,Social life,,1,1,
4809,6435.0,B,설거지,seolgeoji,명,noun,,Dishwashing,,1,1,
4810,6441.0,B,수년,sunyeon,명,noun,數年,Several years,,1,1,
4811,6445.0,B,수출하다,suchulhada,동,verb,輸出-,To export,,1,1,
4812,6446.0,B,숙소,sukso,명,noun,宿所,one’s address,,1,1,
4813,6447.0,A,슈퍼마켓,syupeomakes,명,noun,supermarket,Supermarket,,1,1,
4814,6451.0,C,심리적,simrijeok,명,noun,心理的,Psychological,,1,1,
4815,6458.0,C,연기,yeongi,명,noun,延期,postponement,,3,3,surface_duplicate
4816,6463.0,C,위로,wiro,명,noun,慰勞,"consolation,solace",,1,1,
4817,6465.0,C,이용자,iyongja,명,noun,利用者,A user; visitor,,1,1,
4818,6468.0,C,입력하다,ipryeokhada,동,verb,入力-,To input (data into the computer),,1,1,
4819,6470.0,C,자격증,jagyeokjeung,명,noun,資格證,A qualification certificate,,1,1,
4820,6489.0,C,진료,jinryo,명,noun,診療,Medical examination and treatment,,1,1,
4821,6495.0,C,창가,changga,명,noun,窓-,"Next to a window, or, the window’s edge",,1,1,
4822,6498.0,C,초조하다,chojohada,형,adjective,焦燥-,"Be impatient, irritated",,1,1,
4823,6500.0,C,타다,tada,동,verb,물에~,to mix; to dilute; to water down,,4,4,surface_duplicate
4824,6507.0,B,한잔하다,hanjanhada,동,verb,­盞-,To drink a glass of liquor,,1,1,
4825,6508.0,C,함께하다,hamkkehada,동,verb,,"To do it together, with somebody",,1,1,
4826,6509.0,C,합격하다,hapgyeokhada,동,verb,合格-,To pass an exam,,1,1,
4827,6516.0,C,화장지,hwajangji,명,noun,化粧紙,Soft paper used when applying makeup,,1,1,
4828,6524.0,C,힘껏,himkkeos,부,adverb,,With all one’s might,,1,1,
4829,6526.0,B,가요,gayo,명,noun,歌謠,A song,,1,1,
4830,6530.0,B,감상,gamsang,명,noun,鑑賞,Appreciation,,1,1,
4831,6540.0,B,공짜,gongjja,명,noun,空-,"something gained free of charge, freebies",,1,1,
4832,6541.0,C,공통되다,gongtongdoeda,동,verb,共通-,To be common,,1,1,
4833,6550.0,B,그만하다,geumanhada,형,adjective,,Be about the same or be neither better nor worse,,1,1,
4834,6553.0,C,김,gim,의,noun,,"Seaweed, laver",,3,2,surface_duplicate
4835,6559.0,C,나들이,nadeuri,명,noun,,"Going out, an outing ; making a short visit to sb or somewhere",,1,1,
4836,6562.0,C,녹이다,nogida,동,verb,,"Melt, dissolve",,1,1,
4837,6565.0,C,눈가,nunga,명,noun,,The eye rims,,1,1,
4838,6572.0,C,도망,domang,명,noun,逃亡,Escape,,1,1,
4839,6575.0,C,동기,donggi,명,noun,同期,"same period, same time",,2,2,surface_duplicate
4840,6582.0,B,모기,mogi,명,noun,,A mosquito,,1,1,
4841,6585.0,C,미니,mini,명,noun,mini,Mini,,1,1,
4842,6590.0,C,방면,bangmyeon,명,noun,方面,Direction,,1,1,
4843,6592.0,C,법적,beopjeok,명,noun,法的,Legal,,1,1,
4844,6593.0,C,벤치,benchi,명,noun,bench,Bench,,1,1,
4845,6597.0,C,보수,bosu,명,noun,補修,"restoration, maintenance, repair",,2,2,surface_duplicate
4846,6603.0,B,볼일,boril,명,noun,,"business,errand,engagement",,1,1,
4847,6605.0,B,부끄러움,bukkeureoum,명,noun,,"shame,disgrace",,1,1,
4848,6608.0,A,비누,binu,명,noun,,Soap,,1,1,
4849,6609.0,C,비행,bihaeng,명,noun,非行,misconduct; delinquency,,2,2,surface_duplicate
4850,6610.0,C,빗줄기,bisjulgi,명,noun,,Great streaks of rain,,1,1,
4851,6614.0,C,사회학,sahoehak,명,noun,社會學,Social science,,1,1,
4852,6619.0,C,성적,seongjeok,명,noun,性的,sexual,,2,2,surface_duplicate
4853,6621.0,A,세수,sesu,명,noun,洗手,Hand-washing,,1,1,
4854,6627.0,C,순진하다,sunjinhada,형,adjective,純眞-,"To be naive,pure",,1,1,
4855,6628.0,B,스웨터,seuweteo,명,noun,sweater,Sweater,,1,1,
4856,6634.0,C,심심하다,simsimhada,형,adjective,지루하다,to be bored,,1,1,
4857,6640.0,C,어려워지다,eoryeowojida,동,verb,,To become difficult,,1,1,
4858,6642.0,B,여행사,yeohaengsa,명,noun,旅行社,Travel agency,,1,1,
4859,6647.0,C,올라서다,ollaseoda,동,verb,,Stand up,,1,1,
4860,6649.0,B,왼손,oenson,명,noun,,The right hand,,1,1,
4861,6655.0,B,유학생,yuhaksaeng,명,noun,留學生,A foreign student,,1,1,
4862,6656.0,C,은,eun,명,noun,銀,Silver,,1,1,
4863,6664.0,C,자리,jari,명,noun,~를깔다,"seat,spot",,2,2,surface_duplicate
4864,6668.0,B,잘생기다,jalsaenggida,형,adjective,,To be handsome,,1,1,
4865,6671.0,C,장애인,jangaein,명,noun,障碍人,A handicapped person,,1,1,
4866,6672.0,C,재활용품,jaehwaryongpum,명,noun,再活用品,A recycled product,,1,1,
4867,6673.0,C,저러다,jeoreoda,동,verb,,Like that,,1,1,
4868,6674.0,B,저리,jeori,부,adverb,저곳으로,That place,,1,1,
4869,6676.0,B,절약하다,jeoryakhada,동,verb,節約-,To economize,,1,1,
4870,6677.0,C,정반대,jeongbandae,명,noun,正反對,"Direct opposition, the exact reverse",,1,1,
4871,6680.0,C,조,jo,명,noun,組,"group, unit",,3,3,surface_duplicate
4872,6689.0,C,진동,jindong,명,noun,振動,"vibration,shake",,1,1,
4873,6693.0,A,찌개,jjigae,명,noun,,A pot stew,,1,1,
4874,6707.0,C,추천,chucheon,명,noun,推薦,A recommendation,,1,1,
4875,6720.0,C,학점,hakjeom,명,noun,學點,"A unit, a point, a credit",,1,1,
4876,6721.0,C,한가하다,hangahada,형,adjective,閑暇-,"To be free, not busy",,1,1,
4877,6725.0,B,합격,hapgyeok,명,noun,合格,Success in an examination,,1,1,
4878,6730.0,C,환영하다,hwanyeonghada,동,verb,歡迎-,To welcome,,1,1,
4879,6735.0,C,간접적,ganjeopjeok,명,noun,間接的,Indirect or mediate,,1,1,
4880,6736.0,B,갈다,galda,동,verb,바꾸다,"to change, to replace, to switch (in general)",,2,2,surface_duplicate
4881,6746.0,C,경영하다,gyeongyeonghada,동,verb,經營-,To manage or adminster,,1,1,
4882,6752.0,C,그리움,geurium,명,noun,,Yearning or affection,,1,1,
4883,6754.0,C,그사이,geusai,명,noun,,The while or the meantime,,1,1,
4884,6757.0,C,기념하다,ginyeomhada,동,verb,記念-,Commemorate,,1,1,
4885,6758.0,B,기도,gido,명,noun,祈禱,A prayer,,1,1,
4886,6760.0,B,길거리,gilgeori,명,noun,,A street,,1,1,
4887,6761.0,B,꽃잎,kkoccip,명,noun,,A petal,,1,1,
4888,6766.0,A,넥타이,nektai,명,noun,necktie,Necktie,,1,1,
4889,6770.0,C,대강,daegang,부,adverb,大綱,General principles,,1,1,
4890,6775.0,C,독립하다,dokriphada,동,verb,獨立-,To become independent,,1,1,
4891,6776.0,B,돌려주다,dollyeojuda,동,verb,,"return, repay",,1,1,
4892,6779.0,C,들이마시다,deurimasida,동,verb,숨을~,"breathe in, inhale",,1,1,
4893,6780.0,C,뛰어오르다,ttwieooreuda,동,verb,,"jump up, bounce, skyrocket, soar",,1,1,
4894,6781.0,B,라이터,raiteo,명,noun,lighter,lighter,,1,1,
4895,6784.0,A,매일,maeil,명,noun,每日,Every day,,2,2,surface_duplicate
4896,6790.0,C,문밖,munbakk,명,noun,門-,Outside the door,,1,1,
4897,6796.0,C,방송하다,bangsonghada,동,verb,放送-,Broadcast,,1,1,
4898,6802.0,C,보충하다,bochunghada,동,verb,補充-,"replenish,replace,fillup",,1,1,
4899,6812.0,C,불완전하다,burwanjeonhada,형,adjective,不完全-,To be imerfect,,1,1,
4900,6813.0,C,불평,bulpyeong,명,noun,不平,Dissatisfaction,,1,1,
4901,6815.0,C,붐비다,bumbida,동,verb,,"Be congested,crowded ; to be full of",,1,1,
4902,6824.0,B,생활환경,saenghwalhwangyeong,명,noun,生活環境,Life environment,,1,1,
4903,6826.0,C,서명,seomyeong,명,noun,署名,"signing,autographing",,1,1,
4904,6830.0,C,손등,sondeung,명,noun,,The back of the hand,,1,1,
4905,6842.0,C,역사학,yeoksahak,명,noun,歷史學,The study of history,,1,1,
4906,6844.0,C,영,yeong,부,adverb,~딴판이다,"Really, totally",,1,1,
4907,6846.0,B,오리,ori,명,noun,동물,Duck,,1,1,
4908,6848.0,C,요리사,yorisa,명,noun,料理師,"A chef, a cook",,1,1,
4909,6851.0,C,원,won,감,interjection,,"A unit of south korean money, KRW",,3,3,surface_duplicate
4910,6852.0,C,원서,wonseo,명,noun,願書,"An application, a written request",,1,1,
4911,6854.0,A,월,wol,의,noun,月,A month,,1,1,
4912,6861.0,C,이론적,ironjeok,명,noun,理論的,Theoretical,,1,1,
4913,6864.0,C,이제야,ijeya,부,adverb,,These days,,1,1,
4914,6871.0,C,임신하다,imsinhada,동,verb,妊娠-,To be pregnant,,1,1,
4915,6872.0,B,입원하다,ibwonhada,동,verb,入院-,To enter a hospital,,1,1,
4916,6876.0,C,자취,jachwi,명,noun,,"A trace,vestige",,1,1,
4917,6877.0,C,잠그다,jamgeuda,동,verb,서랍을~,To lock,,1,1,
4918,6878.0,A,잡수시다,japsusida,동,verb,,"eat,drink",,1,1,
4919,6879.0,B,장난감,jangnangam,명,noun,,A toy,,1,1,
4920,6880.0,C,장례,jangrye,명,noun,葬禮,A funeral,,1,1,
4921,6884.0,B,전기밥솥,jeongibapsot,명,noun,,Electric rice cooker,,1,1,
4922,6894.0,C,지금껏,jigeumkkeos,부,adverb,只今-,"So far, till now",,1,1,
4923,6896.0,C,지름길,jireumgil,명,noun,,A shortcut,,1,1,
4924,6897.0,C,지진,jijin,명,noun,地震,Earthquake,,1,1,
4925,6901.0,C,참석자,chamseokja,명,noun,參席者,Persons present,,1,1,
4926,6902.0,C,창구,changgu,명,noun,窓口,A window,,1,1,
4927,6907.0,C,최저,choejeo,명,noun,最低,"The lowest, the minimum/lowest price",,1,1,
4928,6915.0,C,코미디,komidi,명,noun,comedy,Comedy,,1,1,
4929,6918.0,C,튀기다,twigida,동,verb,물방울을~,"To fry; splash, splatter",,1,1,
4930,6926.0,C,필수,pilsu,명,noun,必須,"necessary,indispensable",,1,1,
4931,6928.0,B,하품,hapum,명,noun,,Yawning,,1,1,
4932,6930.0,A,조선말,joseonmal,명,noun,朝鮮말,Korean (language),alternative:  한국말 (Hanja: 韓國말),2,2,surface_duplicate
4933,6939.0,C,횟수,hoessu,명,noun,回數,"The number of times, the frequency",,1,1,
4934,6941.0,C,흐리다,heurida,동,verb,물을~,"(air, water, material) to be unclear, impure, turbid, muddy",,2,2,surface_duplicate
4935,6942.0,C,가능,ganeung,명,noun,可能,Possibility,,1,1,
4936,6946.0,C,값싸다,gapsssada,형,adjective,,Cheap or low-priced,,1,1,
4937,6951.0,A,계란,gyeran,명,noun,鷄卵,A chicken egg,,1,1,
4938,6961.0,B,교문,gyomun,명,noun,校門,A school gate,,1,1,
4939,6963.0,B,권투,gwontu,명,noun,拳鬪,Boxing or K1,,1,1,
4940,6969.0,C,긴장감,ginjanggam,명,noun,緊張感,Feeling of tension,,1,1,
4941,6970.0,C,김,gim,명,noun,~이서리다,steam; vapor,,3,3,surface_duplicate
4942,6980.0,A,넷,nes,수,numeral,,4.0,,1,1,
4943,6989.0,C,뒤편,dwipyeon,명,noun,-便,"behind, back side, back of something",,1,1,
4944,6994.0,C,매달다,maedalda,동,verb,,"Bind up, hang: 묶어서 드리우거나 걸다.",,1,1,
4945,6995.0,C,매주,maeju,부,adverb,每週,Every week,,1,1,
4946,7002.0,C,문제되다,munjedoeda,동,verb,問題-,Become a problem,,1,1,
4947,7013.0,B,받침,batchim,명,noun,,"Support, prop",,1,1,
4948,7023.0,B,북,buk,명,noun,北,North,,1,1,
4949,7026.0,C,불이익,buriik,명,noun,不利益,"disadvantage,drawback",,1,1,
4950,7027.0,C,불필요하다,bulpiryohada,형,adjective,不必要-,To be unnecessary,,1,1,
4951,7034.0,C,산부인과,sanbuingwa,명,noun,産婦人科,Obstetrics and gynecology,,1,1,
4952,7036.0,C,새우다,saeuda,동,verb,밤을~,Sit up all night,,1,1,
4953,7038.0,C,서명하다,seomyeonghada,동,verb,署名-,To sign,,1,1,
4954,7045.0,C,수,su,명,noun,방법,"way, method, Number",,3,3,surface_duplicate
4955,7046.0,B,수고하다,sugohada,동,verb,,To work hard,,1,1,
4956,7049.0,B,수학,suhak,명,noun,修學,study or learn (a discipline),,2,2,surface_duplicate
4957,7054.0,C,신부,sinbu,명,noun,神父,"(religion) father, priest",,2,2,surface_duplicate
4958,7057.0,C,쓸데없다,sseuldeeopsda,형,adjective,,To be useless,,1,1,
4959,7058.0,B,아뇨,anyo,감,interjection,,"No, nay",,1,1,
4960,7059.0,B,아래쪽,araejjok,명,noun,,"The lower part, the bottom",,1,1,
4961,7060.0,C,아스팔트,aseupalteu,명,noun,asphalt,Asphalt,,1,1,
4962,7061.0,C,아하,aha,감,interjection,,Dear me! Goodness!,,1,1,
4963,7066.0,C,알코올,alkool,명,noun,alcohol,Alcohol,,1,1,
4964,7068.0,B,액세서리,aekseseori,명,noun,accessory,Accessory,,1,1,
4965,7071.0,A,에어컨,eeokeon,명,noun,airconditioner,Air conditioner,,1,1,
4966,7074.0,B,염려하다,yeomryeohada,동,verb,念慮-,"To worry, be anxious about",,1,1,
4967,7076.0,B,오이,oi,명,noun,,Cucumber,,1,1,
4968,7078.0,B,외삼촌,oesamchon,명,noun,外三寸,An uncle on one’s mother’s side,,1,1,
4969,7079.0,C,요,yo,관,attributive,~근방,Right near at hand,,1,1,
4970,7082.0,C,웃음소리,useumsori,명,noun,,The sound of laughing,,1,1,
4971,7086.0,B,위쪽,wijjok,명,noun,,The upper direction,,1,1,
4972,7093.0,B,음료수,eumryosu,명,noun,飮料水,Drinking water,,1,1,
4973,7102.0,C,인쇄,inswae,명,noun,印刷,"printing,typography",,1,1,
4974,7107.0,C,잔디,jandi,명,noun,,Lawn,,1,1,
4975,7110.0,C,전세,jeonse,명,noun,傳貰,renting with a big downpayment and not paying month to month,,1,1,
4976,7116.0,C,조깅,joging,명,noun,jogging,Jogging,,1,1,
4977,7129.0,A,초대,chodae,명,noun,招待,An invitation,,2,1,surface_duplicate
4978,7133.0,C,치다,chida,동,verb,폭풍우가~,"rain, snow, blow, pour",,4,4,surface_duplicate
4979,7134.0,B,캠퍼스,kaempeoseu,명,noun,campus,Campus,,1,1,
4980,7136.0,B,터널,teoneol,명,noun,tunnel,Tunnel,,1,1,
4981,7138.0,B,통,tong,의,noun,通,"flow, pass, circulate",,2,2,surface_duplicate
4982,7139.0,C,퇴직금,toejikgeum,명,noun,退職金,Retirement grants,,1,1,
4983,7153.0,B,환갑,hwangap,명,noun,還甲,one’s 60th anniversary,,1,1,
4984,7158.0,C,가만있다,gamanissda,동,verb,,Remain still or motionless,,1,1,
4985,7160.0,C,간편하다,ganpyeonhada,형,adjective,簡便-,Simplicity or convenience,,1,1,
4986,7161.0,C,감동적,gamdongjeok,명,noun,感動的,Sensational,,1,1,
4987,7167.0,B,건너오다,geonneooda,동,verb,,To come across to this side of something,,1,1,
4988,7182.0,B,관광지,gwangwangji,명,noun,觀光地,Tourist area,,1,1,
4989,7185.0,C,교복,gyobok,명,noun,校服,School uniform,,1,1,
4990,7186.0,B,교포,gyopo,명,noun,僑胞,A Korean living abroad,,1,1,
4991,7188.0,C,귀가하다,gwigahada,동,verb,歸家-,To return home,,1,1,
4992,7201.0,C,날아다니다,naradanida,동,verb,,Fly about,,1,1,
4993,7211.0,C,더더욱,deodeouk,부,adverb,,"even more, much more",,1,1,
4994,7221.0,B,등록금,deungrokgeum,명,noun,登錄金,"tuition, registration fee",,1,1,
4995,7224.0,B,뛰어다니다,ttwieodanida,동,verb,,run around,,1,1,
4996,7225.0,C,마음씨,maeumssi,명,noun,,"Disposition, nature",,1,1,
4997,7226.0,B,만,man,관,attributive,滿.~3개월,"only; As many as, full, complete",,5,4,surface_duplicate
4998,7231.0,B,메모,memo,명,noun,memo,Memo,,1,1,
4999,7234.0,B,몇십,myeoccsip,관,attributive,,In the tens,,1,1,
5000,7238.0,C,몸매,mommae,명,noun,,one’s figure,,1,1,
5001,7239.0,B,몸무게,mommuge,명,noun,,Body weight,,1,1,
5002,7240.0,C,무관심,mugwansim,명,noun,無關心,"Indifference, unconcern",,1,1,
5003,7246.0,C,반짝이다,banjjagida,동,verb,,"Shine, glitter",,1,1,
5004,7249.0,B,배달,baedal,명,noun,配達,delivery; distribution,,1,1,
5005,7250.0,B,번역,beonyeok,명,noun,飜譯,Translation,,1,1,
5006,7256.0,C,부인,buin,명,noun,婦人,"A woman, a lady",,2,2,surface_duplicate
5007,7258.0,C,분주하다,bunjuhada,형,adjective,奔走-,"Be busy,crowded",,1,1,
5008,7262.0,B,비닐봉지,binilbongji,명,noun,vinyl封紙,Plastic bag,,1,1,
5009,7264.0,C,비판적,bipanjeok,명,noun,批判的,Critical,,1,1,
5010,7266.0,C,뺏다,ppaesda,동,verb,,Straight,,1,1,
5011,7270.0,A,사전,sajeon,명,noun,辭典,dictionary,,2,2,surface_duplicate
5012,7274.0,B,서랍,seorap,명,noun,,A drawer,,1,1,
5013,7278.0,B,소나기,sonagi,명,noun,,A sudden rain shower,,1,1,
5014,7280.0,C,소중히,sojunghi,부,adverb,所重-,"seriously,with care",,1,1,
5015,7281.0,B,손잡이,sonjabi,명,noun,,"A handle,knob",,1,1,
5016,7283.0,C,수도꼭지,sudokkokji,명,noun,水道-,"A faucet,tap",,1,1,
5017,7291.0,A,실례,sillye,명,noun,失禮,"rudeness,impolite",,1,1,
5018,7292.0,C,싸구려,ssaguryeo,명,noun,,"cheap,inferior (a bargain)",,1,1,
5019,7294.0,A,안녕,annyeong,감,interjection,安寧,hello/goodbye,,1,1,
5020,7295.0,B,안되다,andoeda,형,adjective,마음이언짢다,"(to be) sorry, to feel regretful (about something negative)",,2,2,surface_duplicate
5021,7298.0,A,약국,yakguk,명,noun,藥局,Pharmacy,,1,1,
5022,7303.0,C,어찌나,eojjina,부,adverb,,"extremely,quite,awfully",,1,1,
5023,7304.0,C,엉터리,eongteori,명,noun,,"Fake, sham",,1,1,
5024,7311.0,B,연하다,yeonhada,형,adjective,軟-,"Tender, soft, mild",,1,1,
5025,7321.0,B,원숭이,wonsungi,명,noun,,A monkey,,1,1,
5026,7323.0,C,위법,wibeop,명,noun,違法,"illegality,a breach of the law",,1,1,
5027,7325.0,C,육체적,yukchejeok,명,noun,肉體的,"Corporeal, of the flesh",,1,1,
5028,7327.0,C,음력,eumryeok,명,noun,陰曆,The lunar calendar,,1,1,
5029,7339.0,B,이혼,ihon,명,noun,離婚,Divorce,,1,1,
5030,7343.0,B,일회용,ilhoeyong,명,noun,一回用,For one time use,,1,1,
5031,7353.0,C,잔디밭,jandibat,명,noun,,"lawn,grass",,1,1,
5032,7355.0,C,저기,jeogi,감,interjection,,"That place, there",,2,2,surface_duplicate
5033,7358.0,C,전문직,jeonmunjik,명,noun,專門職,Specialty job,,1,1,
5034,7360.0,B,전화기,jeonhwagi,명,noun,電話機,Telephone receiver,,1,1,
5035,7366.0,C,제출,jechul,명,noun,提出,"presentation,submission",,1,1,
5036,7371.0,A,지난주,jinanju,명,noun,-週,Last week,,1,1,
5037,7378.0,B,진달래,jindallae,명,noun,,Azalea,,1,1,
5038,7383.0,C,쪽,jjok,의,noun,부분,"a part, piece",,3,3,surface_duplicate
5039,7385.0,C,찌다,jjida,동,verb,떡을~,"(transitive) to steam (food), to cook with steam",,2,1,surface_duplicate
5040,7386.0,B,차남,chanam,명,noun,次男,one’s second eldest son,,1,1,
5041,7387.0,C,채점,chaejeom,명,noun,採點,"marking,grading,scoring",,1,1,
5042,7397.0,C,침착하다,chimchakhada,형,adjective,沈着-,"Self-possession, composure",,1,1,
5043,7398.0,C,캄캄하다,kamkamhada,형,adjective,,To be pitch-black,,1,1,
5044,7401.0,C,타자기,tajagi,명,noun,打字機,A typewriter,,1,1,
5045,7407.0,B,팬티,paenti,명,noun,panties,Panties (male and female underwear),,1,1,
5046,7409.0,B,편히,pyeonhi,부,adverb,便-,"Easily, comfortably",,1,1,
5047,7410.0,C,포인트,pointeu,명,noun,point,Point,,1,1,
5048,7411.0,C,포크,pokeu,명,noun,fork,Fork,,1,1,
5049,7417.0,C,한밤중,hanbamjung,명,noun,-中,"Midnight, middle of the night",,1,1,
5050,7430.0,C,효도,hyodo,명,noun,孝道,Filial piety,,1,1,
5051,7434.0,B,가구,gagu,명,noun,家具,furniture,,2,2,surface_duplicate
5052,7438.0,A,간호사,ganhosa,명,noun,看護師,Nurse,,1,1,
5053,7440.0,B,개나리,gaenari,명,noun,,A forsythia or a golden-bell tree,,1,1,
5054,7445.0,A,고등학생,godeunghaksaeng,명,noun,高等學生,High school student,,1,1,
5055,7448.0,B,골목길,golmokgil,명,noun,,An alley,,1,1,
5056,7453.0,C,관람객,gwanramgaek,명,noun,觀覽客,"spectator, visitor, audience",,1,1,
5057,7459.0,C,귀가,gwiga,명,noun,歸家,Returning home,,1,1,
5058,7460.0,C,그리워하다,geuriwohada,동,verb,,Yearn or be attached to,,1,1,
5059,7464.0,B,기억나다,gieoknada,동,verb,記憶-,To memorize,,1,1,
5060,7466.0,B,기침,gichim,명,noun,,Coughing,,1,1,
5061,7474.0,B,노랫소리,noraessori,명,noun,,A singing voice,,1,1,
5062,7476.0,A,다섯,daseos,수,numeral,,5.0,,1,1,
5063,7478.0,A,닭고기,talkgogi,명,noun,,Chicken meat for eating,,1,1,
5064,7487.0,B,대학교수,daehakgyosu,명,noun,大學敎授,University professor,,1,1,
5065,7497.0,C,뒷문,dwismun,명,noun,-門,back door,,1,1,
5066,7500.0,C,딸아이,ttarai,명,noun,,Daughter,,1,1,
5067,7503.0,B,레몬,remon,명,noun,lemon,lemon,,1,1,
5068,7505.0,C,만족스럽다,manjokseureopda,형,adjective,滿足-,Satisfied,,1,1,
5069,7516.0,C,미움,mium,명,noun,,Hatred,,1,1,
5070,7518.0,C,바가지,bagaji,명,noun,,A gourd dipper,,1,1,
5071,7521.0,C,발끝,balkkeut,명,noun,,On tiptoes,,1,1,
5072,7523.0,B,배꼽,baekkop,명,noun,,The navel,,1,1,
5073,7524.0,C,병실,byeongsil,명,noun,病室,An infirmary,,1,1,
5074,7527.0,C,봉사하다,bongsahada,동,verb,奉仕-,"serve,render service",,1,1,
5075,7536.0,C,비행장,bihaengjang,명,noun,飛行場,An airfield,,1,1,
5076,7539.0,B,사랑스럽다,sarangseureopda,형,adjective,,Lovely,,1,1,
5077,7561.0,A,숟가락,sutgarak,명,noun,,A spoon,,1,1,
5078,7562.0,B,술병,sulbyeong,명,noun,-甁,A bottle of alcohol,,1,1,
5079,7564.0,C,습기,seupgi,명,noun,濕氣,"moisture,humidity",,1,1,
5080,7571.0,B,쓰이다,sseuida,동,verb,글이~,To be written,,2,2,surface_duplicate
5081,7581.0,B,엽서,yeopseo,명,noun,葉書,A postcard,,1,1,
5082,7583.0,C,예보,yebo,명,noun,豫報,"forecast,predict",,1,1,
5083,7586.0,A,요일,yoil,명,noun,曜日,A day of the week not the weekend,,1,1,
5084,7587.0,B,욕실,yoksil,명,noun,浴室,"A bathroom,a bath",,1,1,
5085,7588.0,C,용감하다,yonggamhada,형,adjective,勇敢-,"To be brave, courageous",,1,1,
5086,7592.0,B,운전기사,unjeongisa,명,noun,運轉技士,The driver,,1,1,
5087,7594.0,C,위험성,wiheomseong,명,noun,危險性,"riskiness,jeapordy",,1,1,
5088,7599.0,C,익다,ikda,형,adjective,손에~,"to be skilled, to be experienced, to be familiar",,2,2,surface_duplicate
5089,7600.0,A,일,il,수,numeral,一,one,,3,3,surface_duplicate
5090,7605.0,B,장마,jangma,명,noun,,The rainy spell in the summer,,1,1,
5091,7606.0,C,재학,jaehak,명,noun,在學,"To be in school, be attending school",,1,1,
5092,7608.0,A,저,jeo,대,pronoun,멀리있는대상,That,,4,4,surface_duplicate
5093,7610.0,C,전기,jeongi,명,noun,傳記,biography,,3,3,surface_duplicate
5094,7612.0,C,전시하다,jeonsihada,동,verb,展示-,To display,,1,1,
5095,7616.0,C,정기적,jeonggijeok,명,noun,定期的,"fixed,regular (time sth)",,1,1,
5096,7619.0,C,종교적,jonggyojeok,명,noun,宗敎的,Of religions,,1,1,
5097,7620.0,C,주관적,jugwanjeok,명,noun,主觀的,Subjective,,1,1,
5098,7629.0,C,직장인,jikjangin,명,noun,職場人,A worker,,1,1,
5099,7630.0,C,진심,jinsim,명,noun,眞心,"The whole heart, sincerity",,1,1,
5100,7634.0,A,질문하다,jilmunhada,동,verb,質問-,Ask a person a question,,1,1,
5101,7637.0,B,짧아지다,jjalpajida,동,verb,,To become short,,1,1,
5102,7638.0,B,찌다,jjida,동,verb,살이~,"(intransitive) to get fat, to gain weight",,2,2,surface_duplicate
5103,7640.0,B,책가방,chaekgabang,명,noun,冊-,Bookbag,,1,1,
5104,7643.0,C,천국,cheonguk,명,noun,天國,Heaven,,1,1,
5105,7649.0,A,치약,chiyak,명,noun,齒藥,Toothpaste,,1,1,
5106,7651.0,C,큰절,keunjeol,명,noun,,A deep bow,,1,1,
5107,7663.0,C,학과,hakgwa,명,noun,學科,A department in a college,,1,1,
5108,7678.0,C,후회,huhoe,명,noun,後悔,"repentance,regret",,1,1,
5109,7683.0,C,강조,gangjo,명,noun,强調,Emphasis or stress,,1,1,
5110,7687.0,C,게시판,gesipan,명,noun,揭示板,A notice board or a bulletin board,,1,1,
5111,7696.0,C,공통점,gongtongjeom,명,noun,共通點,A common point or a common feature,,1,1,
5112,7701.0,C,과외,gwaoe,명,noun,課外,Extracurricular work,,1,1,
5113,7703.0,C,교내,gyonae,명,noun,校內,Inside the school,,1,1,
5114,7705.0,C,구15,gu15,명,noun,區,Ward or district,,1,1,
5115,7714.0,A,금요일,geumyoil,명,noun,金曜日,Friday,,1,1,
5116,7720.0,A,김밥,gimbap,명,noun,,Roll of rice and vegetables,,1,1,
5117,7728.0,C,내적,naejeok,명,noun,內的,Internal,,1,1,
5118,7731.0,B,놀이터,noriteo,명,noun,,Playground,,1,1,
5119,7736.0,B,다녀가다,danyeogada,동,verb,,Drop in for a short visit,,1,1,
5120,7738.0,B,답장,dapjang,명,noun,答狀,answer; written reply,,1,1,
5121,7749.0,B,때때로,ttaettaero,부,adverb,,sometimes,,1,1,
5122,7753.0,C,뜨다,tteuda,동,verb,떠나다,"(transitive or intransitive) to leave, to depart",,3,3,surface_duplicate
5123,7756.0,C,마라톤,maraton,명,noun,marathon,Marathon,,1,1,
5124,7759.0,C,매스컴,maeseukeom,명,noun,masscommunication,Mass communication,,1,1,
5125,7767.0,C,무,mu,명,noun,無,"non-, un-, a-; a prefix marking an absence of something",,2,2,surface_duplicate
5126,7769.0,C,묵다,mukda,동,verb,머무르다,"to stay (at a place), to lodge",,2,2,surface_duplicate
5127,7773.0,A,바나나,banana,명,noun,banana,Banana,,1,1,
5128,7776.0,B,발등,baldeung,명,noun,,The instep of the foot,,1,1,
5129,7778.0,C,밤새,bamsae,명,noun,~안녕하셨습니까,All night,,1,1,
5130,7784.0,C,별일,byeoril,명,noun,別-,A particular thing,,1,1,
5131,7785.0,C,보내오다,bonaeoda,동,verb,,받다 receive,,1,1,
5132,7789.0,C,부채,buchae,명,noun,,"A debt,liabilities",,1,1,
5133,7791.0,C,불법,bulbeop,명,noun,佛法,Buddhism,,2,2,surface_duplicate
5134,7795.0,B,블라우스,beullauseu,명,noun,blouse,Blouse,,1,1,
5135,7800.0,C,사업가,saeopga,명,noun,事業家,"businessman, entrepreneur",,1,1,
5136,7801.0,B,사이좋다,saijohda,형,adjective,,Be on good terms with,,1,1,
5137,7811.0,C,세상에,sesange,감,interjection,世上-,In the world,,1,1,
5138,7816.0,C,수고,sugo,명,noun,,"toil,labor,pains",,1,1,
5139,7818.0,A,수요일,suyoil,명,noun,水曜日,Wednesday,,1,1,
5140,7822.0,B,슬퍼하다,seulpeohada,동,verb,,"sorrow,feel sad",,1,1,
5141,7823.0,C,시금치,sigeumchi,명,noun,,Spinach,,1,1,
5142,7828.0,C,신청서,sincheongseo,명,noun,申請書,"Application, application form",,1,1,
5143,7835.0,B,쓰레기통,sseuregitong,명,noun,-桶,Garbage can,,1,1,
5144,7836.0,C,아랫사람,araessaram,명,noun,,Subordinate,,1,1,
5145,7838.0,B,앞쪽,apjjok,명,noun,,"The front, the fore part",,1,1,
5146,7840.0,C,앨범,aelbeom,명,noun,album,Album,,1,1,
5147,7841.0,C,양,yang,명,noun,羊,sheep,,4,4,surface_duplicate
5148,7848.0,C,여전하다,yeojeonhada,형,adjective,如前-,"Be unchanged, the same as before",,1,1,
5149,7853.0,C,영남,yeongnam,명,noun,嶺南,The southeastern part of Korea,,1,1,
5150,7857.0,C,옥상,oksang,명,noun,屋上,On the roof,,1,1,
5151,7860.0,B,왼발,oenbal,명,noun,,The right foot,,1,1,
5152,7864.0,A,운전하다,unjeonhada,동,verb,運轉-,To drive,,1,1,
5153,7868.0,C,위,wi,명,noun,胃,stomach,,3,3,surface_duplicate
5154,7883.0,B,일기,ilgi,명,noun,日氣,weather,,2,2,surface_duplicate
5155,7884.0,C,일자리,iljari,명,noun,,"A job, position",,1,1,
5156,7890.0,C,자매,jamae,명,noun,姉妹,Sisters,,1,1,
5157,7897.0,B,저번,jeobeon,명,noun,這番,"Last time, the other day",,1,1,
5158,7900.0,C,전시장,jeonsijang,명,noun,展示場,An exhibition hall,,1,1,
5159,7904.0,C,절약,jeoryak,명,noun,節約,"thrift,savings,economy",,1,1,
5160,7906.0,B,정답,jeongdap,명,noun,正答,The right answer,,1,1,
5161,7907.0,C,정오,jeongo,명,noun,正午,Noon,,1,1,
5162,7909.0,C,제대하다,jedaehada,동,verb,除隊-,Be discharged from the military,,1,1,
5163,7913.0,B,졸다,jolda,동,verb,,"doze,take a nap",,1,1,
5164,7918.0,C,즉석,jeukseok,명,noun,卽席,"instantly,impromptu",,1,1,
5165,7920.0,C,지방,jibang,명,noun,脂肪,"fat, grease",,2,2,surface_duplicate
5166,7924.0,C,차차,chacha,부,adverb,次次,Gradually,,1,1,
5167,7930.0,C,추측,chucheuk,명,noun,推測,"Guess, conjecture",,1,1,
5168,7933.0,C,충고,chunggo,명,noun,忠告,"Advice, counsel, suggestion",,1,1,
5169,7939.0,B,코피,kopi,명,noun,,A nose bleed,,1,1,
5170,7943.0,C,턱,teok,의,noun,알~이없다,"a cause; a reason; a possibility (used only to emphasize that no such thing exists) as in ""to have no idea/ to have no clue""",,2,2,surface_duplicate
5171,7946.0,C,팩시밀리,paeksimilli,명,noun,facsimile,"Facximile, fax",,1,1,
5172,7956.0,C,한낮,hannaj,명,noun,,Noon,,1,1,
5173,7958.0,B,할인,harin,명,noun,割引,A discount,,1,1,
5174,7971.0,C,가득히,gadeukhi,부,adverb,,Full,,1,1,
5175,7977.0,C,간호,ganho,명,noun,看護,Nursing or care,,1,1,
5176,7979.0,C,갑,gap,명,noun,匣,1) The first 2) the former,,1,1,
5177,7984.0,C,건너,geonneo,명,noun,,The other or opposite side,,1,1,
5178,7985.0,C,걷다,geotda,동,verb,빨래를~,(of sheets) to fold up,,3,3,surface_duplicate
5179,7987.0,C,겁나다,geopnada,동,verb,怯-,Be frightened or scared,,1,1,
5180,7996.0,B,고구마,goguma,명,noun,,Sweet potato,,1,1,
5181,8014.0,B,국기,gukgi,명,noun,國旗,The national flag,,1,1,
5182,8018.0,C,금메달,geummedal,명,noun,金medal,Gold medal,,1,1,
5183,8031.0,A,노트,noteu,명,noun,note,A note,,1,1,
5184,8033.0,C,눈감다,nungamda,동,verb,,Close the eyes,,1,1,
5185,8034.0,C,눈뜨다,nuntteuda,동,verb,,Open one’s eyes,,1,1,
5186,8043.0,C,대입,daeip,명,noun,大入,"abbreviated word for ""college entrance.""",,1,1,
5187,8044.0,B,대화하다,daehwahada,동,verb,對話-,To converse,,1,1,
5188,8045.0,C,도마,doma,명,noun,,A chopping board,,1,1,
5189,8050.0,C,동화책,donghwachaek,명,noun,童話冊,A fairy tale,,1,1,
5190,8053.0,A,딸기,ttalgi,명,noun,,strawberry,,1,1,
5191,8054.0,C,땅바닥,ttangbadak,명,noun,,bare ground,,1,1,
5192,8064.0,C,모집하다,mojiphada,동,verb,募集-,Call/appeal for,,1,1,
5193,8071.0,B,미워하다,miwohada,동,verb,,Dislike,,1,1,
5194,8076.0,C,밤색,bamsaek,명,noun,-色,"Chestnut color, maroon",,1,1,
5195,8077.0,B,밥맛,bapmas,명,noun,,Appetite,,1,1,
5196,8079.0,C,배우자,baeuja,명,noun,配偶者,"A mate, life partner",,1,1,
5197,8085.0,B,복사,boksa,명,noun,複寫,Reproduction,,1,1,
5198,8090.0,B,볶음밥,bokkeumbap,명,noun,,Frizzled rice,,1,1,
5199,8113.0,B,성별,seongbyeol,명,noun,性別,Sex distinction,,1,1,
5200,8116.0,B,세탁,setak,명,noun,洗濯,Laundry,,1,1,
5201,8117.0,B,소문나다,somunnada,동,verb,所聞-,A rumor starts,,1,1,
5202,8118.0,B,소용없다,soyongeopsda,형,adjective,所用-,To be useless,,1,1,
5203,8120.0,C,속상하다,soksanghada,형,adjective,-傷-,Be distressing,,1,1,
5204,8121.0,B,손수건,sonsugeon,명,noun,-手巾,A handkerchief,,1,1,
5205,8122.0,B,송아지,songaji,명,noun,,"A calf,baby cow",,1,1,
5206,8124.0,B,수돗물,sudosmul,명,noun,水道-,Tap water,,1,1,
5207,8126.0,C,수만,suman,관,attributive,數萬,Tens of thousands,,1,1,
5208,8129.0,C,수입되다,suipdoeda,동,verb,輸入-,To be imported,,1,1,
5209,8130.0,C,수입품,suippum,명,noun,輸入品,An imported product,,1,1,
5210,8134.0,B,술자리,suljari,명,noun,,A banquet,,1,1,
5211,8140.0,C,식기,sikgi,명,noun,食器,An eating vessel,,1,1,
5212,8146.0,C,싼값,ssangaps,명,noun,,A low price,,1,1,
5213,8153.0,C,안,an,명,noun,案,"idea, suggestion, opinion, thought",,3,3,surface_duplicate
5214,8154.0,C,안부,anbu,명,noun,安否,"safety,welfare",,1,1,
5215,8157.0,C,양주,yangju,명,noun,洋酒,Foreign wine/liquors,,1,1,
5216,8160.0,B,어린이날,eorininal,명,noun,,Children’s Day (may 5th),,1,1,
5217,8168.0,C,영화배우,yeonghwabaeu,명,noun,映畵俳優,Movie actor,,1,1,
5218,8169.0,B,오른발,oreunbal,명,noun,,The right foot,,1,1,
5219,8173.0,C,용서,yongseo,명,noun,容恕,"pardon,forgiveness",,1,1,
5220,8177.0,C,우편,upyeon,명,noun,郵便,"post,mail",,1,1,
5221,8189.0,B,이사하다,isahada,동,verb,移徙-,To move house,,1,1,
5222,8191.0,B,일등,ildeung,명,noun,一等,"First class, first class/grade",,1,1,
5223,8198.0,B,작아지다,jagajida,동,verb,,Become smaller,,1,1,
5224,8205.0,C,정장,jeongjang,명,noun,正裝,"Full dress, uniform",,1,1,
5225,8210.0,C,좁히다,jophida,동,verb,,"Make narrow,restrict",,1,1,
5226,8212.0,C,좋아,joha,감,interjection,,“That’s good”,,1,1,
5227,8218.0,C,죽,juk,부,adverb,줄을~긋다,in a manner arranged in a row; while arranging in a row,,2,2,surface_duplicate
5228,8219.0,B,줄무늬,julmunui,명,noun,,A stripe,,1,1,
5229,8224.0,C,지워지다,jiwojida,동,verb,,To be erased,,1,1,
5230,8225.0,C,지저분하다,jijeobunhada,형,adjective,,"Be messy, soiled, dirty",,1,1,
5231,8226.0,C,진통,jintong,명,noun,陣痛,"Labor pains, travail",,1,1,
5232,8229.0,C,찬성하다,chanseonghada,동,verb,贊成-,"To approve, support (a plan)",,1,1,
5233,8231.0,C,참석,chamseok,명,noun,參席,"Attendance, participation",,1,1,
5234,8235.0,A,초콜릿,chokollis,명,noun,chocolate,Chocolate,,1,1,
5235,8238.0,C,최고급,choegogeup,명,noun,最高級,The highest grade/class,,1,1,
5236,8239.0,C,최상,choesang,명,noun,最上,"The best, the finest",,1,1,
5237,8240.0,C,최악,choeak,명,noun,最惡,The worst,,1,1,
5238,8242.0,C,출국,chulguk,명,noun,出國,Leaving a country,,1,1,
5239,8246.0,C,친해지다,chinhaejida,동,verb,親-,"To get close, to get friendly",,1,1,
5240,8248.0,C,코끝,kokkeut,명,noun,,The tip of one’s nose,,1,1,
5241,8250.0,B,터미널,teomineol,명,noun,terminal,Terminal,,1,1,
5242,8264.0,A,피자,pija,명,noun,&이pizza,Pizza,,1,1,
5243,8267.0,B,조선적,joseonjeok,명,noun,朝鮮的,Korean (adjective),한국적 (Hanja: 韓國的),1,1,
5244,8275.0,C,햄,haem,명,noun,ham,Ham,,1,1,
5245,8282.0,B,환영,hwanyeong,명,noun,歡迎,Welcome,,1,1,
5246,8286.0,C,가로수,garosu,명,noun,街路樹,A roadside tree,,1,1,
5247,8290.0,B,간식,gansik,명,noun,間食,Snack,,1,1,
5248,8293.0,B,감,gam,명,noun,과일,persimmon,,2,2,surface_duplicate
5249,8296.0,C,개다,gaeda,동,verb,날이~,To clear up or become clear (weather),,1,1,
5250,8305.0,C,고급스럽다,gogeupseureopda,형,adjective,高級-,To be high-class,,1,1,
5251,8307.0,C,고소하다,gosohada,형,adjective,맛이~,Taste of sesame oil or taste of a nut,,1,1,
5252,8313.0,C,공주,gongju,명,noun,公主,A royal princess,,1,1,
5253,8322.0,C,깨어지다,kkaeeojida,동,verb,,To waken,,1,1,
5254,8324.0,B,남,nam,명,noun,南,south,,3,3,surface_duplicate
5255,8328.0,B,네거리,negeori,명,noun,,Crossroads,,1,1,
5256,8329.0,A,노란색,noransaek,명,noun,-色,Yellow,,1,1,
5257,8330.0,B,녹음하다,nogeumhada,동,verb,錄音-,To record,,1,1,
5258,8336.0,A,달러,dalleo,명,noun,dollar,Dollar,,2,2,surface_duplicate
5259,8342.0,C,대여섯,daeyeoseos,관,attributive,,About five or six,,1,1,
5260,8349.0,C,되돌아보다,doedoraboda,동,verb,,To look back on,,1,1,
5261,8355.0,B,등산로,deungsanro,명,noun,登山路,1. hiking trail,,1,1,
5262,8358.0,B,마사지,masaji,명,noun,massage,Massage,,1,1,
5263,8359.0,A,만,man,수,numeral,萬,"10 000, ten thousand, myriad",,5,5,surface_duplicate
5264,8361.0,B,먹히다,meokhida,동,verb,,"to be eaten,swallowed",,1,1,
5265,8364.0,B,몸살,momsal,명,noun,~이걸리다,Flu aches and pains,,1,1,
5266,8367.0,B,무더위,mudeowi,명,noun,,High humidity,,1,1,
5267,8369.0,C,무용가,muyongga,명,noun,舞踊家,Dancer,,1,1,
5268,8375.0,B,박스,bakseu,명,noun,box,Box,,1,1,
5269,8377.0,C,반기다,bangida,동,verb,,"Rejoice, be glad of",,1,1,
5270,8381.0,B,밥솥,bapsot,명,noun,,Pressure cooker for rice,,1,1,
5271,8388.0,B,베개,begae,명,noun,,A pillow,,1,1,
5272,8389.0,B,벨트,belteu,명,noun,belt,Belt,,1,1,
5273,8391.0,B,복사하다,boksahada,동,verb,複寫-,"reproduce,copy",,1,1,
5274,8400.0,C,붓다,busda,동,verb,얼굴이~,(intransitive) to swell up,,2,2,surface_duplicate
5275,8401.0,C,비,bi,명,noun,碑,gravestone; tombstone,,2,2,surface_duplicate
5276,8407.0,B,사계절,sagyejeol,명,noun,四季節,The four seasons,,1,1,
5277,8408.0,B,사과하다,sagwahada,동,verb,謝過-,To apologize,,1,1,
5278,8411.0,C,사투리,saturi,명,noun,,A dialect,,1,1,
5279,8416.0,C,상금,sanggeum,명,noun,賞金,Prize money,,1,1,
5280,8438.0,C,수저,sujeo,명,noun,,A spoon,,1,1,
5281,8444.0,C,식욕,sigyok,명,noun,食慾,"appetite,desire",,1,1,
5282,8457.0,C,앞바다,apbada,명,noun,,The offing sea,,1,1,
5283,8458.0,C,얄밉다,yalmipda,형,adjective,,"Be offensive, mean",,1,1,
5284,8459.0,C,양상추,yangsangchu,명,noun,洋-,Lettuce,,1,1,
5285,8467.0,B,여대생,yeodaesaeng,명,noun,女大生,Female college student,,1,1,
5286,8471.0,C,연기하다,yeongihada,동,verb,延期-,"To defer, postpone",,1,1,
5287,8478.0,C,온라인,onrain,명,noun,on-line,Online,,1,1,
5288,8481.0,C,외갓집,oegasjip,명,noun,外家-,one’s mother’s maiden home,,1,1,
5289,8482.0,B,외할머니,oehalmeoni,명,noun,外-,A maternal grandmother,,1,1,
5290,8489.0,C,유능하다,yuneunghada,형,adjective,有能-,"To be competent,talented",,1,1,
5291,8493.0,C,유적지,yujeokji,명,noun,遺跡地,Place where remains/cultural-historical remnants are,,1,1,
5292,8499.0,B,음악가,eumakga,명,noun,音樂家,A musician,,1,1,
5293,8500.0,C,응답하다,eungdaphada,동,verb,應答-,"An answer, a reply",,1,1,
5294,8503.0,C,이롭다,iropda,형,adjective,利-,Be good for,,1,1,
5295,8505.0,A,이분,ibun,대,pronoun,,Divide into two,,1,1,
5296,8512.0,B,인삼,insam,명,noun,人蔘,Ginseng,,1,1,
5297,8513.0,B,인상,insang,명,noun,人相,physiognomy,,3,3,surface_duplicate
5298,8518.0,C,입사,ipsa,명,noun,入社,enter/join a company,,1,1,
5299,8520.0,C,자,ja,명,noun,~로재다,"ruler (measuring instrument), straightedge",,4,4,surface_duplicate
5300,8527.0,C,재활용,jaehwaryong,명,noun,再活用,Recycling,,1,1,
5301,8536.0,B,점원,jeomwon,명,noun,店員,A shop-assistant,,1,1,
5302,8539.0,C,제삿날,jesasnal,명,noun,祭祀-,Day of the ceremony,,1,1,
5303,8546.0,C,주름살,jureumsal,명,noun,,Wrinkles,,1,1,
5304,8561.0,C,참고하다,chamgohada,동,verb,參考-,"To refer, consult",,1,1,
5305,8562.0,B,찻잔,chasjan,명,noun,茶盞,A teacup,,1,1,
5306,8568.0,C,철학적,cheolhakjeok,명,noun,哲學的,Philosophical,,1,1,
5307,8572.0,C,초대,chodae,명,noun,初代,first of a family line; first age,,2,2,surface_duplicate
5308,8579.0,C,추천하다,chucheonhada,동,verb,推薦-,"To recommend, say a good word for",,1,1,
5309,8589.0,A,칫솔,chissol,명,noun,齒-,A toothbrush,,1,1,
5310,8591.0,B,큰길,keungil,명,noun,,main/principal road,,1,1,
5311,8598.0,C,판매되다,panmaedoeda,동,verb,販賣-,To be sold,,1,1,
5312,8600.0,C,편,pyeon,의,noun,기차~,"rail, train service",,3,3,surface_duplicate
5313,8602.0,C,포근하다,pogeunhada,형,adjective,,"To be soft and comfortable, downy",,1,1,
5314,8603.0,A,포도,podo,명,noun,葡萄,grape(s),,1,1,
5315,8605.0,C,하나님,hananim,명,noun,,God,,1,1,
5316,8610.0,C,학력,hakryeok,명,noun,學歷,"Academic background, formal schooling",,1,1,
5317,8613.0,C,한정하다,hanjeonghada,동,verb,限定-,"To limit, restrict",,1,1,
5318,8619.0,C,향상되다,hyangsangdoeda,동,verb,向上-,"To be impoved, advanced",,1,1,
5319,8626.0,B,홈페이지,hompeiji,명,noun,homepage,Homepage,,1,1,
5320,8633.0,B,횡단보도,hoengdanbodo,명,noun,橫斷步道,Crossing,,1,1,
5321,8645.0,C,가톨릭,gatollik,명,noun,Catholic,Catholic,,1,1,
5322,8651.0,B,강당,gangdang,명,noun,講堂,A lecture hall,,1,1,
5323,8659.0,C,건조하다,geonjohada,형,adjective,乾燥-,Ry or arid or become dry,,1,1,
5324,8660.0,C,걷기,geotgi,명,noun,,Walking,,1,1,
5325,8668.0,B,고모부,gomobu,명,noun,姑母夫,The husband of one’s paternal aunt,,1,1,
5326,8672.0,A,공중전화,gongjungjeonhwa,명,noun,公衆電話,A public payphone,,1,1,
5327,8673.0,C,공통,gongtong,명,noun,共通,Commonness,,1,1,
5328,8674.0,C,과거,gwageo,명,noun,科擧,classical examination system for the government service in old Korea,,2,2,surface_duplicate
5329,8682.0,C,국가적,gukgajeok,명,noun,國家的,National or state,,1,1,
5330,8685.0,C,귓속,gwissok,명,noun,,The inner ear,,1,1,
5331,8686.0,C,그래픽,geuraepik,명,noun,graphic,Graphic,,1,1,
5332,8687.0,C,근교,geungyo,명,noun,近郊,Suberbs,,1,1,
5333,8690.0,C,기초적,gichojeok,명,noun,基礎的,Fundamental or basic,,1,1,
5334,8699.0,B,녹음,nogeum,명,noun,錄音,Recording,,1,1,
5335,8704.0,C,다양성,dayangseong,명,noun,多樣性,Variety,,1,1,
5336,8710.0,C,대상자,daesangja,명,noun,對象者,"subject, recipient, candidate,",,1,1,
5337,8718.0,C,동그라미,donggeurami,명,noun,,circle,,1,1,
5338,8727.0,C,떠나오다,tteonaoda,동,verb,,미국으로부터 to come back from the US,,1,1,
5339,8731.0,C,레이저,reijeo,명,noun,laser,laser,,1,1,
5340,8736.0,B,마중,majung,명,noun,,"Meeting, reception",,1,1,
5341,8753.0,B,밝다,balkda,동,verb,,To be promising,,2,2,surface_duplicate
5342,8754.0,B,밤중,bamjung,명,noun,-中,Midnight,,1,1,
5343,8756.0,B,배드민턴,baedeuminteon,명,noun,badminton,Badminton,,1,1,
5344,8757.0,A,배부르다,baebureuda,형,adjective,,To be full,,1,1,
5345,8759.0,B,버튼,beoteun,명,noun,button,Button,,1,1,
5346,8768.0,C,보수적,bosujeok,명,noun,保守的,Conservative,,1,1,
5347,8779.0,C,불확실하다,bulhwaksilhada,형,adjective,不確實-,Be uncertain,,1,1,
5348,8781.0,C,비만,biman,명,noun,肥滿,"Fatness, corpulence",,1,1,
5349,8785.0,C,빗방울,bisbangul,명,noun,,Raindrops,,1,1,
5350,8791.0,C,사회자,sahoeja,명,noun,司會者,President,,1,1,
5351,8795.0,A,샤워,syawo,명,noun,shower,Shower,,1,1,
5352,8798.0,B,서투르다,seotureuda,형,adjective,,"unskilled,clumsy",,1,1,
5353,8809.0,A,세탁기,setakgi,명,noun,洗濯機,Washing machine,,1,1,
5354,8811.0,B,손뼉,sonppyeok,명,noun,,The flat of one’s hand,,1,1,
5355,8812.0,C,손수,sonsu,부,adverb,,"With one’s own hands, personally",,1,1,
5356,8813.0,B,송편,songpyeon,명,noun,松-,Rice cake steemed over pine needles,,1,1,
5357,8822.0,C,시들다,sideulda,동,verb,,"To wither,die,fade",,1,1,
5358,8823.0,C,시디,sidi,명,noun,콤팩트디스크,C.D.,,1,1,
5359,8826.0,C,신사,sinsa,명,noun,紳士,A gentleman,,1,1,
5360,8828.0,B,신혼부부,sinhonbubu,명,noun,新婚夫婦,Newlyweds,,1,1,
5361,8830.0,B,싱겁다,singgeopda,형,adjective,,"Taste flat, have no flavor",,1,1,
5362,8832.0,C,쓸데없이,sseuldeeopsi,부,adverb,,To have no use,,1,1,
5363,8840.0,C,야하다,yahada,형,adjective,冶-,"To be gaudy,garish",,1,1,
5364,8845.0,C,어쩌다가,eojjeodaga,부,adverb,,"By chance, accident ; sometimes",,1,1,
5365,8863.0,B,옛날이야기,yesnariyagi,명,noun,,An old story,,1,1,
5366,8865.0,B,오븐,obeun,명,noun,oven,Oven,,1,1,
5367,8866.0,C,온종일,onjongil,명,noun,-終日,"All day long, the whole day",,1,1,
5368,8867.0,B,와인,wain,명,noun,wine,Wine,,1,1,
5369,8869.0,C,왕비,wangbi,명,noun,王妃,Queen,,1,1,
5370,8874.0,B,우승하다,useunghada,동,verb,優勝-,To take first place,,1,1,
5371,8875.0,C,운반,unban,명,noun,運搬,"conveyance,transport",,1,1,
5372,8877.0,B,웃어른,useoreun,명,noun,,one’s elders,,1,1,
5373,8893.0,B,인사말,insamal,명,noun,人事-,Words of greeting,,1,1,
5374,8904.0,B,자판기,japangi,명,noun,自販機,Vending machine,,1,1,
5375,8906.0,C,장모님,jangmonim,명,noun,丈母-,A man’s mother in law,,1,1,
5376,8910.0,B,저녁때,jeonyeokttae,명,noun,,Evening time,,1,1,
5377,8914.0,C,저울,jeoul,명,noun,,A balance,,1,1,
5378,8918.0,B,적어지다,jeogeojida,동,verb,,To become smaller,,1,1,
5379,8943.0,C,지폐,jipye,명,noun,紙幣,Paper money,,1,1,
5380,8945.0,C,진실로,jinsillo,부,adverb,眞實-,"Truly, honestly",,1,1,
5381,8952.0,C,촛불,chosbul,명,noun,,Candle-light,,1,1,
5382,8956.0,C,출퇴근,chultoegeun,명,noun,出退勤,Go to and come from the office,,1,1,
5383,8960.0,B,치과,chigwa,명,noun,齒科,A dentist,,1,1,
5384,8964.0,B,테스트,teseuteu,명,noun,test,Test,,1,1,
5385,8967.0,C,통역,tongyeok,명,noun,通譯,Interpreting,,1,1,
5386,8968.0,B,퇴근하다,toegeunhada,동,verb,退勤-,To go home from work,,1,1,
5387,8978.0,C,표시하다,pyosihada,동,verb,標示-,"to express, state",,2,2,surface_duplicate
5388,8981.0,B,피로하다,pirohada,형,adjective,疲勞-,"To be fatigued, weary",,1,1,
5389,8982.0,C,하,ha,명,noun,下,"Below, underneath",,1,1,
5390,8985.0,C,한데,hande,부,adverb,,"The open air, outside, the exterior",,1,1,
5391,8997.0,C,혼잣말,honjasmal,명,noun,,Talking to oneself,,1,1,
5392,8998.0,B,화나다,hwanada,동,verb,火-,Get angry,,1,1,
5393,9002.0,C,효도하다,hyodohada,동,verb,孝道-,To be a good son/daughter to one’s parents,,1,1,
5394,9013.0,C,힘없이,himeopsi,부,adverb,,"feebly,weekly",,1,1,
5395,9014.0,B,가로,garo,명,noun,~와세로,Width or breadth,,1,1,
5396,9018.0,B,갈아타다,garatada,동,verb,,Transfer (bus or subway),,1,1,
5397,9030.0,C,건넌방,geonneonbang,명,noun,-房,The room opposite the main living room,,1,1,
5398,9044.0,C,곧이어,godieo,부,adverb,,Soon hereafter,,1,1,
5399,9047.0,C,공기,gonggi,명,noun,空器,bowl,,2,2,surface_duplicate
5400,9052.0,C,굉장하다,goengjanghada,형,adjective,宏壯-,Be grand or magnificent or splendor,,1,1,
5401,9061.0,A,그래서,geuraeseo,불,expression,그리하여서,And so accordingly,,2,2,surface_duplicate
5402,9066.0,C,기업인,gieobin,명,noun,企業人,Businessman,,1,1,
5403,9069.0,C,긴장되다,ginjangdoeda,동,verb,緊張-,Be under tension,,1,1,
5404,9072.0,C,깨끗해지다,kkaekkeushaejida,동,verb,,Become clean,,1,1,
5405,9075.0,C,낚싯대,nakksisdae,명,noun,,A fishing rod,,1,1,
5406,9077.0,A,남동생,namdongsaeng,명,noun,男-,Younger brother,,1,1,
5407,9080.0,C,냇물,naesmul,명,noun,,"A stream, brook",,1,1,
5408,9082.0,C,단골,dangol,명,noun,,"Custom, connection",,1,1,
5409,9084.0,B,단맛,danmas,명,noun,,A sweet taste,,1,1,
5410,9089.0,B,담요,damyo,명,noun,,A blanket,,1,1,
5411,9091.0,C,대,dae,명,noun,줄기,stalk,,5,5,surface_duplicate
5412,9095.0,C,더러워지다,deoreowojida,동,verb,,Get dirty,,1,1,
5413,9101.0,C,데우다,deuda,동,verb,,"to warm, to heat up",,1,1,
5414,9103.0,A,도착,dochak,명,noun,到着,Arrival,,1,1,
5415,9105.0,C,동그랗다,donggeurahda,형,adjective,,To be circular,,1,1,
5416,9114.0,C,뛰어나오다,ttwieonaoda,동,verb,,"bolt out of. run out of, burst out of",,1,1,
5417,9115.0,C,레저,rejeo,명,noun,leisure,leisure,,1,1,
5418,9116.0,C,로터리,roteori,명,noun,rotary,rotary,,1,1,
5419,9129.0,C,무덥다,mudeopda,형,adjective,,"sultry,sweltering",,1,1,
5420,9136.0,C,뭘,mwol,감,interjection,,What (implicit directobject)?,,1,1,
5421,9144.0,C,반대편,bandaepyeon,명,noun,反對便,The opposite side,,1,1,
5422,9145.0,C,발바닥,balbadak,명,noun,,The sole of the foot,,1,1,
5423,9146.0,C,발톱,baltop,명,noun,,A toenail,,1,1,
5424,9148.0,C,밝아지다,balkajida,동,verb,,Become bright,,1,1,
5425,9149.0,B,밤새다,bamsaeda,동,verb,,To stay up all night,,1,1,
5426,9167.0,B,부잣집,bujasjip,명,noun,富者-,Rich man’s house,,1,1,
5427,9169.0,C,분명해지다,bunmyeonghaejida,동,verb,分明-,To become clear,,1,1,
5428,9177.0,B,사진기,sajingi,명,noun,寫眞機,Camera,,1,1,
5429,9179.0,C,산길,sangil,명,noun,山-,"A mountain path,road",,1,1,
5430,9184.0,B,상추,sangchu,명,noun,,Lettuce,,1,1,
5431,9193.0,B,섭씨,seopssi,명,noun,攝氏,Celsius,,1,1,
5432,9195.0,B,소시지,sosiji,명,noun,sausage,Sausage,,1,1,
5433,9202.0,A,쇼핑,syoping,명,noun,shopping,Shopping,,1,1,
5434,9208.0,C,수업,sueop,명,noun,修業,"practice, training",,2,2,surface_duplicate
5435,9213.0,B,스케줄,seukejul,명,noun,schedule,Schedule,,1,1,
5436,9214.0,A,스키,seuki,명,noun,ski,Ski,,1,1,
5437,9222.0,B,시외,sioe,명,noun,市外,"Outside the city, suberbs",,1,1,
5438,9231.0,C,심각해지다,simgakhaejida,동,verb,深刻-,To become serious,,1,1,
5439,9233.0,C,싹,ssak,부,adverb,,"A bud,sprout",,1,1,
5440,9238.0,C,씻기다,ssisgida,동,verb,비에~,"To be washed, be cleaned",,2,1,surface_duplicate
5441,9241.0,C,안심하다,ansimhada,동,verb,安心-,"security,assuredness,relief",,1,1,
5442,9247.0,C,약,yak,명,noun,~이오르다,"anger, fury",,3,3,surface_duplicate
5443,9248.0,C,약수,yaksu,명,noun,藥水,"Medicinal water, mineral water",,1,1,
5444,9249.0,C,약품,yakpum,명,noun,藥品,"Medicines, medical supplies",,1,1,
5445,9250.0,B,양배추,yangbaechu,명,noun,洋-,Cabbage,,1,1,
5446,9251.0,C,양보,yangbo,명,noun,讓步,"concession,compromise",,1,1,
5447,9252.0,C,양옆,yangyeop,명,noun,兩-,On both sides,,1,1,
5448,9253.0,B,얕다,yatda,형,adjective,,"To be shallow, superficial",,1,1,
5449,9254.0,B,어두워지다,eoduwojida,동,verb,,become/get dark,,1,1,
5450,9257.0,C,어쩜,eojjeom,부,adverb,,"Well, I guess that, is extremely…..",,1,1,
5451,9260.0,B,엊그제,eojgeuje,부,adverb,,"The day before yesterday, a few days ago",,1,1,
5452,9261.0,B,여고생,yeogosaeng,명,noun,女高生,Female high school student,,1,1,
5453,9263.0,C,여왕,yeowang,명,noun,女王,"Queen, empress",,1,1,
5454,9265.0,C,연기되다,yeongidoeda,동,verb,延期-,"To be put off, postponed",,1,1,
5455,9266.0,A,열,yeol,수,numeral,,Heat,,2,2,surface_duplicate
5456,9271.0,B,예약,yeyak,명,noun,豫約,"Pre-engagement, reservation",,1,1,
5457,9275.0,C,올라타다,ollatada,동,verb,,"Board (a plane), get into",,1,1,
5458,9285.0,A,운동화,undonghwa,명,noun,運動靴,Sports shoes,,1,1,
5459,9294.0,B,이곳저곳,igosjeogos,명,noun,,Everywhere,,1,1,
5460,9296.0,C,이다음,idaeum,명,noun,,Next,,1,1,
5461,9305.0,B,일회용품,ilhoeyongpum,명,noun,一回用品,A product to be used only once,,1,1,
5462,9306.0,B,읽히다,ilkhida,동,verb,읽다'의피동사,"To get a person to read, to get a person to learn",,1,1,
5463,9317.0,C,잡수다,japsuda,동,verb,,"eat,drink",,1,1,
5464,9319.0,C,장사꾼,jangsakkun,명,noun,,"A trader,merchant,dealer",,1,1,
5465,9325.0,B,저런,jeoreon,감,interjection,,"Such a, that sort of",,2,2,surface_duplicate
5466,9328.0,B,점심때,jeomsimttae,명,noun,點心-,afternoon,,1,1,
5467,9340.0,C,주일,juil,의,noun,週日,A week,,1,1,
5468,9345.0,B,즐거워하다,jeulgeowohada,동,verb,,To enjoy it,,1,1,
5469,9354.0,C,집중하다,jipjunghada,동,verb,集中-,To concentrate,,1,1,
5470,9356.0,A,짜다,jjada,형,adjective,음식이~,salty,,3,3,surface_duplicate
5471,9357.0,C,짜증스럽다,jjajeungseureopda,형,adjective,,To be annoying,,1,1,
5472,9364.0,C,천재,cheonjae,명,noun,天才,"genius,talent",,1,1,
5473,9369.0,A,초등학교,chodeunghakgyo,명,noun,初等學校,Elementary school,,1,1,
5474,9370.0,B,초보,chobo,명,noun,初步,"Initial, first steps",,1,1,
5475,9371.0,C,초여름,choyeoreum,명,noun,初-,Early summer,,1,1,
5476,9372.0,C,초저녁,chojeonyeok,명,noun,初-,Early in the evening,,1,1,
5477,9377.0,C,충돌하다,chungdolhada,동,verb,衝突-,"Collide, clash with",,1,1,
5478,9380.0,C,코트,koteu,명,noun,court,Court,,1,1,
5479,9395.0,C,피곤,pigon,명,noun,疲困,"fatigue,exhaustion",,1,1,
5480,9398.0,C,학비,hakbi,명,noun,學費,Tuition,,1,1,
5481,9407.0,C,해,hae,명,noun,害,harm; damage; evil; injury,,3,3,surface_duplicate
5482,9409.0,B,해외여행,haeoeyeohaeng,명,noun,海外旅行,Foreign travel,,1,1,
5483,9421.0,C,효자,hyoja,명,noun,孝子,A dutiful son,,1,1,
5484,9431.0,C,감소되다,gamsodoeda,동,verb,減少-,To be reduced or diminished,,1,1,
5485,9433.0,C,강변,gangbyeon,명,noun,江邊,A riverside,,1,1,
5486,9462.0,C,공연되다,gongyeondoeda,동,verb,公演-,To give a public performance,,1,1,
5487,9466.0,A,공휴일,gonghyuil,명,noun,公休日,A legal holiday,,1,1,
5488,9474.0,C,괴로워하다,goerowohada,동,verb,,To distress or trouble,,1,1,
5489,9475.0,C,교시,gyosi,의,noun,校時,Teach or instruct or enlighten,,1,1,
5490,9484.0,C,그리로,geuriro,부,adverb,,Over there,,1,1,
5491,9498.0,C,까먹다,kkameokda,동,verb,,Crack or peel and eat,,1,1,
5492,9500.0,B,깜빡,kkamppak,부,adverb,,With a flash or twinkle,,1,1,
5493,9501.0,C,깡패,kkangpae,명,noun,-牌,Gangster,,1,1,
5494,9503.0,C,꾸다,kkuda,동,verb,돈을~,Borrow or loan,,2,2,surface_duplicate
5495,9505.0,C,낚시꾼,nakksikkun,명,noun,,An angler,,1,1,
5496,9517.0,C,다양해지다,dayanghaejida,동,verb,多樣-,To be various,,1,1,
5497,9527.0,B,대중교통,daejunggyotong,명,noun,大衆交通,Mass transportation,,1,1,
5498,9529.0,B,데려오다,deryeooda,동,verb,,Go with,,1,1,
5499,9537.0,C,등록하다,deungrokhada,동,verb,登錄-,"register, enroll",,1,1,
5500,9541.0,C,뛰놀다,ttwinolda,동,verb,,"to frolic, romp, frisk (excitement, joy)",,1,1,
5501,9542.0,B,뛰어오다,ttwieooda,동,verb,,come running,,1,1,
5502,9544.0,C,라켓,rakes,명,noun,racket,racket,,1,1,
5503,9546.0,C,리터,riteo,의,noun,liter,liter,,1,1,
5504,9547.0,C,마요네즈,mayonejeu,명,noun,&프mayonnaise,Mayonnaise,,1,1,
5505,9548.0,A,마흔,maheun,수,numeral,,Forty,,1,1,
5506,9549.0,C,만세,manse,명,noun,萬歲,"10,000 years",,1,1,
5507,9551.0,C,만화가,manhwaga,명,noun,漫畵家,Cartoon artist,,1,1,
5508,9552.0,C,맘대로,mamdaero,부,adverb,마음대로,As you want,,1,1,
5509,9554.0,C,머리말,meorimal,명,noun,,A preface,,1,1,
5510,9555.0,C,면접,myeonjeop,명,noun,面接,face-to-face meeting; meeting in person; personal interview,,1,1,
5511,9557.0,B,명함,myeongham,명,noun,名銜,Name card,,1,1,
5512,9558.0,C,몸속,momsok,명,noun,,In one’s body,,1,1,
5513,9563.0,C,무책임하다,muchaegimhada,형,adjective,無責任-,Not responsible,,1,1,
5514,9570.0,C,반짝거리다,banjjakgeorida,동,verb,,Twinkle-twinkle (stars),,1,1,
5515,9572.0,C,밤새우다,bamsaeuda,동,verb,,Sit up all night,,1,1,
5516,9578.0,C,번지,beonji,명,noun,番地,Area of land,,1,1,
5517,9583.0,A,볼펜,bolpen,명,noun,ballpen,A ballpen,,1,1,
5518,9605.0,A,빨간색,ppalgansaek,명,noun,-色,"deep-red,crimson",,1,1,
5519,9611.0,C,사립,sarip,명,noun,私立,Private,,1,1,
5520,9612.0,C,사생활,sasaenghwal,명,noun,私生活,Private life,,1,1,
5521,9615.0,C,사이사이,saisai,명,noun,,Every now and then,,1,1,
5522,9616.0,B,사자,saja,명,noun,獅子,A lion,,1,1,
5523,9628.0,B,새소리,saesori,명,noun,,"Bird voice,”chirp”",,1,1,
5524,9631.0,C,생활수준,saenghwalsujun,명,noun,生活水準,The standard of living,,1,1,
5525,9632.0,C,서툴다,seotulda,형,adjective,,"poor,awkward",,1,1,
5526,9634.0,C,석사,seoksa,명,noun,碩士,Master,,1,1,
5527,9637.0,C,성당,seongdang,명,noun,聖堂,A church,,1,1,
5528,9645.0,C,속마음,sokmaeum,명,noun,,"Inner heart,feeling",,1,1,
5529,9647.0,C,손잡다,sonjapda,동,verb,,Take a person by the hand,,1,1,
5530,9653.0,C,숙녀,suknyeo,명,noun,淑女,A lady,,1,1,
5531,9655.0,C,순하다,sunhada,형,adjective,順-,"Be gentle,docile",,1,1,
5532,9658.0,C,시댁,sidaek,명,noun,媤宅,one’s husband’s family/house,,1,1,
5533,9660.0,B,시부모,sibumo,명,noun,媤父母,one’s husband’s parents,,1,1,
5534,9666.0,C,신체적,sinchejeok,명,noun,身體的,Physical,,1,1,
5535,9670.0,B,실수하다,silsuhada,동,verb,失手-,To make a mistake,,1,1,
5536,9675.0,C,쓴맛,sseunmas,명,noun,,A bitter flavor,,1,1,
5537,9685.0,C,야옹,yaong,부,adverb,,"Mewing, meowing",,1,1,
5538,9690.0,C,얼마간,eolmagan,명,noun,-間,"Some, somewhat",,1,1,
5539,9709.0,C,올여름,oryeoreum,명,noun,,This summer,,1,1,
5540,9713.0,C,외제,oeje,명,noun,外製,Of foreign manufacture,,1,1,
5541,9714.0,B,외출하다,oechulhada,동,verb,外出-,To go out (of doors),,1,1,
5542,9719.0,C,욕하다,yokhada,동,verb,辱-,"To insult, to say bad words",,1,1,
5543,9724.0,B,위아래,wiarae,명,noun,,Up and down,,1,1,
5544,9730.0,C,음반,eumban,명,noun,音盤,A phonograph record,,1,1,
5545,9732.0,C,의논,uinon,명,noun,議論,"consultation,conference",,1,1,
5546,9733.0,A,이,i,수,numeral,二,two,,5,5,surface_duplicate
5547,9734.0,C,이래서,iraeseo,불,expression,이리하여서,"This way, this direction, here",,1,1,
5548,9738.0,B,이발소,ibalso,명,noun,理髮所,barber’s shop,,1,1,
5549,9748.0,C,자살하다,jasalhada,동,verb,自殺-,Commit suicide,,1,1,
5550,9749.0,C,자연적,jayeonjeok,명,noun,自然的,Natural,,1,1,
5551,9751.0,C,장례식,jangryesik,명,noun,葬禮式,A funeral,,1,1,
5552,9755.0,C,재수,jaesu,명,noun,財數,"luck,fortune",,1,1,
5553,9757.0,B,재작년,jaejaknyeon,명,noun,再昨年,The year before last,,1,1,
5554,9758.0,B,재채기,jaechaegi,명,noun,,"sneeze,sneezing",,1,1,
5555,9762.0,C,전구,jeongu,명,noun,電球,An electric bulb,,1,1,
5556,9765.0,C,전문점,jeonmunjeom,명,noun,專門店,Exclusive store,,1,1,
5557,9767.0,C,전통문화,jeontongmunhwa,명,noun,傳統文化,Traditional culture,,1,1,
5558,9769.0,B,정거장,jeonggeojang,명,noun,停車場,A railroad station,,1,1,
5559,9778.0,B,존댓말,jondaesmal,명,noun,尊待-,Respectful speech,,1,1,
5560,9783.0,C,주전자,jujeonja,명,noun,酒煎子,"A kettle, teakettle",,1,1,
5561,9788.0,C,지우다,jiuda,동,verb,짐을~,"to make someone carry, to load something up; to charge person with a duty",,2,2,surface_duplicate
5562,9800.0,C,찬성,chanseong,명,noun,贊成,"approval,assent",,1,1,
5563,9811.0,B,초보자,choboja,명,noun,初步者,"A beginner, neophyte",,1,1,
5564,9812.0,B,초청장,chocheongjang,명,noun,招請狀,An invitation (card),,1,1,
5565,9813.0,C,촌스럽다,chonseureopda,형,adjective,村-,Unfashionable,,1,1,
5566,9816.0,B,카레,kare,명,noun,curry,Curry,,1,1,
5567,9817.0,C,컨디션,keondisyeon,명,noun,condition,Condition,,1,1,
5568,9819.0,C,코스모스,koseumoseu,명,noun,cosmos,Cosmos,,1,1,
5569,9823.0,B,킬로,killo,의,noun,kilo,Kilo,,1,1,
5570,9825.0,C,토론자,toronja,명,noun,討論者,"A debator, a disputant",,1,1,
5571,9829.0,C,튼튼히,teunteunhi,부,adverb,,"Strongly, firmly",,1,1,
5572,9830.0,B,티셔츠,tisyeocheu,명,noun,T-shirts,T-shirts,,1,1,
5573,9838.0,C,페인트,peinteu,명,noun,paint,Paint,,1,1,
5574,9842.0,C,평상시,pyeongsangsi,명,noun,平常時,Normally,,1,1,
5575,9853.0,C,학교생활,hakgyosaenghwal,명,noun,學校生活,"school life, student life",,1,1,
5576,9855.0,B,한둘,handul,수,numeral,,One or two,,1,1,
5577,9859.0,C,해물,haemul,명,noun,海物,Marine products,,1,1,
5578,9871.0,C,형,hyeong,명,noun,型,"type, model",,2,2,surface_duplicate
5579,9876.0,C,혼나다,honnada,동,verb,魂-,"Get frightened, scared",,1,1,
5580,9888.0,C,가만,gaman,부,adverb,,Quietly or softly,,1,1,
5581,9892.0,C,감정적,gamjeongjeok,명,noun,感情的,Emotional,,1,1,
5582,9894.0,C,강북,gangbuk,명,noun,江北,North of the river,,1,1,
5583,9901.0,B,거리,geori,의,noun,반찬~,"side (as in a side dish); road, street",,3,3,surface_duplicate
5584,9911.0,C,고무신,gomusin,명,noun,,Rubber shoes,,1,1,
5585,9916.0,B,고춧가루,gochusgaru,명,noun,,Red pepper powder,,1,1,
5586,9923.0,C,관람,gwanram,명,noun,觀覽,Inspection or viewing,,1,1,
5587,9930.0,C,교외,gyooe,명,noun,郊外,Outside the school or extramural,,1,1,
5588,9931.0,C,교육비,gyoyukbi,명,noun,敎育費,Tuition or the cost of a school education,,1,1,
5589,9934.0,B,국립,gukrip,명,noun,國立,Government established,,1,1,
5590,9942.0,C,금,geum,명,noun,~을긋다,"line, crack",,2,2,surface_duplicate
5591,9945.0,C,기억되다,gieokdoeda,동,verb,記憶-,To be remembered,,1,1,
5592,9949.0,C,까다,kkada,동,verb,마늘을~,Peel or husk,,1,1,
5593,9951.0,C,꽃씨,kkoccssi,명,noun,,Flower seed,,1,1,
5594,9952.0,C,꾸준하다,kkujunhada,형,adjective,,Be steady or unflagging,,1,1,
5595,9957.0,C,난방,nanbang,명,noun,暖房,A heated room,,1,1,
5596,9963.0,C,내용물,naeyongmul,명,noun,內容物,Contents,,1,1,
5597,9966.0,C,녹화,nokhwa,명,noun,錄畵,Tree-planting,,1,1,
5598,9968.0,B,농구,nonggu,명,noun,籠球,Basketball,,1,1,
5599,9979.0,C,달다,dalda,동,verb,무게를~,to weigh,,5,5,surface_duplicate
5600,9992.0,C,뒷골목,dwisgolmok,명,noun,,back street; back alley,,1,1,
5601,9994.0,C,들어주다,deureojuda,동,verb,,"grant, comply with",,1,1,
5602,9995.0,B,디자이너,dijaineo,명,noun,designer,designer,,1,1,
5603,9996.0,C,따로따로,ttarottaro,부,adverb,,"separately, individually",,1,1,
5604,9998.0,B,뛰어나가다,ttwieonagada,동,verb,,"fly out, run out",,1,1,
5605,9999.0,C,뛰어놀다,ttwieonolda,동,verb,,"play around, round around, frisk",,1,1,
5606,10002.0,C,라이벌,raibeol,명,noun,rival,"rival, rivalry",,1,1,
5607,10013.0,C,매번,maebeon,부,adverb,每番,Every time,,1,1,
5608,10015.0,C,먹다,meokda,동,verb,귀를~,"be deaf, to lose one's hearing",,3,3,surface_duplicate
5609,10024.0,C,무관심하다,mugwansimhada,형,adjective,無關心-,Be indifferent to,,1,1,
5610,10027.0,C,무사하다,musahada,형,adjective,無事-,"Be safe, peaceful",,1,1,
5611,10041.0,B,밤낮,bamnaj,명,noun,,"Night and day, always",,1,1,
5612,10043.0,B,배구,baegu,명,noun,排球,Volleyball,,1,1,
5613,10051.0,C,번역하다,beonyeokhada,동,verb,飜譯-,To translate,,1,1,
5614,10058.0,C,병아리,byeongari,명,noun,,"Chick, baby chicken",,1,1,
5615,10068.0,B,부지런하다,bujireonhada,형,adjective,,Be diligent,,1,1,
5616,10070.0,C,부피,bupi,명,noun,,"bulk,size",,1,1,
5617,10077.0,C,비기다,bigida,동,verb,,"End in a tie, to be even-even. Same as 무승부를 기록하다",,1,1,
5618,10093.0,C,생활용품,saenghwaryongpum,명,noun,生活用品,Necessities for daily life,,1,1,
5619,10100.0,B,선풍기,seonpunggi,명,noun,扇風機,A fan,,1,1,
5620,10105.0,B,세로,sero,명,noun,,Length,,1,1,
5621,10106.0,C,섹시하다,seksihada,형,adjective,sexy-,To be sexy,,1,1,
5622,10110.0,C,소비하다,sobihada,동,verb,消費-,"to consume, spend (time or money)",,1,1,
5623,10119.0,C,수리하다,surihada,동,verb,修理-,"repair,mending",,1,1,
5624,10126.0,A,스물,seumul,수,numeral,,Twenty,,1,1,
5625,10131.0,C,식료품,sikryopum,명,noun,食料品,Articles for food,,1,1,
5626,10132.0,C,식히다,sikhida,동,verb,,"To cool, let cool. 차게 하다",,1,1,
5627,10136.0,B,싫어지다,silheojida,동,verb,,To become distasteful,,1,1,
5628,10138.0,C,씻기다,ssisgida,동,verb,아이를~,to wash,,2,2,surface_duplicate
5629,10149.0,C,얼리다,eollida,동,verb,물을~,"Freeze, make ice",,1,1,
5630,10153.0,B,여직원,yeojigwon,명,noun,女職員,Female employee,,1,1,
5631,10159.0,B,열리다,yeollida,동,verb,열매가~,to bear fruit,,2,2,surface_duplicate
5632,10162.0,B,옆방,yeopbang,명,noun,-房,The room next door,,1,1,
5633,10167.0,B,오피스텔,opiseutel,명,noun,officehotel,Office hotel (studio apt),,1,1,
5634,10168.0,C,올가을,olgaeul,명,noun,,This fall,,1,1,
5635,10169.0,C,와이셔츠,waisyeocheu,명,noun,whiteshirts,A white dress shirt,,1,1,
5636,10182.0,B,원피스,wonpiseu,명,noun,one-piece,(one-piece) a dress,,1,1,
5637,10184.0,C,윗사람,wissaram,명,noun,,"A superior, one’s older somebody",,1,1,
5638,10193.0,C,이민,imin,명,noun,移民,Emigration,,1,1,
5639,10194.0,C,이성,iseong,명,noun,異性,opposite sex,,2,2,surface_duplicate
5640,10196.0,B,이혼하다,ihonhada,동,verb,離婚-,To get divorced,,1,1,
5641,10198.0,C,인제,inje,명,noun,,Now,,2,2,surface_duplicate
5642,10204.0,C,입사하다,ipsahada,동,verb,入社-,To join/enter a company,,1,1,
5643,10218.0,C,재우다,jaeuda,동,verb,고기를양념에~,Put to sleep,,1,1,
5644,10226.0,C,전시되다,jeonsidoeda,동,verb,展示-,"To be exhibited,ddisplayed",,1,1,
5645,10242.0,C,졸리다,jollida,동,verb,자고싶다,"Feel sleepy,drowsy",,1,1,
5646,10243.0,C,졸음,joreum,명,noun,,"sleepiness,drowsiness",,1,1,
5647,10245.0,B,종이컵,jongikeop,명,noun,-cup,A paper cup,,1,1,
5648,10247.0,C,주문,jumun,명,noun,呪文,spells,,2,2,surface_duplicate
5649,10254.0,C,지능,jineung,명,noun,知能,"intelligence,intellect, raw intelligence",,1,1,
5650,10265.0,C,쩔쩔매다,jjeoljjeolmaeda,동,verb,,"To be at a loss, be confused",,1,1,
5651,10273.0,C,철,cheol,명,noun,~이들다,maturity; good sense,,3,3,surface_duplicate
5652,10274.0,A,청바지,cheongbaji,명,noun,靑-,Blue jeans,,1,1,
5653,10280.0,C,추가되다,chugadoeda,동,verb,追加-,To be added,,1,1,
5654,10286.0,C,치료법,chiryobeop,명,noun,治療法,A curative means,,1,1,
5655,10287.0,C,치우다,chiuda,보,auxiliary verb,,"Straighten up, tidy, remove",,2,2,surface_duplicate
5656,10292.0,B,코끼리,kokkiri,명,noun,,An elephant,,1,1,
5657,10293.0,B,콘서트,konseoteu,명,noun,concert,Concert,,1,1,
5658,10294.0,B,큰소리,keunsori,명,noun,,"A loud voice, loudly",,1,1,
5659,10295.0,C,큰아들,keunadeul,명,noun,,Oldest son,,1,1,
5660,10311.0,C,특급,teukgeup,명,noun,特級,In a special class,,1,1,
5661,10314.0,B,평일,pyeongil,명,noun,平日,A weekday,,1,1,
5662,10321.0,C,풀어지다,pureojida,동,verb,,To get loose; to turn soft (noodles),,1,1,
5663,10329.0,C,한겨울,hangyeoul,명,noun,,"Midwinter, the dead of winter",,1,1,
5664,10331.0,C,한평생,hanpyeongsaeng,명,noun,-平生,A lifetime,,1,1,
5665,10333.0,C,해수욕장,haesuyokjang,명,noun,海水浴場,A swimming beach,,1,1,
5666,10334.0,A,핸드폰,haendeupon,명,noun,handphone,Cell phone,,1,1,
5667,10337.0,C,허허,heoheo,부,adverb,,"Ha-ha, with a laugh",,1,1,
5668,10343.0,C,호실,hosil,명,noun,號室,Tells you the room number,,1,1,
5669,10353.0,A,휴지통,hyujitong,명,noun,休紙桶,Waste paper basket,,1,1,
5670,10355.0,C,흐려지다,heuryeojida,동,verb,,"Get cloudy, overcast",,1,1,
5671,10356.0,C,희망하다,huimanghada,동,verb,希望-,Hope,,1,1,
5672,10357.0,C,힘들어하다,himdeureohada,동,verb,,"To be exacting, tolling",,1,1,
5673,10371.0,C,강의하다,ganguihada,동,verb,講義-,To give a lecture,,1,1,
5674,10384.0,B,걱정되다,geokjeongdoeda,동,verb,,To become worried,,1,1,
5675,10400.0,C,공연하다,gongyeonhada,동,verb,公演-,Offer a performance,,1,1,
5676,10419.0,C,귤,gyul,명,noun,橘,A Jeju orange,,1,1,
5677,10449.0,C,내과,naegwa,명,noun,內科,Internal medicine,,1,1,
5678,10452.0,A,넷째,nesjjae,관,attributive,,Fourth,,2,2,surface_duplicate
5679,10482.0,B,된장찌개,doenjangjjigae,명,noun,-醬-,"doenjang jjigae, a sort of stew made of 된장 and beef (sometimes seafood)",,1,1,
5680,10505.0,B,목걸이,mokgeori,명,noun,,Necklace,,1,1,
5681,10517.0,C,무지개,mujigae,명,noun,,A rainbow,,1,1,
5682,10519.0,C,문법,munbeop,명,noun,文法,Grammar,,1,1,
5683,10549.0,C,볶음,bokkeum,명,noun,,Roasted sth,,1,1,
5684,10551.0,C,볼링,bolling,명,noun,bowling,Bowling,,1,1,
5685,10565.0,C,비둘기,bidulgi,명,noun,,Pigeon,,1,1,
5686,10592.0,C,생활비,saenghwalbi,명,noun,生活費,Cost of living,,1,1,
5687,10634.0,B,스키장,seukijang,명,noun,ski場,Place to ski,,1,1,
5688,10637.0,C,시대적,sidaejeok,명,noun,時代的,Of the times,,1,1,
5689,10658.0,B,쓰다,sseuda,형,adjective,나물이~,to be bitter,,4,4,surface_duplicate
5690,10669.0,C,앞문,apmun,명,noun,-門,The front gate,,1,1,
5691,10731.0,C,인도,indo,명,noun,보도,"pavement,sidewalk",,1,1,
5692,10808.0,B,책방,chaekbang,명,noun,冊房,Reading room,,1,1,
5693,10822.0,C,추가하다,chugahada,동,verb,追加-,"To add sth, to supplement",,1,1,
5694,10833.0,A,칠판,chilpan,명,noun,漆板,The blackboard,,1,1,
5695,10839.0,A,크리스마스,keuriseumaseu,명,noun,Christmas,Christmas,,1,1,
5696,10840.0,C,탁구,takgu,명,noun,卓球,"ping-pong,table tennis",,1,1,
5697,10903.0,C,현대적,hyeondaejeok,명,noun,現代的,Modern (adj),,1,1,
5698,10999.0,A,구,gu,수,numeral,九,9.0,,1,1,
5699,11024.0,B,나흘,naheul,명,noun,,Four days,,1,1,
5700,11040.0,C,늦가을,neujgaeul,명,noun,,Late autumn,,1,1,
5701,11043.0,B,다이어트,daieoteu,명,noun,diet,Diet,,1,1,
5702,11099.0,A,목요일,mogyoil,명,noun,木曜日,Thursday,,1,1,
5703,11104.0,C,못생기다,mossaenggida,형,adjective,,Ugly,,1,1,
5704,11308.0,C,영화관,yeonghwagwan,명,noun,映畵館,Movie theater,,1,1,
5705,11311.0,C,예술적,yesuljeok,명,noun,藝術的,Artistic,,1,1,
5706,11360.0,C,장모,jangmo,명,noun,丈母,A man’s mother in law,,1,1,
5707,11408.0,B,중국집,junggukjip,명,noun,中國-,Chinese restaurant,,1,1,
5708,11421.0,A,지우개,jiugae,명,noun,,An eraser,,1,1,
5709,11424.0,B,지하도,jihado,명,noun,地下道,Underground road,,1,1,
5710,11478.0,C,튀김,twigim,명,noun,,Batter-fried food,,1,1,
5711,11578.0,C,고궁,gogung,명,noun,古宮,An ancient palace,,1,1,
5712,11580.0,B,고속버스,gosokbeoseu,명,noun,高速bus,Bus for the freeway,,1,1,
5713,11684.0,C,단추,danchu,명,noun,,A button,,1,1,
5714,11691.0,C,대중적,daejungjeok,명,noun,大衆的,Of the masses,,1,1,
5715,11721.0,B,뚱뚱하다,ttungttunghada,형,adjective,,to be fat,,1,1,
5716,11768.0,C,미역,miyeok,명,noun,,Brown seaweed,,1,1,
5717,11775.0,C,반말,banmal,명,noun,半-,Crude language,,1,1,
5718,11819.0,C,분홍색,bunhongsaek,명,noun,粉紅色,Pink color,,1,1,
5719,11837.0,A,사,sa,수,numeral,四,"four,the fourth",,1,1,
5720,11884.0,B,소포,sopo,명,noun,小包,"A parcel,package",,1,1,
5721,11888.0,B,손녀,sonnyeo,명,noun,孫女,Granddaughter,,1,1,
5722,11896.0,A,수영장,suyeongjang,명,noun,水泳場,Swimming pool,,1,1,
5723,11936.0,B,아래층,araecheung,명,noun,-層,Lower floor,,1,1,
5724,12030.0,A,일본어,ilboneo,명,noun,日本語,Japanese,,1,1,
5725,12048.0,C,작은아버지,jageunabeoji,명,noun,,An uncle younger than your father,,1,1,
5726,12049.0,B,잠옷,jamos,명,noun,,Pajamas,,1,1,
5727,12051.0,B,장갑,janggap,명,noun,掌匣,A pair of gloves,,1,1,
5728,12141.0,C,초순,chosun,명,noun,初旬,The first third of a month,,1,1,
5729,12175.0,C,퇴원하다,toewonhada,동,verb,退院-,To leave the hospital,,1,1,
5730,12197.0,C,하순,hasun,명,noun,下旬,The final third of the month,,1,1,
5731,12246.0,A,갈비,galbi,명,noun,,The ribs,,1,1,
5732,12347.0,C,기혼,gihon,명,noun,旣婚,Married,,1,1,
5733,12423.0,C,도장,dojang,명,noun,圖章,stamp; seal,,1,1,
5734,12428.0,B,동물원,dongmurwon,명,noun,動物園,zoo,,1,1,
5735,12460.0,B,모레,more,명,noun,,The day after tomorrow,,1,1,
5736,12569.0,C,삼계탕,samgyetang,명,noun,蔘鷄湯,Chicken soup,,1,1,
5737,12576.0,B,생신,saengsin,명,noun,生辰,(honorific) birthday,,1,1,
5738,12580.0,A,서른,seoreun,수,numeral,,Thirty,,1,1,
5739,12628.0,B,시내버스,sinaebeoseu,명,noun,市內bus,Inner-city bus,,1,1,
5740,12669.0,A,아홉,ahop,수,numeral,,Nine,,1,1,
5741,12720.0,C,예약하다,yeyakhada,동,verb,豫約-,"To book in advance, pledge",,1,1,
5742,12746.0,B,우표,upyo,명,noun,郵票,A postage stamp,,1,1,
5743,12818.0,A,장미,jangmi,명,noun,薔薇,A rose,,1,1,
5744,12913.0,C,천둥,cheondung,명,noun,,Thunder,,1,1,
5745,12961.0,C,퇴원,toewon,명,noun,退院,Leaving the hospital,,1,1,
5746,12965.0,A,파란색,paransaek,명,noun,-色,Blue,,1,1,
5747,13080.0,C,게으르다,geeureuda,형,adjective,,Lazy,,1,1,
5748,13162.0,C,기념품,ginyeompum,명,noun,記念品,A momento,,1,1,
5749,13192.0,A,냉면,naengmyeon,명,noun,冷麵,Cold noodles soup,,1,1,
5750,13214.0,C,단풍,danpung,명,noun,丹楓,Fall foliage,,1,1,
5751,13235.0,B,독일어,dogireo,명,noun,獨逸語,German,,1,1,
5752,13255.0,B,떡볶이,tteokbokki,명,noun,,tteokbokki (stir-fried tteoks seasoned with red pepper paste),,1,1,
5753,13326.0,C,문학적,munhakjeok,명,noun,文學的,Literary,,1,1,
5754,13330.0,C,미끄럽다,mikkeureopda,형,adjective,,To be slippery,,1,1,
5755,13378.0,C,복숭아,boksunga,명,noun,,Peach,,1,1,
5756,13411.0,A,비빔밥,bibimbap,명,noun,,Vegetarian dish of rice and vegetables,,1,1,
5757,13584.0,A,여든,yeodeun,수,numeral,,Eighty,,1,1,
5758,13623.0,C,외아들,oeadeul,명,noun,,The only son,,1,1,
5759,13671.0,B,이따가,ittaga,부,adverb,,A little later,,1,1,
5760,13695.0,A,일흔,ilheun,수,numeral,,Seventy,,1,1,
5761,13715.0,C,장인,jangin,명,noun,丈人,"A man’s father in law, the wife\\`s father",,1,1,
5762,13987.0,A,화요일,hwayoil,명,noun,火曜日,Tuesday,,1,1,
5763,14028.0,B,강아지,gangaji,명,noun,,Puppy,,1,1,
5764,14205.0,B,닷새,dassae,명,noun,,Five days,,1,1,
5765,14242.0,C,동서남북,dongseonambuk,명,noun,東西南北,everywhere; all directions,,1,1,
5766,14518.0,A,선물하다,seonmulhada,동,verb,膳物-,Give a gift,,1,1,
5767,14611.0,A,얼음과자,eoreumgwaja,명,noun,얼음菓子,Ice cream,alternative: 아이스크림,1,1,
5768,14690.0,C,외할아버지,oeharabeoji,명,noun,外-,A maternal grandfather,,1,1,
5769,14695.0,A,요리하다,yorihada,동,verb,料理-,To cook (food),,1,1,
5770,14774.0,C,입국,ipguk,명,noun,入國,Entering a country,,1,1,
5771,14862.0,B,주차,jucha,명,noun,駐車,Parking,,1,1,
5772,14922.0,C,체육관,cheyukgwan,명,noun,體育館,Gymnasium,,1,1,
5773,14932.0,C,최소,choeso,명,noun,最小,"At the least, the minimum",,1,1,
5774,14947.0,A,칠,chil,수,numeral,七,Seven,,1,1,
5775,14950.0,C,칼국수,kalguksu,명,noun,,Knife-cut noodles,,1,1,
5776,14960.0,C,큰아버지,keunabeoji,명,noun,,Uncle older than one’s father,,1,1,
5777,15078.0,B,홍차,hongcha,명,noun,紅茶,"Tea, black tea",,1,1,
5778,15251.0,C,국민적,gukminjeok,명,noun,國民的,National or for citizens,,1,1,
5779,15255.0,C,국제선,gukjeseon,명,noun,國際線,International airline,,1,1,
5780,15360.0,A,다섯째,daseosjjae,수,numeral,,Fifth,,2,1,surface_duplicate
5781,15425.0,C,동양인,dongyangin,명,noun,東洋人,"Oriental person, Asian",,1,1,
5782,15475.0,A,맛없다,maseopsda,형,adjective,,Bad flavor,,1,1,
5783,15575.0,A,백,baek,수,numeral,百,Hundreds of,,2,2,surface_duplicate
5784,15648.0,A,사십,sasip,수,numeral,四十,40.0,,1,1,
5785,15800.0,C,안과,angwa,명,noun,眼科,Ophthalmology,,1,1,
5786,15856.0,B,연락처,yeonrakcheo,명,noun,連絡處,a way to make contact (usually means a phone number),,1,1,
5787,15860.0,B,연세,yeonse,명,noun,年歲,"Age, years of age",,1,1,
5788,15879.0,C,예식장,yesikjang,명,noun,禮式場,A ceremony hall,,1,1,
5789,15942.0,C,월세,wolse,명,noun,月貰,Monthly rent,,1,1,
5790,15946.0,B,위층,wicheung,명,noun,-層,The upper floor,,1,1,
5791,15996.0,B,인삼차,insamcha,명,noun,人蔘茶,Ginseng tea,,1,1,
5792,16173.0,C,진찰,jinchal,명,noun,診察,"A medical diagnosis, investigation",,1,1,
5793,16217.0,B,초록색,choroksaek,명,noun,草綠色,Green,,1,1,
5794,16227.0,B,축구공,chukgugong,명,noun,蹴球-,A soccer ball,,1,1,
5795,16252.0,C,큰딸,keunttal,명,noun,,Oldest daughter,,1,1,
5796,16291.0,A,팔,pal,수,numeral,八,eight,,2,2,surface_duplicate
5797,16464.0,C,결석,gyeolseok,명,noun,缺席,Absent,,1,1,
5798,16599.0,B,김치찌개,gimchijjigae,명,noun,,Spicy cabbage soup,,1,1,
5799,16643.0,B,녹차,nokcha,명,noun,綠茶,Green tea,,1,1,
5800,16709.0,C,독감,dokgam,명,noun,毒感,Influenza,,1,1,
5801,16774.0,B,만두,mandu,명,noun,饅頭,Chinese dumplings,,1,1,
5802,16889.0,B,발음하다,bareumhada,동,verb,發音-,Pronounce,,1,1,
5803,16935.0,C,보라색,borasaek,명,noun,-色,Purple,,1,1,
5804,16943.0,B,복습하다,bokseuphada,동,verb,復習-,To review,,1,1,
5805,17164.0,B,스케이트,seukeiteu,명,noun,skate,Skate,,1,1,
5806,17194.0,A,실례하다,sillyehada,동,verb,失禮-,To be impolite,,1,1,
5807,17283.0,A,여섯,yeoseos,수,numeral,,Six,,1,1,
5808,17294.0,C,연두색,yeondusaek,명,noun,軟豆色,Light green,,1,1,
5809,17329.0,C,온돌,ondol,명,noun,溫突,The korean under-floor heating system,,1,1,
5810,17406.0,A,육,yuk,수,numeral,六,The number six,,1,1,
5811,17461.0,A,일곱,ilgop,수,numeral,,Seven,,1,1,
5812,17710.0,C,출입국,churipguk,명,noun,出入國,Entry into a country,,1,1,
5813,17752.0,C,클래식,keullaesik,명,noun,classic,Classic,,1,1,
5814,17797.0,C,팝송,papsong,명,noun,popsong,Pop song,,1,1,
5815,17800.0,C,팩스,paekseu,명,noun,fax,Fax,,1,1,
5816,18114.0,C,국내선,guknaeseon,명,noun,國內線,Domestic airline,,1,1,
5817,18402.0,C,떡국,tteokguk,명,noun,,"Korean dish consisting of sliced tteok, beef, and egg, traditionally eaten during the Korean New Year",,1,1,
5818,18638.0,B,복습,bokseup,명,noun,復習,Reviewing,,1,1,
5819,18764.0,A,삼십,samsip,수,numeral,三十,30.0,,1,1,
5820,18828.0,B,성함,seongham,명,noun,姓銜,Your (his) esteemed name,,1,1,
5821,18841.0,B,세탁소,setakso,명,noun,洗濯所,Laundromat,,1,1,
5822,18933.0,C,시외버스,sioebeoseu,명,noun,市外bus,Inter-city bus,,1,1,
5823,19003.0,C,야구장,yagujang,명,noun,野球場,Baseball field,,1,1,
5824,19100.0,A,오십,osip,수,numeral,五十,Fifty,,1,1,
5825,19150.0,B,운동복,undongbok,명,noun,運動服,Exercise clothes,,1,1,
5826,19302.0,C,작은아들,jageunadeul,명,noun,,Younger son,,1,1,
5827,19306.0,C,잠자리,jamjari,명,noun,곤충,dragonfly,,2,2,surface_duplicate
5828,19443.0,B,주차하다,juchahada,동,verb,駐車-,To park,,1,1,
5829,19454.0,A,중국어,junggugeo,명,noun,中國語,Chinese,,1,1,
5830,19549.0,B,청소기,cheongsogi,명,noun,淸掃機,A vacuum cleaner,,1,1,
5831,19607.0,A,칠십,chilsip,수,numeral,七十,Seventy,,1,1,
5832,19748.0,B,필통,piltong,명,noun,筆筒,Pencil case,,1,1,
5833,19755.0,B,학생증,haksaengjeung,명,noun,學生證,Student identification,,1,1,
5834,19808.0,C,형수,hyeongsu,명,noun,兄嫂,The wife of one’s older brother,,1,1,
5835,20070.0,B,공항버스,gonghangbeoseu,명,noun,空港bus,Bus to the airport,,1,1,
5836,20077.0,C,관광버스,gwangwangbeoseu,명,noun,觀光bus,Tourist bus,,1,1,
5837,20155.0,C,그저께,geujeokke,명,noun,,The day before yesterday,,1,1,
5838,20268.0,C,냉방,naengbang,명,noun,冷房,A cold or unheated room,,1,1,
5839,20303.0,C,눈병,nunbyeong,명,noun,-病,An eye disease,,1,1,
5840,20314.0,A,다섯째,daseosjjae,관,attributive,,Fifth,,2,2,surface_duplicate
5841,20677.0,C,배추김치,baechugimchi,명,noun,,Pickled cabbage,,1,1,
5842,20886.0,A,사탕,satang,명,noun,沙糖,Sugar,,1,1,
5843,20933.0,C,색연필,saegyeonpil,명,noun,色鉛筆,Colored pencil,,1,1,
5844,21016.0,C,소아과,soagwa,명,noun,小兒科,Pediatrics,,1,1,
5845,21230.0,C,양력,yangryeok,명,noun,陽曆,The solar calendar,,1,1,
5846,21340.0,A,예순,yesun,수,numeral,,Sixty,,1,1,
5847,21348.0,A,오,o,수,numeral,五,five,,2,2,surface_duplicate
5848,21595.0,C,작은어머니,jageuneomeoni,명,noun,,An aunt younger than your mother,,1,1,
5849,21959.0,C,축구장,chukgujang,명,noun,蹴球場,Soccer field,,1,1,
5850,22156.0,C,조선글날,joseongeulnal,명,noun,,Korean writing system national holiday (January 15),alternative: 한글날 (October 9),1,1,
5851,22159.0,C,조선료리,joseonryori,명,noun,朝鮮料理,Korean food,alternative: 한식 (韓食),1,1,
5852,22829.0,C,넉,neok,관,attributive,~달,The fourth,,1,1,
5853,23197.0,B,메일,meil,명,noun,mail,Mail,,1,1,
5854,23452.0,C,복사기,boksagi,명,noun,複寫機,Memeograph,,1,1,
5855,23601.0,B,빗,bis,명,noun,~으로빗다,A comb,,1,1,
5856,23768.0,B,설렁탕,seolleongtang,명,noun,-湯,Beef soup with rice,,1,1,
5857,24036.0,A,십,sip,수,numeral,十,10.0,,1,1,
5858,24058.0,C,아드님,adeunim,명,noun,,Your esteemed son,,1,1,
5859,24937.0,A,천,cheon,수,numeral,千,thousand,,3,3,surface_duplicate
5860,25684.0,C,결석하다,gyeolseokhada,동,verb,缺席-,To be absent,,1,1,
5861,26081.0,C,기념일,ginyeomil,명,noun,記念日,Commemoration day,,1,1,
5862,26135.0,B,까만색,kkamansaek,명,noun,-色,Black,,1,1,
5863,26255.0,C,내후년,naehunyeon,명,noun,來後年,The year after next year,,1,1,
5864,26587.0,C,따님,ttanim,명,noun,,"honorific of 딸 (ttal, “daughter”)",,1,1,
5865,27846.0,A,쉰,swin,수,numeral,,50.0,,1,1,
5866,27910.0,B,시아버지,siabeoji,명,noun,媤-,one’s husband’s father,,1,1,
5867,27929.0,C,식품점,sikpumjeom,명,noun,食品店,Grocery store,,1,1,
5868,28129.0,C,약혼녀,yakhonnyeo,명,noun,約婚女,A girl who is engaged,,1,1,
5869,28175.0,C,어저께,eojeokke,명,noun,,Yesterday,,1,1,
5870,28312.0,B,영상,yeongsang,명,noun,零上,above zero,,2,2,surface_duplicate
5871,28328.0,B,예매하다,yemaehada,동,verb,豫買-,Advance purchase,,1,1,
5872,28337.0,C,예습,yeseup,명,noun,豫習,Preparation of lessons,,1,1,
5873,28338.0,C,예습하다,yeseuphada,동,verb,豫習-,"To prepare lessons, rehearse",,1,1,
5874,28580.0,A,육십,yuksip,수,numeral,六十,Sixty,,1,1,
5875,29478.0,C,출석하다,chulseokhada,동,verb,出席-,"attendance,presence",,1,1,
5876,29578.0,C,큰어머니,keuneomeoni,명,noun,,The wife of the elder brother of one’s father,,1,1,
5877,29719.0,A,팔십,palsip,수,numeral,八十,80.0,,1,1,
5878,32365.0,C,멍멍,meongmeong,부,adverb,,A bruise,,1,1,
5879,33246.0,C,분필,bunpil,명,noun,粉筆,Chalk,,1,1,
5880,34677.0,C,약혼자,yakhonja,명,noun,約婚者,"A fiance, an engaged person",,1,1,
5881,34701.0,C,양식,yangsik,명,noun,洋食,Western food,,2,2,surface_duplicate
5882,34770.0,B,억,eok,수,numeral,億,One hundred million,,1,1,
5883,34841.0,A,여덟,yeoteolp,수,numeral,,Eight,,1,1,
5884,35141.0,C,외과,oegwa,명,noun,外科,Surgery,,1,1,
5885,36191.0,C,제과점,jegwajeom,명,noun,製菓店,Confectionary store,,1,1,
5886,36464.0,C,중식,jungsik,명,noun,中食.중국음식,Chinese food,,1,1,
5887,37160.0,C,케첩,kecheop,명,noun,ketchup,Ketchup,,1,1,
5888,37520.0,C,편의점,pyeonuijeom,명,noun,便宜店,Convenient store,,1,1,
5889,38470.0,B,갈비탕,galbitang,명,noun,-湯,Beef-rib soup,,1,1,
5890,38923.0,B,검정색,geomjeongsaek,명,noun,-色,A large sum of money,,1,1,
5891,44499.0,C,미용실,miyongsil,명,noun,美容室,Beauty salon,,1,1,
5892,49265.0,A,아흔,aheun,수,numeral,,Ninety,,1,1,
5893,51771.0,A,이십,isip,수,numeral,二十,Twenty,,1,1,
5894,52043.0,C,일식,ilsik,명,noun,日食.일본음식,Japanese food,,1,1,
5895,52406.0,C,작은딸,jageunttal,명,noun,,Younger daughter,,1,1,
5896,52763.0,A,저곳,jeogos,대,pronoun,,That place over there,,1,1,
5897,55056.0,C,초등학생,chodeunghaksaeng,명,noun,初等學生,An elementary school student,,1,1,
5898,57151.0,B,하얀색,hayansaek,명,noun,-色,White,,1,1,
5899,Not Classified,B,강원도,gangwondo,고,place name,江原道,Region surrounding seoul,,1,1,
5900,Not Classified,B,경기도,gyeonggido,고,place name,京畿道,Region surrounding seoul,,1,1,
5901,Not Classified,A,경복궁,gyeongbokgung,고,place name,景福宮,Region surrounding seoul,,1,1,
5902,Not Classified,B,경상도,gyeongsangdo,고,place name,慶尙道,Kyung-San-Do province (ulsan or kyungju),,1,1,
5903,Not Classified,A,경주,gyeongju,고,place name,慶州,Region surrounding seoul,,1,1,
5904,Not Classified,C,고구려,goguryeo,고,place name,高句麗,Region surrounding seoul,,1,1,
5905,Not Classified,C,고려,goryeo,고,place name,高麗,Region surrounding seoul,,1,1,
5906,Not Classified,B,광주,gwangju,고,place name,光州,Region surrounding seoul,,1,1,
5907,Not Classified,A,구십,gusip,수,numeral,九十,90.0,,1,1,
5908,Not Classified,B,그렇게,geureohge,불,expression,그러하게,And so. like that,,1,1,
5909,Not Classified,C,금강산,geumgangsan,고,place name,金剛山,The Diamond Mountains,,1,1,
5910,Not Classified,B,김포공항,gimpogonghang,고,place name,金浦空港,KimPo Domestic (sometimes international) airport,,1,1,
5911,Not Classified,C,깍두기,kkakdugi,명,noun,,Sliced white radish kimchee,,1,1,
5912,Not Classified,A,남대문,namdaemun,고,place name,南大門,Seoul’s old south gate,,1,1,
5913,Not Classified,A,남대문시장,namdaemunsijang,고,place name,南大門市場,Shopping center in seoul,,1,1,
5914,Not Classified,C,남미,nammi,고,place name,南美,South america,,1,1,
5915,Not Classified,B,남산,namsan,고,place name,南山,Mountain in south central seoul,,1,1,
5916,Not Classified,B,뉴욕,nyuyok,고,place name,NewYork,New york,,1,1,
5917,Not Classified,B,대구,daegu,고,place name,大邱,Daegu city,,1,1,
5918,Not Classified,B,대전,daejeon,고,place name,大田,Daejon city,,1,1,
5919,Not Classified,C,대학로,daehakro,고,place name,大學路,"Daehangno, neighborhood in Seoul north of the Han River",,1,1,
5920,Not Classified,B,남조선,namjoseon,고,place name,南朝鮮,South Korea,alternative: 대한민국 (Hanja: 大韓民國),1,1,
5921,Not Classified,B,덕수궁,deoksugung,고,place name,德壽宮,Deoksugung Palace,,1,1,
5922,Not Classified,B,도쿄(동경),dokyo(donggyeong),고,place name,東京,Tokyo,,1,1,
5923,Not Classified,A,독일,dogil,고,place name,獨逸,Germany,,1,1,
5924,Not Classified,B,동대문,dongdaemun,고,place name,東大門,"Sungnyemun, one of the Eight Gates in the Fortress Wall of Seoul",,1,1,
5925,Not Classified,B,동대문시장,dongdaemunsijang,고,place name,東大門市場,"Dongdaemun Market, large commercial district in Jongno-gu, Seoul",,1,1,
5926,Not Classified,A,러시아,reosia,고,place name,Russia,Russia,,1,1,
5927,Not Classified,B,런던,reondeon,고,place name,London,London,,1,1,
5928,Not Classified,A,미국,miguk,고,place name,美國,America,,1,1,
5929,Not Classified,C,백두산,baekdusan,고,place name,白頭山,Mt. Paekdu (sacred mountain in North),,1,1,
5930,Not Classified,C,백제,baekje,고,place name,百濟,Historical Korean government,,1,1,
5931,Not Classified,B,베이징(북경),beijing(bukgyeong),고,place name,北京,Beijing,,1,1,
5932,Not Classified,A,부산,busan,고,place name,釜山,"Busan, city in SE Korea, with largest beach in S.Korea",,1,1,
5933,Not Classified,B,조선,joseon,고,place name,朝鮮,North Korea,alternative: 북한 (Hanja: 北韓),3,1,surface_duplicate
5934,Not Classified,A,서울,seoul,고,place name,,Seoul,,1,1,
5935,Not Classified,A,서울역,seouryeok,고,place name,-驛,Seoul train station,,1,1,
5936,Not Classified,A,설악산,seoraksan,고,place name,雪嶽山,Famous mountain,,1,1,
5937,Not Classified,C,세종대왕,sejongdaewang,고,place name,世宗大王,"King sejong, who invented Hangul",,1,1,
5938,Not Classified,C,신라,sinra,고,place name,新羅,One dynasty in ancient korea,,1,1,
5939,Not Classified,B,아시아,asia,고,place name,Asia,Asia,,1,1,
5940,Not Classified,B,아프리카,apeurika,고,place name,Africa,Africa,,1,1,
5941,Not Classified,C,안동,andong,고,place name,安東,"간고등어 fish common in this city, ANDONG",,1,1,
5942,Not Classified,A,영국,yeongguk,고,place name,英國,England,,1,1,
5943,Not Classified,B,울산,ulsan,고,place name,蔚山,"Ulsan, home of hyundai car company and hyundai shipbuilding in kyungsamnamdo",,1,1,
5944,Not Classified,B,유럽,yureop,고,place name,Europe,Europe,,1,1,
5945,Not Classified,B,이렇게,ireohge,불,expression,이러하게,In this way,,1,1,
5946,Not Classified,A,인천,incheon,고,place name,仁川,Incheon city,,1,1,
5947,Not Classified,B,인천공항,incheongonghang,고,place name,仁川空港,Incheon international airport,,1,1,
5948,Not Classified,A,일본,ilbon,고,place name,日本,Japan,,1,1,
5949,Not Classified,B,저렇게,jeoreohge,불,expression,저러하게,Like that,,1,1,
5950,Not Classified,B,전라도,jeonrado,고,place name,全羅道,South-western region of south korea,,1,1,
5951,Not Classified,C,전주,jeonju,고,place name,全州,Junju,,1,1,
5952,Not Classified,A,제주도,jejudo,고,place name,濟州島,Tourist island off south S.Korea,,1,1,
5953,Not Classified,C,조선,joseon,고,place name,朝鮮,Name for ancient korea culture,,3,2,surface_duplicate
5954,Not Classified,B,종로,jongro,고,place name,鍾路,Famous street in Seoul,,1,1,
5955,Not Classified,A,중국,jungguk,고,place name,中國,China,,1,1,
5956,Not Classified,C,지리산,jirisan,고,place name,智異山,"Chili mountain, very beautiful",,1,1,
5957,Not Classified,B,충청도,chungcheongdo,고,place name,忠淸道,Area around daejon city,,1,1,
5958,Not Classified,A,캐나다,kaenada,고,place name,Canada,Canada,,1,1,
5959,Not Classified,B,파리,pari,고,place name,Paris,Paris,,2,2,surface_duplicate
5960,Not Classified,C,평양,pyeongyang,고,place name,平壤,Capital of North Korea,,1,1,
5961,Not Classified,A,프랑스,peurangseu,고,place name,France,France,,1,1,
5962,Not Classified,A,한강,hangang,고,place name,漢江,"The han river, runs through Seoul",,1,1,
5963,Not Classified,A,조선,joseon,고,place name,朝鮮,Korea,alternative:  한국 (Hanja: 韓國),3,3,surface_duplicate
5964,Not Classified,B,한나산,hallasan,고,place name,漢拏山,Halla-san mountain,alt spelling: 한라산,1,1,
5965,Not Classified,C,조선반도,joseonbando,고,place name,朝鮮半島,The Korean peninsula,alternative:  한반도 (Hanja: 韓半島),1,1,
5966,Not Classified,A,호주,hoju,고,place name,濠洲,Australia,,1,1,
5967,Supplemental,,조국통일 만세!,joguktongil manse!,,expression,祖國統一萬歲,"""Long Live the Reunification of the Homeland""",,1,1,missing_pos
5968,Supplemental,,벗꽃,beoskkocc,,noun,,cherry blossom,,1,1,missing_pos
5969,Supplemental,,공화국의 영원한 주석,gonghwagugui yeongwonhan juseok,,noun,共和國永遠主席,Eternal President of the Republic,,1,1,missing_pos
5970,Supplemental,,영원한 주석 김일성,yeongwonhan juseok gimilseong,,Name,金日成,Kim Il-Sung,,1,1,missing_pos
5971,Supplemental,,김정일,gimjeongil,,Name,金正日,Kim Jong-Il,,1,1,missing_pos
5972,Supplemental,,최고령도자,choegoryeongdoja,,noun,最高齡道者,Supreme Leader,,1,1,missing_pos
5973,Supplemental,,위대한 수령,widaehan suryeong,,noun,偉大한 首領,Great Leader,,1,1,missing_pos
5974,Supplemental,,친애하는 령도자,chinaehaneun ryeongdoja,,noun,親愛하다 領導者,Dear Leader,,1,1,missing_pos
5975,Supplemental,,김정은,gimjeongeun,,Name,金正恩,Kim Jong-Un,,1,1,missing_pos
5976,Supplemental,,조국해방전쟁,jogukhaebangjeonjaeng,,Name,祖國解放戰爭,Korean War,alternative:  한국 전쟁 (Hanja: 韓國戰爭),1,1,missing_pos
5977,Supplemental,,주체,juche,,noun,主體,Juche (ideology of North Korea),,1,1,missing_pos
5978,Supplemental,,아리랑,arirang,,Name,,"Arirang, famous Korean folk song in North and South",,1,1,missing_pos
5979,Supplemental,,맵시난다,maepsinanda,,adjective,,"stylish, cool (North)",,1,1,missing_pos
5980,Supplemental,,일없습니다,ileopsseupnida,,expression,,"""No worries"" (North) ""That's useless"" (South)",,1,1,missing_pos
